info-network_id,info-layer_i,info-layer_j,info-layer_distance,r2_y_given_hip1,r2_y_given_hip1_hi,delta_r2_y_hi_given_hip1,r2_residual_y_given_hi_after_hip1,cmi_proxy_hi_y_given_hip1,varfrac_yhat_from_hip1,varfrac_yhat_from_hip1_hi,varfrac_increment_hi_given_hip1,nonlin_mse_rev,nonlin_prop_perfect_perdim_avg,cka,trustworthiness,dec_lin_i,dec_lin_j,dec_lin_diff,dec_lin_ratio,cond_gain_R2,grad_norm_i,grad_norm_j,grad_norm_diff,grad_norm_rel_diff,grad_norm_log_ratio,y_nonlin_asym,label-starts_skip,label-skip_start_count,label-recieved_skips,label-num_recieved_skips,label-not_in_skip_range,split
1a89af81-e4aa-4c11-8312-a21ec174817a,1,0,-1,-1.7639121026550801,0.1428768705908597,3.022813558508686,2.1164637492743794,2.6571599907985917,-1.5220081902031728,0.08221868548054148,2.518361760434371,0.34130732532162145,-0.11249876537739534,0.033328967449174414,0.3217699861428073,0.20163507061918007,-0.29352610893819875,2.1054296415211846,-0.002278910195149377,2.2246633209337303,-1.2642846490933364,-1.2259786104509225,-0.6275802796051119,-0.7915241231495517,-0.7440784590275774,0.03358215783071461,1,1,0,0,0,train
1a89af81-e4aa-4c11-8312-a21ec174817a,2,1,-1,0.1694938596413193,0.14216321626940262,-0.10741181695154443,-0.7258048935295288,-0.4955311711479368,0.1283407064376327,0.08206948007615926,-0.11850529463433383,0.41923704248859395,-0.10653234413874225,0.24080525970211666,0.2912614554299389,0.2016093295514371,0.20774066875170533,-0.020889732402281404,-0.0022860376018897757,-0.07684732552693228,-1.0562822220990755,-1.133878454875149,-0.49900951760133583,-0.04360251775834623,-0.11169459724128276,0.03358215720405747,1,3,1,1,0,train
1a89af81-e4aa-4c11-8312-a21ec174817a,3,2,-1,0.16760132887557466,0.14618563153579703,-0.0996254459826267,0.737072970515998,0.45202751648953493,0.12492196479622489,0.08817584940365397,-0.10660424136686064,0.37091809183405167,0.2678600595935133,0.3479406694509255,0.29126145542993437,0.2024163120251792,0.20771477364583588,-0.01733645498746877,-0.0022860267908613326,-0.07409034363739714,-0.8426156081308589,-0.9058687823266645,-0.44334418379174745,-0.010756840510214553,-0.08280421028545631,0.033582156513097455,0,0,1,1,0,train
1a89af81-e4aa-4c11-8312-a21ec174817a,4,3,-1,0.17313772450573076,0.14623343613149273,-0.10853045624110574,0.411493269103995,0.4694562525374905,0.1338384125907074,0.08842084099356552,-0.12059142670700664,1.1536081249026893,-0.5838450474790351,-1.4086108901632697,0.07770174043984432,0.20187253196910895,0.20852658521484355,-0.02310023342154274,-0.0022860443263993504,-0.07876309353534781,-0.6287101645423835,-0.671650098489957,-0.38956362990775395,-0.009485279541340541,-0.08158605131974597,0.033582157373127884,1,1,0,0,0,train
1a89af81-e4aa-4c11-8312-a21ec174817a,5,4,-1,0.17320460713750443,0.14623514343848185,-0.10863670692631497,0.48788150196032737,0.0819981361983089,0.13408886094708364,0.08847978633850666,-0.12092940341151787,1.4848317377399458,-0.7330053295073737,-0.43749396747641733,-0.0138238516987699,0.20184357326789812,0.20797955110335115,-0.020903462222276816,-0.002286037643646691,-0.07876309353534781,-0.3346942701718302,-0.4371696125949903,-0.292697514400592,0.4434499236372033,0.3270201498776407,0.03358215711859079,0,0,1,1,0,train
1a89af81-e4aa-4c11-8312-a21ec174817a,6,5,-1,0.17322318564633046,0.14624026535944926,-0.10866076368523027,-0.7017569995521288,0.067212203067485,0.13419098551958658,0.08849636471677134,-0.12107508302553133,1.8065025425822205,-0.7330053295073737,0.21306244555408915,0.16922733257845401,0.20163828825264796,0.207950419109248,-0.021655856358025395,-0.0022860399327473756,-0.07876309353534781,0.04231489488417497,-0.11487304727015676,-0.181945560072221,0.8803731792321748,0.7503302764424947,0.03358215680640555,0,0,1,1,0,train
1a89af81-e4aa-4c11-8312-a21ec174817a,7,6,-1,0.17321946994456527,0.14624026535944926,-0.10865474949550144,0.23935627636872797,0.347420097666118,0.13415815976413922,0.08853504759938896,-0.12098184807256271,0.8760646564532729,-0.8001274128559781,0.3194056622691515,-0.9392492833225597,0.20163796648930116,0.20774390563993902,-0.02078126682431765,-0.002286037271879224,-0.07876309353534781,0.5481566423800459,0.29839970879518074,-0.03854322769628355,1.4827798366925473,1.4074454416586113,0.03358215728738302,0,0,1,1,0,train
1a89af81-e4aa-4c11-8312-a21ec174817a,8,7,-1,0.17322318564633046,0.14624026535944926,-0.10866076368523027,-1.4373968654564904,1.2164407590020407,0.13427487356128542,0.08852031126315367,-0.12118385713732804,0.5935301941450793,1.538705045108747,0.2859241322001412,-1.9562003070849368,0.20063889129752716,0.20774358195111564,-0.02504300295089354,-0.0022860502383626824,-0.07876309353534781,1.0407812649657564,0.8528971388230964,0.083854051224775,1.4254473413513977,1.3400310263411512,0.03358215755559269,0,0,1,1,0,train
dd250f9e-9ea5-4b0f-b671-830f9e54364e,1,0,-1,-0.09661603081190773,-0.08154180390255261,0.06063466772135191,-0.6765253466112932,-0.5378635663004289,-0.13467626696879728,-0.1717473331982973,0.03406399392453953,0.030331359960964067,-1.4540086030034554,-0.8864820819093714,0.3522785168556757,0.15999503238476573,0.1399900085101344,0.08891587599302578,-0.0022856992969113956,0.04793025643313398,0.3523040897171109,0.6087741493156198,-0.32994353954338496,-1.1469359694395658,-1.035672608526988,0.0335821557264139,1,3,0,0,0,train
dd250f9e-9ea5-4b0f-b671-830f9e54364e,2,1,-1,-0.0002951325197425785,0.1311545008034811,0.15448008424992482,1.7991059795523214,0.9903526183257159,-0.0436115425141854,0.07015146814587547,0.14365002677002717,-0.21334596241318635,-1.4631446670492767,0.36522037999952084,0.39295655780617594,0.2001485239570236,0.16585145074196764,0.15055727584442757,-0.0022855119147883875,0.10688954029181814,0.3946477202012869,0.6382060073504199,-0.27533465592968287,-1.0503696520605033,-0.9566431760609123,0.03358215720637911,1,1,0,0,0,train
dd250f9e-9ea5-4b0f-b671-830f9e54364e,3,2,-1,0.16167106885830682,0.13237693260769942,-0.10624105468433333,-1.4408988611174471,-0.5380117464883142,0.12110445101456753,0.07179641167813876,-0.11777689656426651,0.20542898513860985,-0.2101988353672182,0.33227679182166947,0.33193949638043235,0.20064564832780968,0.2062452263877438,-0.018658636653026948,-0.002286030811920168,-0.0732461572690651,0.37964778377478614,0.6846225682565933,3.6322471674071375,-1.4081758632415822,-1.2491260769775265,0.033582157620900506,0,0,1,1,0,train
dd250f9e-9ea5-4b0f-b671-830f9e54364e,4,3,-1,0.16156455207437093,0.14107736902431484,-0.09585254429274431,0.20218821897007747,-0.5393845834670707,0.12189348491402474,0.08084083804254268,-0.10950035209344829,-0.07787711514223243,-0.8993190570382157,0.3522803350057226,0.27092243495468427,0.2017219467228126,0.20674532561984782,-0.016187269053852784,-0.002286023291908452,-0.07254613653053622,0.41172807867473155,0.66817982457193,-0.2977385981916447,-1.1143170955643587,-1.0089916839490316,0.03358215608335834,0,0,1,1,0,train
dd250f9e-9ea5-4b0f-b671-830f9e54364e,5,4,-1,0.1677499569461829,0.14501783355523093,-0.10123724882995158,-0.009314535648353675,0.6162938219282995,0.12651219028234204,0.08467596954777465,-0.11283544405692984,0.843245060018682,-1.4135488906616167,0.37051415642097546,0.19973586329132018,0.20255338321091051,0.20782806473401477,-0.01723210835550364,-0.002286026473606534,-0.07473240087528349,0.38710476682384604,0.7033458447049412,3.5792339951180003,-1.4682283546491335,-1.298210445327303,0.03358215738267947,0,0,1,1,0,train
dd250f9e-9ea5-4b0f-b671-830f9e54364e,6,5,-1,0.16895260575085438,0.14621294844762314,-0.10178053063545538,2.0652538923541797,1.5186835672822887,0.1269644562462836,0.08835084339644794,-0.1096829372096785,0.6283373102791097,-1.2177760905132315,0.3805617601268632,-0.20704454621363694,0.20264025931454302,0.20866447665359844,-0.02040918870244198,-0.0022860361400094805,-0.07793376960307793,0.5084556025335796,0.6763540766120885,-0.15026183767134213,-0.5625188285640296,-0.5536641180319489,0.03358215732249196,0,0,1,1,0,train
dd250f9e-9ea5-4b0f-b671-830f9e54364e,7,6,-1,0.17320832283926965,0.14623343613149273,-0.1086447258459534,0.4308926042184437,0.23628236500385297,0.13415937553285948,0.0885626782298301,-0.12095465454461353,-0.4467900527627305,-1.087260890414308,0.3811799918525235,-0.6646725069067035,0.2026164488268808,0.2087518726359079,-0.020881494510284156,-0.0022860375767679905,-0.07878390094583487,0.7682754291560284,0.8093773528954211,-0.024315139297775006,0.25338388068609274,0.15260189106081037,0.03358215608717443,0,0,0,0,0,train
dd250f9e-9ea5-4b0f-b671-830f9e54364e,8,7,-1,0.173214515675545,0.14624367997342752,-0.10864272111604378,1.654919785915799,0.25088481350494857,0.13428338394232733,0.08858662477621244,-0.12112752768657618,0.8054031151175011,-1.0422331426461096,0.23000226246996222,-0.37992622025322675,0.20260550887309,0.20872791966297863,-0.020826575230302506,-0.002286037409705786,-0.07875714856092293,0.951575795500851,1.0941886142150943,-0.004692046675621216,-0.18948518517138976,-0.23768833545118465,0.03358215727504932,0,0,1,1,0,train
dd250f9e-9ea5-4b0f-b671-830f9e54364e,9,8,-1,0.17322690134809568,0.14624197266643837,-0.10866477314504948,-1.247031243704058,0.49444546197767364,0.13433201469113826,0.08858109865012422,-0.12121105066527722,-0.5886867140780999,0.609436710871697,0.3826968006426445,-1.7223015716195806,0.2026035782930093,0.2087169142429841,-0.020788131734315353,-0.002286037292761339,-0.07876309353534781,1.502519913481966,1.2951201952175286,0.2053307065131667,1.670470124163298,1.6374916851768866,0.03358215708363151,0,0,0,0,1,train
33a54d6e-e4ee-4aa4-9ef3-06f2bfc0b3ae,1,0,-1,-2.371343880125567,-2.2100465491740757,1.2431787326112305,0.0713668143279769,-0.33064946948268314,-2.479856439545172,-2.7002079044478715,1.1146745803844866,-0.2656440135827822,-1.2470115079067587,-0.03633316929199942,0.39295655780617594,-5.185965367234685,-5.220202281383437,0.013587675131528627,-0.0019017027796252616,0.0757923696624734,-2.0203460709447874,-2.083555017712945,-0.7910585088686056,-0.6276336626125563,-0.6101132785225023,0.03358214615437724,1,1,0,0,0,train
33a54d6e-e4ee-4aa4-9ef3-06f2bfc0b3ae,2,1,-1,-2.1203568958567263,-2.831811901169088,0.10685371578736592,-1.1088490880922375,-0.5353604512992637,-2.66240411289417,-3.523740686788452,0.5379270461103318,0.08576241749691176,-0.36368466388321036,0.30776430534841226,0.362448027093303,-5.195487846018919,-5.212099918812849,-0.06141283756420498,-0.002356106356405163,-0.14644662591112423,-1.795967653865652,-1.9626635787508793,-0.6783131929955022,0.054375833404880836,-0.02816827783972427,0.03358215840846771,0,0,1,1,0,train
33a54d6e-e4ee-4aa4-9ef3-06f2bfc0b3ae,3,2,-1,-3.122439550645957,-3.4228679223505876,1.0347910679672911,-0.682531852202529,-0.5083139638762918,-3.3567855544032383,-4.361696658219314,0.7637110238826649,0.0928685391728191,0.0868538875141817,-0.5712073196910301,0.362448027093303,-5.195066121538823,-5.221679381433424,-0.018980372157452886,0.5450363632557029,-0.0858336500265658,-1.5092633794980372,-1.7167027496179936,-0.5891208570264551,0.405302886427051,0.2897269722106399,0.03358214600447255,0,0,1,1,0,train
33a54d6e-e4ee-4aa4-9ef3-06f2bfc0b3ae,4,3,-1,-3.5550066873441115,-4.296049594258153,0.7096439239279584,-1.05082597152696,-0.4461036056018283,-3.604594476887773,-4.710546261833071,0.7917728023313649,0.45115742396196157,-0.4294642868944935,-0.14944816446529507,0.33193949638043235,-5.203141738212874,-5.2212551332954344,-0.0552389969048049,-0.0036276299249096314,-0.08071106342808933,-1.296464151988717,-1.4024210911707369,-0.5574765407168982,-0.015207511126573502,-0.08722834574443579,0.03358214304998909,0,0,0,0,1,train
33a54d6e-e4ee-4aa4-9ef3-06f2bfc0b3ae,5,4,-1,-4.06143949800004,-1.017706030639188,5.378800214498822,1.4244679149131851,-0.16466034815543062,-4.610764669785745,-2.4028046926735116,4.832764076291996,0.13828781105615512,0.479443533734595,-0.2661487698310294,0.3827870475685486,-5.204578304092349,-5.229379075581895,-0.02690979991573457,-0.0022728853499101196,-0.10827147047534995,-1.1561507138660305,-1.1691532255784314,-0.5557595455094607,-0.44682940772376034,-0.45694469052740966,0.03358215479716391,0,0,0,0,1,train
33a54d6e-e4ee-4aa4-9ef3-06f2bfc0b3ae,6,5,-1,-0.8891145275347264,-0.07370867943641614,1.352560805939266,1.0647877899522535,0.0010023057848650417,-1.844659835107716,-0.38726440859725764,2.538791869503619,0.11725347730933253,0.009066865098045615,-0.2532321427056274,0.27092243495468876,-5.268256984816851,-5.230824238071226,-0.29250034697123833,-0.0017951997958680532,-0.023209785091384088,-0.983301788518772,-1.0153433804587464,-0.4952691275372362,-0.25131407240904835,-0.29099628168494496,0.03358216005697415,1,1,0,0,0,train
33a54d6e-e4ee-4aa4-9ef3-06f2bfc0b3ae,7,6,-1,0.007759270339967713,-0.08646396995221946,-0.11408556282062969,-0.043829846861272226,-0.29453863164246946,-0.6566641354805886,-0.156517329699134,0.8840870601394163,0.9568182556151084,-0.9729295534700461,0.3770510871132924,-0.6545029966690853,-5.239737168811028,-5.294883980870323,0.10091573866901588,-0.0023134988430267168,-0.08358646493376617,-0.7067957260013125,-0.8258685390432022,-0.3903797852458746,0.34701508370572615,0.2377106302425541,0.03358215895307338,0,0,0,0,0,train
33a54d6e-e4ee-4aa4-9ef3-06f2bfc0b3ae,8,7,-1,-0.38078299327677806,0.018984431617524965,0.6386223574202734,1.5654164369333983,-0.4694166134645795,-1.9760467449389036,-0.029547214653920503,3.125909849900679,-0.7388703954210746,-0.3595082312506503,0.3847475368321994,-0.705350547857206,-5.299510718401726,-5.2661934983222505,-0.2758369364053691,-0.002191385262899697,0.2275368396589253,-0.5526998078977379,-0.5227660335420702,-0.3965713785663565,-0.36389890486918686,-0.38664666157998545,0.03358215517539852,0,0,0,0,0,train
33a54d6e-e4ee-4aa4-9ef3-06f2bfc0b3ae,9,8,-1,0.030485740903219156,0.023623184706995936,-0.021605367360499887,-0.29915523717100434,-0.41198375063526843,-0.500200780025049,0.015569920772422762,0.8155729664714577,0.07579489442279863,-1.0345327438487693,0.3787585842603541,-1.0714529164116606,-5.204051470029728,-5.32632474114016,0.386549999426103,-0.0023503379553402154,0.5889308595996263,-0.17883065244148666,-0.3538480053460644,-0.2379990556623653,0.8645473638017118,0.7343145458885751,0.033582162629260344,0,0,0,0,0,train
33a54d6e-e4ee-4aa4-9ef3-06f2bfc0b3ae,10,9,-1,-0.11867243649016714,0.013305928571672756,0.20770566335001905,-0.29145014850773254,0.237309551942737,-1.352644312856816,0.12654190079220898,2.294512407936137,0.18526896415886682,-1.4788064907110785,-10.689837389061292,-7.000277384946416,-5.214527011847146,-5.2302942513603625,-0.06547961024684602,-0.002200323545234676,-0.2324228445922368,0.5357371399952293,0.05598271126336446,-0.026673971069938105,2.2508326455210694,2.4720600516329925,0.033582155053247284,0,0,1,1,0,train
f9dc5598-86d2-4179-8a7a-6523357846f3,1,0,-1,0.17100367312524775,0.14322003929567517,-0.10861465489730927,-1.1623183947413482,-0.5137356272049515,0.13323052823057088,0.08740955991941934,-0.12068660405482876,-0.45078222299794285,-1.1530405445428398,-1.08415163995993,0.12854929162795606,0.2021190026927479,0.2082802580202603,-0.021003689908243323,-0.0022860379485419857,-0.07874377236846697,-0.3891240304954956,-0.18714718430258295,-0.5993038256942418,-1.242702679352253,-1.1139493949424928,0.03358215860416451,0,0,0,0,0,train
f9dc5598-86d2-4179-8a7a-6523357846f3,2,1,-1,0.1701688787953316,0.142504677667229,-0.10810344877035923,-1.0929672410309026,-0.5035588118093115,0.1324135316505474,0.08627117794524386,-0.12058171473273907,0.4581736183370053,-0.4842806808935609,0.35983627751425223,0.1488883121032039,0.2019764615301212,0.20822749674205124,-0.02138812486811486,-0.002286039118101381,-0.07866648770094362,-0.6443558531981838,-0.17453827333328287,3.5720701079366317,-2.856653539008176,-2.474437350344567,0.03358216211777405,0,0,1,1,0,train
f9dc5598-86d2-4179-8a7a-6523357846f3,3,2,-1,0.1663664773222714,0.13807250872344295,-0.10715320679320499,-1.2727009177451358,-0.5371190482929736,0.12851456136463174,0.08099188548895432,-0.11991935808769119,0.6974268925367741,-0.41902308084409917,0.3847254571277115,0.10821027115271045,0.20012889639286957,0.2080841025932991,-0.02866355648368369,-0.0022860612525210213,-0.07850745963507824,-0.6818238831203538,-0.4543202218390978,3.8035911183732782,-1.5483353644425182,-1.3637253863283987,0.03358215841008176,0,0,1,1,0,train
f9dc5598-86d2-4179-8a7a-6523357846f3,4,3,-1,0.12624556822883828,0.10343466452793797,-0.08288595123739932,-0.5096046773659351,-0.4849896205984218,0.10705016460821114,0.05714296733418086,-0.11077456311735272,-0.564246558546136,-0.2681474916062085,0.3876446616937892,0.4031260680437942,0.20041204813804225,0.20622548136951835,-0.019571669682721848,-0.0022860335906090376,-0.07377823248009129,-0.5191351622115312,-0.49539221007040124,-0.3836877585611972,-0.31228545681110464,-0.3428187654988402,0.033582158695362525,0,0,0,0,0,train
f9dc5598-86d2-4179-8a7a-6523357846f3,5,4,-1,0.09445030822397547,0.1316923025050576,0.001757755006072544,1.141850565769179,-0.4576227004281542,0.09313447583596586,0.08311207586480542,-0.06115802897922063,-1.2334746931394245,0.18447915163846934,0.38226390461829146,0.30143096566755717,0.19979812367237243,0.20651032753408244,-0.02339954349744272,-0.0022860452398899365,-0.08029095196254034,-0.5148889213821622,-0.3170548583491352,-0.7293260943691846,-1.2880090003495543,-1.1509602659089433,0.03358215523306782,0,0,1,1,0,train
f9dc5598-86d2-4179-8a7a-6523357846f3,6,5,-1,0.16048328286069613,0.1294232915165015,-0.10778670144464114,-1.2770191872194594,-0.509479946366205,0.12897412194089494,0.08107661942230718,-0.12056423317905746,-1.3835506640242534,-0.019124490813214486,0.3816068661392889,0.3726175373309258,0.1993412197199347,0.20589272925909574,-0.022729528281666612,-0.0022860432015569215,-0.07876606602256025,-0.45935449749128676,-0.31240018198281977,-0.4640611968318196,-0.9682898165524602,-0.889363065512629,0.03358215845590868,1,1,1,1,0,train
f9dc5598-86d2-4179-8a7a-6523357846f3,7,6,-1,0.14790810951998593,0.1453763680229486,-0.06870048239701264,-0.5374738224448404,-0.5368260730400184,0.120456446286662,0.0864240674336849,-0.10131704257559868,-0.38908223982649726,-0.04418346001555744,0.3885880672491799,0.453973619231915,0.2025186327694575,0.20543309112991276,-0.007221696596848736,-0.002285995998843775,-0.062854341974386,-0.2542546473095844,-0.25152403746131075,-0.2987597192947125,-0.06098789097851437,-0.12649929342617094,0.03358215743696104,0,0,0,0,0,train
f9dc5598-86d2-4179-8a7a-6523357846f3,8,7,-1,0.16732388981043933,0.1459858766180686,-0.09941093988229864,0.5762661460060872,-0.40003645069088073,0.1291662133986981,0.08828084579933035,-0.11327442529382376,-0.3329688074180976,0.9498203268401386,0.38263658326676847,0.4234650885190421,0.20270396845720687,0.20862951826067466,-0.019989056210582373,-0.002286034861942749,-0.0778014939221245,-0.12409848856150825,-0.026696133501500074,-0.3031261118874125,-0.5088450410332443,-0.5087522549493119,0.03358215731511211,1,1,1,1,0,train
f9dc5598-86d2-4179-8a7a-6523357846f3,9,8,-1,0.17296060938825594,0.14597904739011208,-0.10854248462056339,-1.2806258161135993,-0.5329725564615886,0.13401713059258755,0.08830110826165387,-0.12100321441595135,-0.5625592452134849,0.26592058372534405,0.3747260273225246,0.17939684281607005,0.202761242332935,0.20881596302293481,-0.020535503046399773,-0.002286036524280902,-0.07835289030003154,-0.022093585706284995,0.11597942834247915,-0.2986948304984176,-0.6809895249252496,-0.6523387360765351,0.033582157301517146,0,0,0,0,0,train
f9dc5598-86d2-4179-8a7a-6523357846f3,10,9,-1,0.1723376100589565,0.1453763680229486,-0.10824177513412217,-1.0586301554189788,-0.5084053694496702,0.13385908065895205,0.08806716892391878,-0.12099738723139082,0.259370622209905,-0.06193348540742897,0.38872589813174047,-0.1968750359760164,0.20272649189148198,0.20887357963349437,-0.020928175898268557,-0.0022860377187612743,-0.07877349724059134,0.09342245979922101,0.22779593372874168,-0.2587725826757504,-0.5981604160864098,-0.5834246728267112,0.0335821568444363,0,0,0,0,0,train
f9dc5598-86d2-4179-8a7a-6523357846f3,11,10,-1,0.17195489277714035,0.1458134386121663,-0.10710910273519361,-0.015895423431341746,0.002895601114663873,0.1332840220542629,0.08808743138624228,-0.1200572681222906,0.16013303500695603,-0.017036274496934466,0.38865965901827687,0.08787125067745809,0.20267211388587494,0.2088386212405706,-0.02101192780024057,-0.0022860379735309346,-0.07851489085310934,0.3329904858658691,0.3544231855854376,-0.13954611707697112,0.13844543829655728,0.04930686261285966,0.03358215609034685,0,0,1,1,0,train
f9dc5598-86d2-4179-8a7a-6523357846f3,12,11,-1,0.17118202680997763,0.14620782652665576,-0.10539505866247872,0.42082201654637363,1.2505671165628092,0.13110901181369441,0.08854978393562424,-0.1160947826211244,-0.07886356128768755,0.14584671414580913,0.3866985798105818,-0.1155189540750137,0.20277218228672575,0.20878391782942135,-0.02035289644046079,-0.0022860359687958743,-0.07826668817087086,0.2868356239682311,0.6170346751045019,3.5383792971413306,-1.602405998207463,-1.4080328815338807,0.03358215705502194,0,0,1,1,0,train
f9dc5598-86d2-4179-8a7a-6523357846f3,13,12,-1,0.17315011017828144,0.14623514343848185,-0.10854849881029222,1.073336562045785,0.4486190423937516,0.13430040470441115,0.08856820435591833,-0.12117414516306048,-0.45480260693510044,-0.12144833500087784,0.38078590258151274,0.1488883121032039,0.2027834440038633,0.2088845850534889,-0.020731839472334163,-0.002286037121525323,-0.0786976988166742,0.5571854680571466,0.5664402897414343,-0.07451272851025531,0.3124517771475593,0.20631061936667625,0.033582155906668486,0,0,0,0,1,train
f9dc5598-86d2-4179-8a7a-6523357846f3,14,13,-1,0.1732182313773102,0.14624026535944926,-0.10865274476559184,-0.29662037336830926,0.014711743733862514,0.13432107277265581,0.08857557252403599,-0.12119939629615616,0.34922745220088586,1.3055178610452849,0.3846846431285067,0.14888831210319714,0.2027834440038633,0.20889591416230677,-0.020779893842318105,-0.002286037267701729,-0.07876309353534781,1.031104149913503,0.8627944251955766,0.07941149245444183,1.3425491220813293,1.2446207108751088,0.033582159187916,0,0,0,0,1,train
ba585a69-519b-4d85-b9c0-fad82a168c01,1,0,-1,0.10797917835108842,0.14554709872186175,-0.0038715265801069123,1.852179746502308,0.2984349779193883,0.08186308403031446,0.08782217733400723,-0.03818338265187071,-0.6163472198604114,-0.827274598374601,0.19605906585256921,0.27092243495468876,0.20238735332396834,0.1922560428194129,0.048110850966661255,-0.002285827065561289,-0.0036334792410073953,0.9351530435078451,0.8413108895865907,0.04549627137578646,0.9828618253940603,0.8551810806150283,0.03358215129696191,1,1,0,0,0,train
ba585a69-519b-4d85-b9c0-fad82a168c01,2,1,-1,0.17248499956230967,0.14623002151751446,-0.1074779730385615,1.5616278250074056,-0.26495086189327127,0.13353447041063915,0.08853873168344778,-0.1199815147230036,0.3449489261609314,1.0229087691928989,-0.1592247899797408,0.2912614554299389,0.20256754079816913,0.2084974532207404,-0.020011023922575033,-0.0022860349287125215,-0.07758598859922283,1.2342070347826817,1.2771177788112356,0.10253053095149081,0.4708585444997321,0.35271714218297023,0.03358215692374774,0,0,1,1,0,train
ba585a69-519b-4d85-b9c0-fad82a168c01,3,2,-1,0.17321946994456527,0.14624026535944926,-0.10865474949550144,-1.5555712485398931,-0.16236927984846664,0.13426514741152323,0.08852767943127132,-0.1211605483990859,1.2072886626552062,1.3055178610452849,-1.0558059829711883,0.12854929162796283,0.20214474376049088,0.20867871896182666,-0.022583992189715248,-0.002286042755789784,-0.07876309353534781,1.7995816118906713,1.6049370432795982,0.28114922870102543,1.7279558549411884,1.7110947547864455,0.03358215927462438,0,0,1,1,0,train
ef4be468-2187-49df-b7ac-fa543fb39f13,1,0,-1,0.1727463372531291,0.14600294968795993,-0.10816760012746668,0.4388161846820541,0.3437023973474511,0.13424326357455832,0.08854978393562424,-0.1211022765534805,-0.013299212297895827,-1.1514743511883812,0.31206181874009614,0.3522785168556802,0.20277443463015327,0.20884995034938847,-0.020623373894370408,-0.002286036791581257,-0.07857879932817673,-0.5413047044276016,-0.3695950868842859,-0.5582046823967006,-1.1537155238170769,-1.041226429131231,0.0335821578537811,0,0,0,0,0,train
ef4be468-2187-49df-b7ac-fa543fb39f13,2,1,-1,0.17288877248746198,0.1458117313051772,-0.1086226738169477,-0.43413561304336756,-0.5277232960648304,0.1342347531935164,0.08849268063271253,-0.12114889402996482,-0.49311937067352424,-1.16974649289382,0.16573560260727802,0.4234650885190466,0.2027683211265643,0.20888685087525247,-0.02080598050030939,-0.0022860373470546037,-0.07874377236846697,-0.5159985809906968,-0.3413568346975914,-0.5535963050604135,-1.1565504018283437,-1.0435435862383151,0.033582157266257566,1,2,1,1,0,train
ef4be468-2187-49df-b7ac-fa543fb39f13,3,2,-1,0.17197966412224172,0.14498198010845914,-0.10812550079936491,-0.7233011547137915,-0.18561623993289822,0.13413384438973375,0.08840794669935965,-0.12107702542038484,-0.7442928874772669,-1.2397026418894088,0.3711752093917031,0.40312606804379647,0.20267661857272998,0.20888070078760845,-0.02117119371218735,-0.0022860384579961855,-0.07877349724059134,-0.5010192561870545,-0.3136165770395431,-0.6012269642368943,-1.2209960372560136,-1.0962157896633853,0.03358215718252776,0,0,1,1,0,train
ef4be468-2187-49df-b7ac-fa543fb39f13,4,3,-1,0.17109904280388805,0.14542417261864427,-0.10618091278704508,0.6255201199620656,-0.4811812369588048,0.133947831775532,0.08842268303559493,-0.12076429984896928,-1.4185968485608167,-1.1467758333595026,0.35125797777973894,0.46414312946954,0.2027905227974926,0.2087884494729485,-0.02029385821448052,-0.0022860357892056206,-0.07822804583710918,-0.4184674876180254,-0.29719642755941156,-0.41718386135207497,-0.8008399799546687,-0.751560138833174,0.03358215687238411,0,0,1,1,0,train
ef4be468-2187-49df-b7ac-fa543fb39f13,5,4,-1,0.1723537114332724,0.1460917296513948,-0.1074278547908213,0.3510459647031599,-0.4737644105173572,0.13399524675562263,0.08840794669935965,-0.12085559240708438,-0.28585229250738453,-0.15955874953171661,0.34361237828934943,0.362448027093303,0.2027856963472908,0.20890303531642088,-0.020800488572311225,-0.002286037330348547,-0.07876160729174159,-0.37434083930126294,-0.20670420594585343,-0.4644709394710026,-1.0392549902497235,-0.9475488302405123,0.033582157266847434,0,0,1,1,0,train
ef4be468-2187-49df-b7ac-fa543fb39f13,6,5,-1,0.17300395924218334,0.1460917296513948,-0.10848033799336554,-0.18859816187549344,-0.3690584170104468,0.13408886094708364,0.08835084339644794,-0.12106537105126376,-0.6195490555675919,-1.2725924533950503,0.3834260999726983,0.4031260680437987,0.20278730516402474,0.20889817998407034,-0.0207730289323204,-0.002286037246819437,-0.07874377236846697,-0.3302625732432226,-0.15833312307553307,-0.4535143937674704,-1.0395578449836083,-0.9477956056705441,0.03358215720100112,0,0,0,0,0,train
ef4be468-2187-49df-b7ac-fa543fb39f13,7,6,-1,0.17305102479787596,0.1461839242288079,-0.1084482623148118,0.6616347507751005,0.07644023887626722,0.134041445966993,0.08849636471677134,-0.12083616845854925,-0.5109036736442796,-0.5620677655441941,0.344822747544457,0.40312606804379647,0.2027908445608394,0.2088997984281872,-0.020764791040323152,-0.002286037221760701,-0.07874228612486076,-0.20381041037242625,-0.110015076235262,-0.32561201671012185,-0.5313865627638633,-0.5276446175548245,0.03358215728151292,0,0,0,0,0,train
ef4be468-2187-49df-b7ac-fa543fb39f13,8,7,-1,0.17312286169866992,0.1461668511589166,-0.10858458394866516,0.22954870885671633,-0.44911390727537365,0.13409858709684583,0.0885074169689478,-0.12091580664754328,-0.5418832367430735,-0.42215546755301636,0.2052923968202226,0.4234650885190421,0.20280468038475125,0.20890335900524426,-0.020720855616337835,-0.0022860370881141916,-0.07869918506028042,0.016631230950014068,0.028600211412383884,-0.22521590195006305,0.02834271851383063,-0.048247942492778015,0.03358215747594065,0,0,0,0,0,train
ef4be468-2187-49df-b7ac-fa543fb39f13,9,8,-1,0.1731042831898439,0.1462163630616014,-0.1084963758326424,1.1742153927480679,-0.27259064835600405,0.13422989011863531,0.08856820435591833,-0.12106148626155674,-1.0422066681705655,1.4248955755400636,0.30063925161837307,0.3827870475685486,0.20280468038475125,0.2089172776246491,-0.020779893842318105,-0.002286037267701726,-0.07876012104813537,0.2713871521110283,0.27024559594131997,-0.1505392311548852,0.22482143256740317,0.12677326129254035,0.033582157292091644,0,0,1,1,0,train
ef4be468-2187-49df-b7ac-fa543fb39f13,10,9,-1,0.17319222146495375,0.14622148498256882,-0.10863269746649575,0.2932188794746594,-0.24160090071657422,0.13431620969777472,0.08858846681824185,-0.12117802995276751,-0.8744827924499643,0.4940612968865436,-0.029976890727310506,0.37261753733092806,0.20280114098793658,0.2089172776246491,-0.02079499664431306,-0.002286037313642606,-0.07876309353534781,0.5761476631810092,0.5495058670982192,-0.06148819138620102,0.5018952018846633,0.38182344919769995,0.033582157561793655,0,0,0,0,0,train
ef4be468-2187-49df-b7ac-fa543fb39f13,11,10,-1,0.1731860286286784,0.1462385580524601,-0.10860262651785163,-0.9098814873428929,-0.20698116346493228,0.13433323045985854,0.08858109865012422,-0.12121299306013074,-1.4535946815151826,0.1834349812458322,-0.1786990893380393,0.32176998614280955,0.2027753999201936,0.20891371704759204,-0.020889732402281404,-0.002286037601817437,-0.07876309353534781,1.1878268922058508,0.8835805475666951,0.13097290038622678,1.9040608563065753,1.947273277473588,0.03358215723917865,0,0,1,1,0,train
8c0b9e48-ee19-4fe7-8b1f-1c7076959464,1,0,-1,0.16306074131849363,0.14592270625947074,-0.09258483454008316,2.028049718754447,-0.5270972053932231,0.12864586438642123,0.08823847883265391,-0.11248775537815105,-0.7846994791979833,-0.8476929900648819,-1.4462347066105945,0.4234650885190421,0.2027631729130157,0.2063413619682842,-0.010030817767910035,-0.0022860045548079716,-0.06711391614980795,0.03846401744826771,-0.02296486801993798,-0.20008036604353632,0.41758618407841935,0.303042091526599,0.03358215211978214,0,0,0,0,0,train
8c0b9e48-ee19-4fe7-8b1f-1c7076959464,2,1,-1,0.1729271680723691,0.146236850745471,-0.10818564269665315,0.9834769861856253,0.47691409641426447,0.1340450932731538,0.0885774145660654,-0.12075653026955523,-0.06952921723875137,1.2794149703882933,0.052848764380356995,0.30143096566755945,0.2028001756978962,0.20887552176643456,-0.020622000912370868,-0.00228603678740702,-0.07857434059735807,0.25714271194371935,0.29417842486174955,-0.1654141994456826,0.018103793488586095,-0.05723991543583852,0.03358215571408297,0,0,1,1,0,train
8c0b9e48-ee19-4fe7-8b1f-1c7076959464,3,2,-1,0.1732070842720146,0.14624026535944926,-0.10863470219640536,0.895996817436544,-0.48191463669134077,0.1342943258608098,0.08858294069215362,-0.12114889402996482,0.12518013386766647,1.112355175706007,0.35677723481975143,0.3217699861428073,0.20280274980467053,0.20891274598112192,-0.020768909986321776,-0.00228603723429015,-0.0787452586120732,0.572416509676929,0.5338912890131559,-0.060160274519627584,0.5586373824188723,0.4354468414470683,0.03358215717128059,0,0,1,1,0,train
8c0b9e48-ee19-4fe7-8b1f-1c7076959464,4,3,-1,0.17322690134809568,0.14624026535944926,-0.10866677787495908,-1.5676544732064572,0.12630194548000798,0.13432958315369772,0.0885626782298301,-0.12122658982410534,2.9334896319217636,2.697679912454473,0.24106151809056675,-0.9189102628473028,0.20279953217120264,0.20891533549170888,-0.020793623662313517,-0.0022860373094661783,-0.07876309353534781,1.4074586711071735,0.8794905035177528,0.19745030877314088,2.583872537438611,3.0865438521299775,0.033582158836218824,0,0,0,0,1,train
ee9d89b8-7c30-4487-9441-bfd31787a53a,1,0,-1,0.12102005297970439,0.14572807326270973,-0.02476682642795181,1.7609185928510651,0.906786331000422,0.11005068180984501,0.08808927342827169,-0.08293616007680664,-0.38159757460696797,-1.3884899759144587,0.04276503024894365,0.28109194519231384,0.2024140596817517,0.19483001634283756,0.03730685561227153,-0.0022858601153597294,-0.01571069478513816,0.8548905225915858,0.8322240077917945,0.012912777529363846,0.6137869099821786,0.48808029263660685,0.033582156708404365,0,0,0,0,0,train
ee9d89b8-7c30-4487-9441-bfd31787a53a,2,1,-1,0.17256798356839925,0.14623514343848185,-0.10760627575277641,1.4414171807840024,-0.3425147717140994,0.13360984807129606,0.08856452027185951,-0.12007474967597222,-0.6054368287338397,-0.0076391143701830195,0.26224933633351455,0.29126145542993664,0.20275898998950748,0.20852431939307997,-0.01930805713880994,-0.0022860327902302054,-0.07712525308129513,1.1520274145721152,1.189135001992304,0.08145126510688291,0.4604002747171451,0.3429389091020462,0.03358215695443635,0,0,1,1,0,train
ee9d89b8-7c30-4487-9441-bfd31787a53a,3,2,-1,0.1732182313773102,0.1462385580524601,-0.10865474949550144,-1.00122788420166,-0.26078972180725374,0.13430648354801253,0.08855715210374188,-0.12119551150644912,0.9457273395529852,2.697679912454473,-0.18347298908109777,-0.5528078942928527,0.20263285875756692,0.2088713138117308,-0.021318102786138257,-0.002286038904881496,-0.07876309353534781,1.641603058381038,1.5148527660663949,0.23445453375737813,1.4120722318228431,1.3244796017348435,0.033582157775877156,0,0,1,1,0,train
4600757e-8fa1-4134-8049-333b7b3bbb7c,1,0,-1,0.15111104444159298,0.14613782694010136,-0.0729906044035739,1.8343194999321328,2.1640038405353135,0.10859054357679708,0.08789954309924244,-0.08080341052764953,-0.33796659714796784,-1.4664075468572668,0.3137198038225487,0.3217699861428118,0.20268401912970607,0.20341068336150767,0.002062407684048873,-0.002285967713682221,-0.05362922791058835,1.006230760955711,1.1579119241349258,0.007510908868403327,-0.21011994200457615,-0.2554218396816538,0.03358215761276626,0,0,0,0,1,train
4600757e-8fa1-4134-8049-333b7b3bbb7c,2,1,-1,0.17302377631826446,0.1462163630616014,-0.10836606838851788,0.6946095153362483,-0.4574487746119127,0.13363902652058263,0.08828084579933035,-0.1204204959598975,0.5591925403796636,0.7158066686549563,-0.08800569953119527,0.33193949638043235,0.20273550126519202,0.20879589431588597,-0.020560216722391514,-0.002286036599455823,-0.07842125750591758,1.155467030685978,1.355032288343515,0.02979141286740674,-0.39327852330946056,-0.4114334708113288,0.033582157106317095,0,0,0,0,1,train
4600757e-8fa1-4134-8049-333b7b3bbb7c,3,2,-1,0.17319222146495375,0.14623514343848185,-0.10861665962721888,-1.5550385906549817,0.3996313959247008,0.13397579445609825,0.08843741937183022,-0.12079343577177197,4.705036396880268,-1.4788064907110785,-4.373794768132025,-5.4138337878770875,0.2024661853439312,0.2088476845276249,-0.021929079775934092,-0.0022860407634298597,-0.07876309353534781,1.913911928763546,1.5186232304554281,0.3215989205084582,2.3807908449570157,2.6958567882687055,0.03358215719783966,0,0,0,0,1,train
78812943-0bde-4325-8bb7-2890fe492e67,1,0,-1,-6.269108838989782,-14.043729337630099,-6.343126205517351,-0.2786709579165791,-0.5390668793418404,2.5274365744519565,6.385130213429258,2.6949817820694406,-0.19174422330008614,-1.0530369268767104,0.14755530774835934,0.3522785168556802,-5.195487846018919,-5.222061819778234,-0.019157715609860175,-0.002356106356405163,-0.07700709671460076,-3.0611580313563587,-3.1946300174552347,-1.0415425430643275,-0.7713155530628782,-0.7490052093724207,0.03358215815787447,1,1,0,0,0,train
78812943-0bde-4325-8bb7-2890fe492e67,2,1,-1,-2.660997695530391,-9.19702625688288,-6.492143793888248,-0.5677033070752464,-0.5266556478946604,-0.010896422020358036,4.229705257639595,4.477544732666127,0.1969064820719589,-1.4440024394258486,-0.5603936171476088,0.3522785168556802,-5.2118265061237485,-5.221679381433424,-0.09049786030602106,-21.209708126545465,-0.05485723669022631,-2.850842811877835,-3.103588700189663,-0.9369349545009927,0.01302561807957268,-0.09989811698275386,0.033582158164577394,0,0,0,0,0,train
78812943-0bde-4325-8bb7-2890fe492e67,3,2,-1,-2.4860079594652964,-4.275951176382094,-0.9970247474494921,0.09909979459907373,-0.5255006675619127,0.7706823836441338,1.9790319925931923,0.8555532797413127,0.06537652149215505,-1.0895811480530906,0.020525415174028398,0.40312606804379647,-5.199486560011116,-5.238115814350832,0.031875338822086534,-0.0023389576323261077,0.043507195461028,-2.6050206783651593,-2.8730437732952088,-0.8696116280106041,0.2019754642525125,0.08120615990121315,0.03358215624115651,0,0,0,0,0,train
78812943-0bde-4325-8bb7-2890fe492e67,4,3,-1,-3.4017438980674286,-2.576438043655728,2.4807526335198506,-0.7627563658837986,-0.5229068698203861,-0.5912545625611785,-0.4322802317119833,0.48879805308043145,-0.17115624961607745,-0.793166671056879,-0.5071239882837907,-0.023993361936408504,-5.175551469492826,-5.225702024285834,0.08135246140305318,-0.0027054543244655594,-0.053703168529997715,-2.210877944380302,-2.603576609006104,-0.7435697373846236,0.9836752398491029,0.8377206536607695,0.03358215702386362,0,0,1,1,0,train
78812943-0bde-4325-8bb7-2890fe492e67,5,4,-1,-3.531117202128351,-4.008323976607735,1.0088258061780473,-1.2902292205354846,-0.5347401926418374,-0.9160447446446818,-1.1602589258189409,0.24006662250869773,-0.6982928674696282,-0.8987389070560865,0.36039429186403654,-1.213826059738407,-5.186969724498587,-5.201623702859731,-0.06950221956903697,-0.00232616834829016,-0.27250981004197916,-1.7612396890821802,-2.1715222478532343,-0.6243011597871845,1.2385018041234634,1.1207775323315183,0.03358215709427568,1,1,0,0,0,train
78812943-0bde-4325-8bb7-2890fe492e67,6,5,-1,-4.01133202112899,-4.840786376824508,0.8086134301054896,-0.9848564214671076,-0.4901946546457296,-0.9620105284207651,-1.4588999898370645,-0.0014060784954585198,1.093887354685218,-0.007175093959675067,0.3733196170548429,-1.0816224266492835,-5.195487846018919,-5.21311028629019,-0.05712718956167224,-0.002356106356405163,-0.12746395246301098,-1.5146701403807858,-1.678634386700415,-0.6011412473507121,0.18017935393903228,0.08501837763308576,0.033582156700698015,0,0,0,0,0,train
78812943-0bde-4325-8bb7-2890fe492e67,7,6,-1,-2.7653568953079506,-3.572784841759258,0.2807880922047812,-0.17956395214753412,-0.15345061889329276,-0.7652201245137686,-1.3666265784578209,-0.21851143606229612,0.8082681820527093,-0.4346848899196907,0.38800395870318266,-1.671454020431469,-5.177852801389885,-5.221679381433424,0.05446981709753633,22.88768487253253,-0.08403034087578584,-1.321059008268967,-1.4083479151806195,-0.5709304267703452,-0.12768660133624665,-0.18509790823028474,0.033582157328296086,1,1,0,0,0,train
78812943-0bde-4325-8bb7-2890fe492e67,8,7,-1,-2.7159083362165966,-3.5645009882479903,0.210478204815007,-1.2031169435241396,-0.4461283526175025,-1.1154843085931532,-1.5816186718783993,0.11438979069670968,0.015213728250915128,-0.5518585696990538,0.3875757462525089,-2.4036587575403874,-5.2352043829662405,-5.203938806246667,-0.2655022649135413,-0.002513911063904546,-0.7854957081898993,-1.033299923326722,-1.1961138010287917,-0.46956343784948507,0.40963474318582555,0.29510707103263983,0.03358215726227451,0,0,0,0,0,train
78812943-0bde-4325-8bb7-2890fe492e67,9,8,-1,-3.9734752129778217,-3.5799230922808176,2.2278519459629735,-0.0520947366413251,-0.3262929171512745,-1.0702394756681919,-1.4383133281163765,0.19321605864196792,-1.2889936616594968,-0.3082301173507003,0.38887242707970543,-0.44094328167896807,-5.190354031380094,-5.261633587657067,0.1705990373372304,-0.0023651635963736315,0.08965877504312506,-0.7938631949939059,-0.8806758723533574,-0.4225742423096369,0.13796737090200675,0.048637173855361183,0.033582157126045294,0,0,0,0,0,train
78812943-0bde-4325-8bb7-2890fe492e67,10,9,-1,-3.35755057983933,-3.938215122406029,0.8102152093032664,-1.2861044026692894,-0.36306204047149365,-1.002943029694918,-1.6956539677930946,-0.1856616542996869,-2.3097773894682625,0.0757745289303447,0.3885238353815788,-0.14602748478787983,-5.2981638170320755,-5.216514845334378,-0.48081021287209363,-0.0037574690173207926,0.042039529899887323,-0.6076829534552955,-0.6182083097765407,-0.39507194316238253,-0.17228993005407237,-0.22299942967961148,0.03358215731943448,0,0,0,0,0,train
78812943-0bde-4325-8bb7-2890fe492e67,11,10,-1,-3.4641441549450334,-1.2293045369512101,4.163565018972966,0.1021028230704613,-0.09032778176414141,-1.1568070716265137,-0.5968648449977525,1.2188121956658706,-1.1450140193306282,-0.5622997757494481,0.3888737652436138,0.19973586329132242,-5.141546553714323,-5.32496977972554,0.6475146322428635,-0.002392917493255806,-0.8354955440293974,-0.37410928781721053,-0.4141198454174801,-0.3190148603226836,0.10417277185190134,0.01873241421803107,0.03358215718912016,0,0,1,1,0,train
78812943-0bde-4325-8bb7-2890fe492e67,12,11,-1,-0.9199622835894619,-1.262878728892486,0.006160141887571862,-0.0057519303844154055,0.4125593706805399,-0.6387327626252813,0.04748514097398335,1.0705550236817958,-0.30569857864539124,-0.5535987707074528,0.388927291799948,0.453973619231915,-5.228201445045928,-5.1674152969397,-0.3905411085937581,-0.002398600885235347,-0.5619758166416977,-0.15599256650072818,-0.15807929921962988,-0.26937443531010663,0.014876622948898525,-0.06010627960670192,0.0335821571565493,0,0,1,1,0,train
78812943-0bde-4325-8bb7-2890fe492e67,13,12,-1,-0.6173988816850595,-0.5735006055138779,0.32590654355042037,0.9494483463904012,0.41918443660642873,0.04521981480128489,0.10024859286440822,0.03346379391480406,0.4451330474578908,-1.4788064907110785,-10.33978833634882,-9.908757312906864,-5.960110738242341,-5.254588743183073,-3.143877334522699,-0.000718361815926371,0.2877828505309712,0.4889691670574166,0.08101753692494279,-0.04236365532485208,2.022877836397686,2.1170318746469077,0.03358215719205605,0,0,0,0,1,train
614cd0eb-b1fe-4543-bac1-9a9fc1e1958a,1,0,-1,0.1682986422401782,0.14010932596147713,-0.10788894267003116,-1.4156850419529226,-0.533909723692485,0.13265060655100064,0.08658985121633182,-0.12062444741951635,0.46148522512164664,-1.300145672331492,-0.6776020557165642,0.2404139042418136,0.20095679348415282,0.20818606457266012,-0.025563363128719655,-0.002286051820390936,-0.07830978923545119,-0.730854676109407,-0.5399088626247952,3.968992892378251,-1.3671073835378855,-1.2155667081051027,0.03358215574577551,0,0,0,0,0,train
614cd0eb-b1fe-4543-bac1-9a9fc1e1958a,2,1,-1,0.15586342699929073,0.1363652017343112,-0.09215782706933665,0.2981316922809359,-0.3881930993596289,0.12569640947103883,0.0844678187984513,-0.11175158772866968,0.030356513343917327,-0.3383936844756134,0.2959188784316488,0.30143096566755717,0.20058129565845226,0.20705833271204496,-0.02238216383578269,-0.002286042143280651,-0.07690083029675615,-0.7120472089773991,-0.549139155314146,-0.6316371577855118,-1.1970952740091507,-1.0766902136721654,0.033582159503752304,1,1,1,1,0,train
614cd0eb-b1fe-4543-bac1-9a9fc1e1958a,3,2,-1,0.1582216590529411,0.1343813110129401,-0.09830432897219499,-0.7797853229374395,-0.46863922368222183,0.12918809723566302,0.08382310408815774,-0.11800998394668806,-0.38600051184895706,0.784617111675861,0.357652394015816,0.15905782234082896,0.20049731542494084,0.20668058785517418,-0.02113824214419836,-0.0022860383582029476,-0.07576534018160529,-0.9579245718677294,-0.5285226438426052,3.655862236040887,-2.8037204916342913,-2.4267245956307177,0.0335821581698061,1,1,1,1,0,train
614cd0eb-b1fe-4543-bac1-9a9fc1e1958a,4,3,-1,0.15462114404245705,0.1279276905940221,-0.10005445818328282,-1.1396273539116097,-0.5269456322445739,0.1255979322046967,0.0780906692926333,-0.11831882472839661,-0.12068501006661085,0.5398285460667405,0.387914970803277,0.37261753733092806,0.19835726740545973,0.20659610507227505,-0.02991159712126664,-0.002286065057106559,-0.07911236078280914,-0.9738883764048794,-0.7980503498883428,3.9646898912888684,-1.414215071006782,-1.2540423205300568,0.03358216480799531,0,0,0,0,0,train
614cd0eb-b1fe-4543-bac1-9a9fc1e1958a,5,4,-1,0.13030559169095274,0.106415622530962,-0.08595719745891889,-0.27469671768999077,-0.4044369791379806,0.09533866452582089,0.054039126514624725,-0.09533640882163263,-1.3695613793222319,0.41627415000141327,0.388776748360258,0.4336345987566694,0.19551127060312767,0.20444325070805253,-0.03292391962826004,-0.002286074238805144,-0.07236778729779002,-0.9485396927726625,-0.8155496738036546,-0.6615898672365009,-1.1562603440370447,-1.0433265064496118,0.03358215099527332,1,2,0,0,0,train
614cd0eb-b1fe-4543-bac1-9a9fc1e1958a,6,5,-1,0.09955692101662279,0.07340996381706696,-0.07494321133553215,-0.7047479705961363,-0.5163900349303906,0.08387153395620553,0.03358509182005421,-0.0985840930167061,-2.37532077724332,0.15408357430830225,0.388908557505231,0.4438041089942922,0.1934223829557857,0.20158022306535997,-0.02969329298333959,-0.002286064417856233,-0.08172666328614732,-0.6994237404004574,-0.7877627621890302,-0.3959683724240377,0.19308016646458853,0.09800640005072696,0.0335821564521711,0,0,0,0,0,train
614cd0eb-b1fe-4543-bac1-9a9fc1e1958a,7,6,-1,0.024529470973594862,0.015883962125261702,-0.02105206190544806,-0.44265623244599317,-0.17899875417397268,-0.0043020924815970404,-0.01700475047566666,-0.011057838522563842,-2.4722762792746242,0.44005706307485937,0.3888095333760127,0.4438041089942899,0.18612865141081533,0.199478835224053,-0.051902649807918075,-0.0022861321041542653,-0.06750331197463717,-0.6309060967117016,-0.5146849546471134,-0.48754647119302474,-0.8876827165412458,-0.823141691532926,0.03358215868874109,0,0,1,1,0,train
614cd0eb-b1fe-4543-bac1-9a9fc1e1958a,8,7,-1,-0.08501437133368132,0.12022432145905962,0.27877133391571546,1.1739024604467618,-0.48015433334723984,-0.04117514199875821,0.07543444468622383,0.14532825592346227,-1.6490994321034222,-0.09476529436175705,0.3886322266581556,0.453973619231915,0.1994464363343341,0.19214145697594048,0.03604783111869225,-0.00228586386905062,-0.01450980995131369,-0.4653812590619189,-0.4395767661176689,-0.36878253066018135,-0.2953074657940198,-0.32835305127101194,0.033582158434137394,0,0,1,1,0,train
614cd0eb-b1fe-4543-bac1-9a9fc1e1958a,9,8,-1,0.12107826564069261,0.13978664494053122,-0.031837508819139465,0.09975706459393184,-0.521410929443839,0.11834344025082745,0.08462070828689235,-0.09984276488178243,-1.562960289522106,-0.4207632818524982,0.38885837635866766,0.4031260680437987,0.2011823495902506,0.2055389373751542,-0.013372655954793321,-0.0022860147217630385,-0.06764599136083413,-0.0992629708916139,-0.25813049851133274,-0.21929931682338527,0.8251224847133992,0.6947809718445243,0.03358215544231431,0,0,1,1,0,train
614cd0eb-b1fe-4543-bac1-9a9fc1e1958a,10,9,-1,0.14523528138354816,0.1363600798133438,-0.07496125390471862,-0.17035420870934392,-0.28152404233177075,0.12564656295350762,0.0848104386159216,-0.11131066409692227,-1.1310087430052798,-0.4329446889112916,0.38227394084760413,0.4234650885190466,0.2005658510178065,0.20728523857722614,-0.02341052735343905,-0.002286045272173508,-0.07566724810359488,0.3159000726345541,0.14320381381390906,-0.10753013181294697,1.068777382179701,0.9449354895007608,0.03358215857701173,0,0,1,1,0,train
614cd0eb-b1fe-4543-bac1-9a9fc1e1958a,11,10,-1,0.15496298860485594,0.13286180779261283,-0.09481409419956734,0.00021184144094308564,-0.3694809184244455,0.1189902292100127,0.08256130529801178,-0.10304771639007862,0.07742420840088865,0.32230329554786424,0.38692339134718556,0.4031260680437987,0.20174479192043449,0.20666505079165248,-0.015749287795999142,-0.002286021958863499,-0.0729563397658525,0.5126280268325535,0.5983003767556757,-0.1093795690180601,-0.1101704835989069,-0.16920044641338902,0.03358215450051534,0,0,1,1,0,train
614cd0eb-b1fe-4543-bac1-9a9fc1e1958a,12,11,-1,0.15937476516740987,0.1461139246422535,-0.08639422857921344,0.575726870556381,1.6235318421951952,0.12898263232193685,0.08844847162400668,-0.11280436573927365,0.12786424418021275,-0.2038180568467569,0.3876754394636814,0.3726175373309258,0.2025636796380077,0.20785104664047394,-0.017285654653485746,-0.002286026636565508,-0.07461498763039225,0.7810243438310888,0.8139511124995273,-0.0188004474274387,0.30152693391533947,0.19634658501730232,0.033582153646460264,0,0,1,1,0,train
614cd0eb-b1fe-4543-bac1-9a9fc1e1958a,13,12,-1,0.1730411162598354,0.14624026535944926,-0.10836606838851788,-1.08941192630445,0.32111208780505246,0.13408399787220257,0.0885074169689478,-0.12089249790930112,0.3795906019710195,2.6663562943032897,0.28229302443481835,0.20990537352894748,0.20169105744152102,0.20867483469594622,-0.024503421025073847,-0.0022860485947225908,-0.07876309353534781,1.3194840949890605,1.1081638158625695,0.15826839510220617,1.61973227107579,1.57381472852318,0.03358216007276688,0,0,0,0,1,train
80cc5d27-4d95-4d6c-b4d9-3132e03e693c,1,0,-1,-1.2788433385818279,-0.7766598933786216,1.1579616736136107,-0.03585781236391126,-0.17138982716547022,-1.2797966669067755,-0.9947330290561431,0.9957650522421373,-0.03532489888892264,-0.19779973203750784,-1.1745318994122187,0.33193949638043235,0.025917854595308095,-0.1689347202466852,0.8271586862723334,-0.0022832650561756714,0.854046494791904,-0.9526012844074347,-0.9075976781162639,-0.5294752595925648,-0.6608573549458607,-0.6357455484191319,0.03358215828512532,1,4,0,0,0,train
80cc5d27-4d95-4d6c-b4d9-3132e03e693c,2,1,-1,-0.5266502974734474,-0.653884033176179,0.0846352941991797,-1.1154812339618554,-0.47349864949204845,-0.66918290599324,-0.9186548511994738,0.10042979888451287,0.480949492229949,0.09129145609664671,0.15404406453997546,0.362448027093303,0.056629522519444815,0.03097193648851626,0.11026849204989055,-0.0022856251299398435,0.08177499583393952,-0.7397887750716772,-0.7922150284055953,-0.41784008465032113,-0.015796268818631058,-0.08716060131667862,0.033582157226438356,0,0,0,0,0,train
80cc5d27-4d95-4d6c-b4d9-3132e03e693c,3,2,-1,-0.4320311905897463,-0.1821004782554237,0.4854569828663977,-0.18700938551420246,-0.5384070943461928,-0.5837873110812614,-0.4016783874773922,0.5091368695915645,0.16201589938996364,-0.432074526172595,0.32966670311842194,0.362448027093303,0.13355605994261513,0.061867387301373214,0.30746989664399343,-0.002285010982131126,0.41597024688460404,-0.6908536671960019,-0.5589326034403987,-0.5340415232726379,-1.0093083215388539,-0.9230231113761495,0.033582157368964555,0,0,1,1,0,train
80cc5d27-4d95-4d6c-b4d9-3132e03e693c,4,3,-1,-0.1942324704528745,-0.2965822411046642,-0.03386629548766283,-1.2875841294141126,-0.518839538945249,-0.3676151222356721,-0.5558757257593174,0.0011675946854459987,0.13983644627053168,-1.0650733586744685,0.32781334610534946,0.33193949638043235,0.1369410103508156,0.13925426381461828,-0.00633612320714466,-0.0022859927605920006,-0.027452019274263568,-0.5812859982206873,-0.5052905470274448,-0.4328030563874855,-0.6345245279894722,-0.6137645787137087,0.03358215736775582,0,0,0,0,0,train
80cc5d27-4d95-4d6c-b4d9-3132e03e693c,5,4,-1,-0.5901937519274805,-0.6600235091090968,0.18027694872676145,-0.7624427045287439,-0.40364409924727584,-0.9121214589843607,-1.0741434609440155,0.32460547371813725,0.4206724435014659,-0.17039165950696838,0.3527707720781349,0.28109194519231384,0.09095684517142837,0.14265947023645273,-0.21699687034274995,-0.0022866415080359994,-0.05378825597645372,-0.4179222553466772,-0.3851838315146899,-0.35793672310666697,-0.30826053788281305,-0.3393757919763179,0.0335821581152527,1,1,1,1,0,train
80cc5d27-4d95-4d6c-b4d9-3132e03e693c,6,5,-1,-0.5544103053612971,0.11244241620259708,1.0293923303207164,1.8640310199147139,0.22767567993997087,-0.7280127385985324,0.040500117598459985,1.2058292284649907,0.4556402422469561,-0.3570284354785071,0.21305910014431828,-0.003654341461151617,0.19693185577919278,0.09640012942241968,0.4314213385805736,-0.002284632623792171,0.4221723414533535,-0.1894848360585869,-0.20610652911366728,-0.2743049958386396,0.07458232192462777,-0.007465192823206309,0.033582156897098765,0,0,0,0,0,train
80cc5d27-4d95-4d6c-b4d9-3132e03e693c,7,6,-1,0.1107461375989114,0.07459654217451353,-0.09166065405175385,-1.0567446541820227,-0.44627203208125343,0.02261745852268872,-0.05550342889033919,-0.09466239780746367,1.0060546676499642,-0.04313928962292031,0.27536401171735325,0.02685418925171904,0.19671691786353898,0.20300930922053098,-0.02169704581801163,-0.002286040060605251,-0.07875120358649806,-0.02870436773967167,0.0443037277394199,-0.2614954070896072,-0.3237959805907205,-0.35255187564957696,0.03358215831832231,0,0,0,0,0,train
80cc5d27-4d95-4d6c-b4d9-3132e03e693c,8,7,-1,0.04516524001029072,0.09520715214731204,0.03868888940087238,0.8584135358875582,0.05990061182388451,-0.18186146677131443,-0.14183072859864676,0.14099671540012862,0.730620921746617,-0.3505025261107678,0.33901578526414805,-1.1019614471245336,0.19784244605060033,0.20279308508652097,-0.01597720280792298,-0.0022860226420089785,-0.06540324975905056,0.07784278759750714,0.22054927671370841,-0.2697531830287392,-0.6531040710578323,-0.6291708158687204,0.033582157007047045,0,0,1,1,0,train
80cc5d27-4d95-4d6c-b4d9-3132e03e693c,9,8,-1,0.05321592716823581,0.05676542798002151,-0.019480353656315334,0.7192712725699382,-0.5115480174942026,-0.2941109611766841,-0.11643633718119817,0.3471120028857906,-0.35894683431187413,0.08607072860245531,0.13537533985450703,0.09804076091508766,0.19752518739066824,0.20392534859066325,-0.02213365409386573,-0.002286041389464618,-0.06448772369762003,0.1408910423757131,0.33734494275693677,-0.3015050096471686,-0.9216468614031954,-0.8510385040435708,0.03358215774640314,0,0,1,1,0,train
80cc5d27-4d95-4d6c-b4d9-3132e03e693c,10,9,-1,0.05993515452698228,0.1403432270189882,0.06778152984910467,0.1067507089607216,1.4451462867415614,-0.030262401965587365,0.07708307230254594,0.129631763112225,0.4099625301200859,-0.19388431088585853,0.3271937762157809,0.15905782234082672,0.20186770551890715,0.20360619141082212,-0.0022501287765100426,-0.0022859808472402263,-0.058035940203025924,0.25822310331618614,0.4064576552116276,-0.21602664371190955,-0.5870610525265889,-0.5741620215626928,0.03358215758166913,0,0,0,0,0,train
80cc5d27-4d95-4d6c-b4d9-3132e03e693c,11,10,-1,0.16341249441893307,0.14073078570552108,-0.09925056148952999,0.14169391864298891,-0.16367470350411972,0.12098044260509969,0.08074320981498394,-0.10814456048569633,0.7492194992501712,-0.6957152901175376,0.2824589567594544,-0.11551895407502273,0.2016814045411174,0.2079746957710006,-0.02157485042005246,-0.0022860396862825053,-0.07880768084353436,0.29417249571346044,0.5350756005936508,-0.31626915031606795,-1.090200649005151,-0.98925721466304,0.033582157308664116,0,0,0,0,0,train
80cc5d27-4d95-4d6c-b4d9-3132e03e693c,12,11,-1,0.1665312067671955,0.14618050961482965,-0.09789937353045415,1.8764644147048182,0.18843100042566727,0.12615232274114122,0.08824953108483038,-0.10849224916447513,0.6671264217293232,-0.1840956957722381,0.2253628481996935,-0.1663665052631367,0.20222550636053443,0.20778727994227036,-0.018458181281093933,-0.0022860302038658353,-0.07619486458380241,0.419506673720932,0.5744828772647333,-0.169824307510651,-0.5382237345662102,-0.5333469390814128,0.03358215730567547,0,0,1,1,0,train
80cc5d27-4d95-4d6c-b4d9-3132e03e693c,13,12,-1,0.17317612009063788,0.14622831421052535,-0.1085986170580324,0.1734618188449775,1.1461231172212767,0.13403415135467137,0.08852767943127132,-0.12079149337691845,1.6489362312096745,-0.45687248389402724,-0.978110848288156,0.07770174043984432,0.2022113487732758,0.20833463774258615,-0.02084030505029792,-0.0022860374514850398,-0.07876755226616647,0.6124723801753154,0.7118726438149361,-0.08581155332409561,-0.13233136841652005,-0.1883899247333173,0.03358215855029115,0,0,0,0,1,train
80cc5d27-4d95-4d6c-b4d9-3132e03e693c,14,13,-1,0.1732182313773102,0.14623343613149273,-0.10866076368523027,-1.1348911964367159,0.055892710015104624,0.13425177395560023,0.08854794189359483,-0.12111781571230862,1.34698441916496,-0.6852740840671433,0.26608183776704486,-0.17653601550076403,0.20145488314497928,0.20832039543435796,-0.02400777452323947,-0.002286047087600115,-0.07876160729174159,1.208265803127856,0.9233992503913341,0.13496822433006267,1.845076167212932,1.8662471590484313,0.03358216070353424,0,0,0,0,1,train
9c9d212a-7208-40fb-81f4-68146102d9cc,1,0,-1,0.17307455757572227,0.14613953424709047,-0.10853847516074418,0.2765958931968528,-0.5354401597507205,0.13390284833288188,0.08842452507762434,-0.12069048884453579,-0.2742482602213911,0.5004565138103362,0.0924985609849323,0.3726175373309258,0.20272037838789303,0.2088130498235245,-0.020697514922345634,-0.0022860370171103117,-0.07863824907242546,0.9387277221427864,0.9907816960831659,0.019851407630578917,0.2812959423834936,0.17792962547713753,0.03358215713363801,1,1,0,0,0,train
9c9d212a-7208-40fb-81f4-68146102d9cc,2,1,-1,0.17313029310220035,0.14624026535944926,-0.10851040894200965,1.0989640350910328,0.34797032860921573,0.13418612244470549,0.08855531006171247,-0.12100515681080487,-0.04509976882612086,0.5546203168726296,-0.4912901638381735,0.26075292471706824,0.2027438671122085,0.20883247115292658,-0.020679666156351598,-0.0022860369628165903,-0.07860109298227,1.2133112887089672,1.2810362970554554,0.09139058592060155,0.3360489514373082,0.22790487132095866,0.033582156817629445,0,0,1,1,0,train
9c9d212a-7208-40fb-81f4-68146102d9cc,3,2,-1,0.17321946994456527,0.14624026535944926,-0.10865474949550144,-1.5188366206048955,0.3851320228312331,0.1342943258608098,0.08853504759938896,-0.12119939629615616,0.7561829730489936,-0.08664431483289672,-0.8872127194033336,-0.9189102628473141,0.20270911667075547,0.20885610043703248,-0.020928175898268557,-0.002286037718762729,-0.07876309353534781,1.8777724128983062,1.5820313864140878,0.30767703920392075,2.0894628365539307,2.216489209535088,0.033582157484645526,0,0,1,1,0,train
2878ac3b-92b4-4aed-80a0-d5d27d2bb978,1,0,-1,0.1655341601268654,0.14134029430064113,-0.10196897524695853,0.43463702427106204,-0.5369332912388048,0.12858629171912786,0.08621223260030274,-0.11452921236919304,-0.5030078983472984,-1.1332022406001911,-0.2366629971923688,0.27092243495468876,0.20178951702563788,0.20681653716098886,-0.016200998873848196,-0.002286023333872377,-0.07362812187586322,-0.40284540599160124,-0.16768313113025549,3.7991247204865735,-1.43923216615918,-1.274501550780528,0.03358216871598231,1,2,0,0,0,train
2878ac3b-92b4-4aed-80a0-d5d27d2bb978,2,1,-1,0.16853273145138617,0.14413686314883895,-0.10353867876618164,0.1491898249614808,-0.4642540460021646,0.1319624814553261,0.08659906142647887,-0.11951533995816052,0.7357362209145151,-1.131636078362981,0.32655614111344944,0.34210900661805516,0.20236804752316112,0.2078960393869221,-0.018311272207143025,-0.002286029757043794,-0.07514260411059978,-0.43161704037277543,-0.18957947443363435,3.7685295242603183,-1.4941118629817303,-1.3193691118170687,0.033582160819128626,1,2,0,0,0,train
2878ac3b-92b4-4aed-80a0-d5d27d2bb978,3,2,-1,0.17096527754034063,0.1440651562552954,-0.10756016696485543,-0.7035175521927927,-0.4666872703079506,0.13120505754259598,0.08491359296956856,-0.12008251925538627,0.6569992955739119,-0.5109057812158654,0.338006809677248,0.25058341447943644,0.20202311721540533,0.20847803189133832,-0.022251730545826274,-0.0022860417452115218,-0.07772272301099492,-0.35192598547827125,-0.22111858207162965,-0.40368393745760306,-0.8185275118105257,-0.7661513105947804,0.033582157172081746,1,1,1,1,0,train
2878ac3b-92b4-4aed-80a0-d5d27d2bb978,4,3,-1,0.1637109891274046,0.14291613865160974,-0.0971676471134472,0.14500404698569413,-0.3770480058839253,0.11049200585530412,0.0775104260533691,-0.09479642305235607,-0.36793449376348075,-0.16164709031699087,0.33211755031657514,0.40312606804379647,0.2025234592196593,0.2081310374726875,-0.01864490683303154,-0.0022860307723915787,-0.0758708634776468,-0.24080747603084887,-0.13376223919568536,-0.3460927750001072,-0.6250616602601993,-0.6058544617716022,0.03358215756186743,0,0,1,1,0,train
2878ac3b-92b4-4aed-80a0-d5d27d2bb978,5,4,-1,0.16859589838139466,0.1427573591016205,-0.10526074175853498,-0.4708724071092144,-0.4796734525713776,0.12170504076238241,0.08437203261292198,-0.10547570995696968,-0.25518031234693234,0.3322223541674429,0.3302186957306186,0.28109194519231384,0.20212865559315152,0.2086343735930252,-0.02246454275575516,-0.0022860423924650802,-0.07823250456792784,-0.22427035503660095,-0.011955511652638263,-0.5221596203766612,-1.2112759130002086,-1.088270194831887,0.033582155614667084,0,0,1,1,0,train
2878ac3b-92b4-4aed-80a0-d5d27d2bb978,6,5,-1,0.16478730407205908,0.13896372297176973,-0.1035507071456393,-0.7549209448427068,-0.5174130648536913,0.12804405886988607,0.08342706505183456,-0.11659980528303773,-0.6555513683002681,0.44603169926713193,0.38124020922839946,0.3014309656675617,0.2018039963762433,0.2082372074067523,-0.02216523267985518,-0.002286041482261233,-0.07746857535433158,-0.13926859952854126,0.006172274629861116,-0.34443634732251854,-0.7857243451914147,-0.7390638933824559,0.033582155700215374,1,1,1,1,0,train
2878ac3b-92b4-4aed-80a0-d5d27d2bb978,7,6,-1,0.16262971991372982,0.13821080058956262,-0.1009425535332392,-0.5989560466822891,-0.4836543779036118,0.12885376083758793,0.0829628704604232,-0.11838292375856253,-1.0838259525954763,0.43715668657119616,0.3744209259514195,0.26075292471706596,0.20113826801174076,0.20791060538397368,-0.023620593599368855,-0.0022860459103658417,-0.07736007957107764,-0.050933261834411624,0.09935014144376038,-0.31878239023373933,-0.7651530868620082,-0.7220608389728052,0.03358214988078571,1,1,1,1,0,train
2878ac3b-92b4-4aed-80a0-d5d27d2bb978,8,7,-1,0.14957026677628782,0.13373936358502655,-0.08505506899959525,0.024831762205676962,-0.4848118303833363,0.12570248831464018,0.0812074044063953,-0.11519933859365497,-0.06109164372971473,1.1200122592933537,0.38614056546079756,0.4234650885190466,0.2012598945568263,0.20724089320842468,-0.020260906646491533,-0.002286035688518765,-0.07327439589758324,0.1523348430477178,0.19618223957429828,-0.19733516075682284,-0.07175597020260761,-0.13584217542362298,0.033582159410886304,0,0,1,1,0,train
2878ac3b-92b4-4aed-80a0-d5d27d2bb978,9,8,-1,0.15141944768810503,0.1456888052019597,-0.07401702611729323,0.3332494262143976,-0.3834025267330519,0.12428611775552209,0.08800085541086,-0.10577289636955714,-0.46311995744342394,0.909621820462014,0.38131113191554233,0.4132955782814215,0.20254276502046653,0.2073632475836579,-0.015305814610147333,-0.002286020611454751,-0.07225483278371742,0.28581749723981986,0.41900220712690844,-0.19802576435469305,-0.48864212620792985,-0.491785346719307,0.03358215750988771,0,0,1,1,0,train
2878ac3b-92b4-4aed-80a0-d5d27d2bb978,10,9,-1,0.16864667963885246,0.14560173254551398,-0.10200305565542186,0.062433550503664725,-0.47463190303189634,0.13062392009430548,0.08831584459788915,-0.11556645122096891,-0.7008087272539547,0.7832830529956506,0.3501861084891461,0.4132955782814193,0.20263543286434121,0.2086537949224273,-0.02038447502645024,-0.002286036064827631,-0.07779257646048719,0.6735503237715691,0.5653242318890693,-0.021701490737931213,0.934111701536861,0.8050266928994451,0.033582155734541465,0,0,1,1,0,train
2878ac3b-92b4-4aed-80a0-d5d27d2bb978,11,10,-1,0.17240696982524034,0.146236850745471,-0.10734365613461776,1.4559650557691692,-0.03211771029616847,0.13401591482386727,0.08856452027185951,-0.1207235095570455,0.27019728615325755,1.4416018039462808,0.33347311035573934,0.36244802709330526,0.20275287648591853,0.20874701730355735,-0.02027875541248557,-0.002286035743252025,-0.07814630243876718,0.9745188201507694,0.9903521322425679,0.037732322259240204,0.48128762931254965,0.36248214350589425,0.03358215553907528,0,0,0,0,0,train
2878ac3b-92b4-4aed-80a0-d5d27d2bb978,12,11,-1,0.17322442421358555,0.14624197266643837,-0.10866076368523027,-1.555127497532846,-0.010584834045144539,0.13431256239161388,0.08855899414577129,-0.12120328108586317,1.702169278334237,2.697679912454473,-0.5993007327830469,0.19973586329132242,0.20253279035671612,0.20886516372408678,-0.02171901353000429,-0.002286040124416597,-0.07876309353534781,1.658559258764257,1.3202700533864624,0.253738663523927,2.1541779955441567,2.3163541985695812,0.033582157991966316,0,0,1,1,0,train
9a1756a9-335d-4167-b137-6ed033672c21,1,0,-1,-0.362188383076435,0.14340272114351227,0.7546180347201058,2.135048787432741,3.4813497611451,-0.38405839417736504,0.08637249025686142,0.704675817099849,-0.028154055221934024,-1.41876949757647,-0.05337334850099915,0.39295655780617367,0.20275223295922495,0.07177291267408975,0.5607177994413677,-0.0022842225949501983,0.5509256250600539,-0.4308930698797136,-0.35440401273958355,-0.3854906273066541,-0.5565920961117191,-0.5487516824712773,0.03358215543597671,0,0,0,0,0,train
9a1756a9-335d-4167-b137-6ed033672c21,2,1,-1,0.16811657285368314,0.14500929702028525,-0.10184067253274362,1.021988297075474,-0.48299854947527526,0.13012788645643406,0.08831584459788915,-0.11477395412073567,0.0844298830316844,0.609436710871697,0.3141707650596645,0.3217699861428073,0.20279309690426692,0.20886451634644004,-0.020605525128376375,-0.002286036737288238,-0.07854907445605236,-0.22938782210834235,-0.2203249746246245,-0.2938824414795098,-0.08205601617428183,-0.14483369076586142,0.033582156864664696,0,0,1,1,0,train
9a1756a9-335d-4167-b137-6ed033672c21,3,2,-1,0.17158456116787488,0.14551124527509,-0.10686452568622143,0.3072409384639396,0.09488245067874686,0.1341277655461324,0.08847794429647725,-0.12099350244168379,0.772821515673182,0.08737591047600315,-0.04188253501994994,0.2505834144794432,0.20275384177595887,0.20890562482700784,-0.020947397646262134,-0.002286037777228945,-0.0787378273940421,0.032556824255554666,0.0005625708962714799,-0.2085299438158334,0.2653762449490668,0.16343960966439317,0.03358215679710861,0,0,1,1,0,train
9a1756a9-335d-4167-b137-6ed033672c21,4,3,-1,0.17176291485260475,0.14583734091001416,-0.10677030338046986,0.7091605308606396,-0.37341104920648965,0.13422502704375422,0.08854057372547719,-0.12108285260494538,1.3787296872484016,0.19387643623421502,0.20497725921980486,0.2810919451923161,0.2026930285034161,0.2088661347905569,-0.021039387440231393,-0.0022860380570570147,-0.07870067130388664,0.29444506594571596,0.28770303317995777,-0.14276591056708937,0.26503939511752495,0.16315191562148207,0.03358215691583737,0,0,1,1,0,train
9a1756a9-335d-4167-b137-6ed033672c21,5,4,-1,0.1726608761125294,0.14622831421052535,-0.10776464941563546,-0.7241461840894333,0.09171988611709518,0.13426879471768405,0.08854609985156542,-0.1211469516351113,3.0228326285577833,1.0270854507634475,-1.9605232125254375,-4.885019255520639,0.20214313494375694,0.2088049576029403,-0.02312632007953402,-0.0022860444053915486,-0.07876309353534781,0.9532977002216015,0.5747816653620702,0.07512473787049895,2.0705348079703603,2.1878829074157298,0.033582156953145356,0,0,0,0,1,train
4496e9e9-bbd3-4c0b-81ae-78c866bcb87a,1,0,-1,0.171984618391262,0.1458339262960359,-0.10713315949410891,0.8665522432880521,-0.2768164613861371,0.13233572245244993,0.08786086021662483,-0.11878111470353266,-0.3062145222305223,-0.9078024902782883,0.30077306800920867,0.26075292471706374,0.20230305132711013,0.20808054201624204,-0.019371214310788833,-0.002286032982010329,-0.07700635359279766,0.6755133824145447,0.754713252804816,-0.0609384322246938,0.007911673645149947,-0.06618342239151036,0.03358215555257925,1,1,0,0,0,train
4496e9e9-bbd3-4c0b-81ae-78c866bcb87a,2,1,-1,0.17279092567431156,0.14579807284926413,-0.10848033799336554,-0.8635966128184651,-0.4819556309031163,0.13364145805802316,0.08800453949491883,-0.12071573997763145,0.5284556788535636,0.9174526627653127,-0.1228695529175369,0.2505834144794432,0.20224255981791414,0.2084126467490179,-0.021038014458231852,-0.0022860380529461637,-0.07840490882624918,0.8525760006653965,0.9925040127030335,-0.032322812734853504,-0.2265330007051057,-0.2695041912829917,0.033582157212568485,0,0,1,1,0,train
4496e9e9-bbd3-4c0b-81ae-78c866bcb87a,3,2,-1,0.17272899731155816,0.146236850745471,-0.10786488591111586,1.4120219579661826,0.04256205746818298,0.13367063650730973,0.0885074169689478,-0.12023208365910676,1.0039037571864329,0.08737591047600315,0.1981285363368411,-0.02399336193640173,0.2022940419534001,0.20835179325022468,-0.020560216722391514,-0.002286036599401227,-0.0778817510768603,1.1975932018759172,1.186597851853612,0.10273014055867005,0.7161230272997239,0.5871541279109225,0.03358215869372805,0,0,1,1,0,train
4496e9e9-bbd3-4c0b-81ae-78c866bcb87a,4,3,-1,0.17319965286848418,0.14624026535944926,-0.1086226738169477,-1.2531085516304907,-0.027311178445519294,0.13420435897550959,0.0884871545066243,-0.12110616134318754,1.51026104113546,2.001599011218873,0.07792461785903186,-0.8884017321344412,0.20156042152272546,0.2084035834619636,-0.02391029280127205,-0.0022860467908941144,-0.07876309353534781,1.7760178121061134,1.5648014151888419,0.27626736915275724,1.7788737298761736,1.7776569125013022,0.0335821575789038,0,0,1,1,0,train
3108892c-5ace-4934-93fd-c3cffb6afd9c,1,0,-1,0.17309065895003814,0.14617026577289485,-0.10852845151119613,0.25022758938095024,-0.525680674464917,0.13363659498314207,0.08814269264712458,-0.12056229078420394,-0.07592483852681918,-1.4098944654322538,-0.4600547418893379,0.12854929162796058,0.2024655418172376,0.20890821433759477,-0.02218857337384738,-0.0022860415527400533,-0.07876309353534781,-0.3089350037569125,0.004336176856349164,3.624141749173793,-1.8309019771866408,-1.5959100970119058,0.03358215584495729,0,0,0,0,0,train
3108892c-5ace-4934-93fd-c3cffb6afd9c,2,1,-1,0.1722521489183568,0.1451339304304919,-0.10838812041752356,-1.22458925885104,-0.5409404729179342,0.13278434111023066,0.08651985361921423,-0.12091192185783625,-0.012279077041655925,-1.41876949757647,-0.13535662942835683,0.27092243495468876,0.2023657951797336,0.2085761096048189,-0.021205518262175878,-0.0022860385624806413,-0.07808982518173087,-0.3973178070762836,-0.0866360599175207,3.6392907622697708,-1.8642027168085529,-1.6234179974616054,0.03358215935284325,0,0,1,1,0,train
3108892c-5ace-4934-93fd-c3cffb6afd9c,3,2,-1,0.1697490044958634,0.1429144313446206,-0.10694271015269614,-1.1160696083774742,-0.44436803533927116,0.1288634869873501,0.08237157496898254,-0.11902197166536825,-0.6317187282424519,-0.6278473885554773,0.37265856408411524,0.2810919451923161,0.20086573445701209,0.20847576606957474,-0.027180735924179193,-0.0022860567398651334,-0.07812995375909877,-0.40613417885388947,-0.18352018927589092,3.8834634305586144,-1.3695761634457213,-1.217586585732913,0.03358215839344629,1,1,1,1,0,train
3108892c-5ace-4934-93fd-c3cffb6afd9c,4,3,-1,0.14748575808600756,0.1317418144077424,-0.08402664255596631,0.209685919882412,-0.39707020873780935,0.09112724167879506,0.06250883576585269,-0.07967682151261209,-1.082400445579747,-0.11309546973575776,0.3879176471310937,0.4234650885190466,0.19990559263019933,0.20696672877503175,-0.024876872128949054,-0.0022860497346876615,-0.07648022335619634,-0.3932312489746378,-0.19318458632705168,-0.588973996515188,-1.233959790584433,-1.1068065157666347,0.033582160214577515,1,1,0,0,0,train
3108892c-5ace-4934-93fd-c3cffb6afd9c,5,4,-1,0.1545171043930313,0.1434795499580232,-0.08162497612425584,0.12957446561322716,-0.433182291360343,0.1002272705500388,0.08170659779636547,-0.07397200782784485,-1.4061628165499187,-0.38561124637663613,0.3865507126987085,0.4132955782814215,0.20187800194600436,0.20600084132610075,-0.012363514185130537,-0.002286011652346174,-0.06820481895677226,-0.40287139918022086,-0.1790405551289666,3.873589724239117,-1.3747195112468054,-1.2217882968804354,0.03358216084437946,0,0,1,1,0,train
3108892c-5ace-4934-93fd-c3cffb6afd9c,6,5,-1,0.16572366091689086,0.13921298979218297,-0.10477359239050021,-1.1632277210495074,-0.43254530652108114,0.12465935875264592,0.07705175758804597,-0.11791480659886593,-1.4168978179284584,0.2215455202456652,0.3879912461460533,0.4438041089942922,0.2009030590052394,0.2079850538133484,-0.024940029300927948,-0.002286049924498759,-0.07919113169393871,-0.3907805402625405,-0.18960796784359732,-0.5947849815183118,-1.2390295432787137,-1.1109485125656917,0.03358216244250003,0,0,1,1,0,train
3108892c-5ace-4934-93fd-c3cffb6afd9c,7,6,-1,0.03678013969347715,0.11697702356573102,0.07782322196633149,0.05500841847984098,-0.5203574813137722,-0.12964055292942633,0.005808940058578277,0.2132479767662459,-2.19237831866974,0.25756771846022397,0.38891993189845203,0.4438041089942899,0.20003751560238203,0.20700427667854246,-0.02447321542108394,-0.00228604850629431,-0.07510098928962566,-0.3371857412964433,-0.17635411872996998,-0.43674257910110414,-0.9803524024432518,-0.8992561913722916,0.033582156318344145,1,2,1,1,0,train
3108892c-5ace-4934-93fd-c3cffb6afd9c,8,7,-1,0.03932167970087766,0.06467196664669066,0.012292610681062945,-1.4041364660488143,-0.43079753924967257,0.017620649082366505,-0.012806736690640887,-0.041656384649951674,-2.4200805557995326,-0.23943411273312695,0.38861750685516366,0.4234650885190421,0.17612567248589744,0.20613355374368175,-0.12281305113822255,-0.0022863477992896676,-0.07311239534450543,-0.04321486556424378,-0.11760416691859585,-0.21950149407612388,0.4431429201961595,0.32679053071283454,0.03358215511854814,1,1,1,1,0,train
3108892c-5ace-4934-93fd-c3cffb6afd9c,9,8,-1,-0.06844977286439555,0.13015060429387162,0.26361557579907846,1.35479370627054,0.6488527941810083,-0.058148489102490195,0.07007962850672847,0.16679948863419325,-2.757930268607497,0.6929663592748517,0.38738907238729325,0.4031260680437987,0.19941522528969577,0.18207861883506696,0.07859791626647364,-0.0022857334711391336,0.031178804747446325,0.29897693922183566,0.20464304953498674,-0.12351270092990789,0.7013847601686386,0.5727430930384803,0.03358215752178493,1,1,1,1,0,train
3108892c-5ace-4934-93fd-c3cffb6afd9c,10,9,-1,0.14400414553201007,0.14127029471408672,-0.06720294915453541,-0.7463762105853209,0.5390112700694607,0.10670245475421304,0.08166423082968903,-0.08436187789928506,-1.7378513715811987,0.847496358183481,0.38880551888428766,0.4438041089942899,0.20154851627889434,0.20550753955928747,-0.011677023185359936,-0.002286009560484154,-0.06866704071830618,0.5493403231882151,0.5797494484627346,-0.08198104983359626,0.19993120480656146,0.10436896922832076,0.033582165490003084,0,0,1,1,0,train
3108892c-5ace-4934-93fd-c3cffb6afd9c,11,10,-1,0.16925605472834615,0.1453610022600464,-0.10327204968820378,1.3079283367190835,-0.19559400627510046,0.12865315899874286,0.08720877733821364,-0.1135852084703858,-1.5130570787689595,1.444734190655198,0.38830170017279175,0.4234650885190466,0.2023110954107798,0.20765359645821926,-0.017525926503405457,-0.002286027367226657,-0.07520502634206094,0.6846757902550741,0.8541946749979028,-0.09667257513544679,-0.47739804942363034,-0.4823350088059244,0.033582154090027155,0,0,1,1,0,train
3108892c-5ace-4934-93fd-c3cffb6afd9c,12,11,-1,0.17246889818799377,0.14615831462397094,-0.10753611020594013,0.09333028755717841,0.7316296294116874,0.1330724782969354,0.08839136832109497,-0.11939879626694974,-0.5868489259595903,0.609436710871697,0.36198403058716294,0.4031260680437987,0.20254920028740228,0.20842073896960212,-0.019763887162657617,-0.0022860341768508896,-0.07677152710301514,0.7940064609052708,1.0025477301810628,-0.08760914111963701,-0.6360453300100236,-0.6149733970934732,0.03358215675889107,0,0,1,1,0,train
3108892c-5ace-4934-93fd-c3cffb6afd9c,13,12,-1,0.17150033859453023,0.14624367997342752,-0.10586817492114622,1.4671747618828397,1.4248700832684662,0.13208284255863312,0.08857188843997715,-0.11762733216054604,-0.42021446277707497,0.9127539582329427,0.31680560979521666,0.33193949638043235,0.20274611945563598,0.20866026869889465,-0.01993962885859889,-0.0022860347115972813,-0.07782676006343021,0.9556802856575732,1.1223946510785068,-0.013788269413525213,-0.31846207727808573,-0.3479952794127814,0.03358215710602495,0,0,1,1,0,train
3108892c-5ace-4934-93fd-c3cffb6afd9c,14,13,-1,0.17322690134809568,0.14624026535944926,-0.10866677787495908,-1.567733996146108,0.5530698787486236,0.13431864123521525,0.08855162597765365,-0.12122076263954479,3.4608294800774653,2.697679912454473,-2.9935007763677506,-0.6036554454809735,0.20262063175038902,0.20885836625879606,-0.021315356822139177,-0.002286038896532423,-0.07876309353534781,1.7534384820827393,1.2996194862601207,0.28294839223926266,2.488691791881729,2.896375663615557,0.0335821582772846,0,0,1,1,0,train
06449b5f-e977-45df-aee9-bffbb05cf1e9,1,0,-1,0.17311914599690473,0.14618733884278617,-0.10855451300002103,0.20723506550397433,-0.38990797279376194,0.13428459971104761,0.0885608361878007,-0.12115666360937886,0.4152695557187379,-1.1666141373021512,-0.09897663633384834,0.3217699861428118,0.2027982451178155,0.2089091854040649,-0.0207730289323204,-0.002286037246819478,-0.07874228612486076,0.38475312973032805,0.7218345025008172,3.5192640454306514,-1.5880043638792014,-1.396232354092515,0.03358215754083038,1,1,0,0,0,train
06449b5f-e977-45df-aee9-bffbb05cf1e9,2,1,-1,0.17310304462258883,0.146146363475047,-0.10857656502902673,-0.5838033935721608,-0.5291594404429185,0.13428216817360705,0.08854609985156542,-0.12116831797849995,-0.03629993290877641,-0.9384735797271945,0.32186721477857155,0.362448027093303,0.20279502748434763,0.20891080384818173,-0.020793623662313517,-0.0022860373094662134,-0.07875120358649806,0.2997961396095365,0.6737762412887501,3.468650876027234,-1.8430359215755316,-1.6059445154949226,0.03358215875429175,0,0,1,1,0,train
06449b5f-e977-45df-aee9-bffbb05cf1e9,3,2,-1,0.17296432509002116,0.14607807119548175,-0.10843222447553494,-0.19345377200303654,-0.4856278177070326,0.13418612244470549,0.08846320796024196,-0.1211022765534805,-1.1186127671163906,-0.7061565584024291,0.38745263517294015,0.453973619231915,0.2027686428899111,0.20890756695994803,-0.020892478366280484,-0.0022860376101707185,-0.07877201099698512,0.27636790752884,0.5806474457354127,3.6122041874779574,-1.4607731495575735,-1.2921148984884374,0.03358215725626474,0,0,1,1,0,train
06449b5f-e977-45df-aee9-bffbb05cf1e9,4,3,-1,0.17298785786786747,0.14596880354817732,-0.1085986170580324,-0.874483796769983,-0.3447000335238679,0.13416180707030004,0.08835636952253617,-0.121176087557914,-0.9513166972676146,-0.980760520242339,0.387324171437738,0.453973619231915,0.20268691499982716,0.20888102447643184,-0.02112863127020157,-0.0022860383285254974,-0.07875566231731672,0.29106251383893933,0.5549657092177089,-0.4045145357825594,-1.222779388140025,-1.0976680064580924,0.033582157374233576,1,2,1,1,0,train
06449b5f-e977-45df-aee9-bffbb05cf1e9,5,4,-1,0.1723574271350376,0.14529270998048113,-0.1083720825782467,-0.08163857426173665,-0.5172853051339763,0.13353325464191887,0.0878921749311248,-0.12066135292173309,-1.2350108969956735,-0.38926565604737473,0.3859886838571992,0.46414312946954,0.2026386504978091,0.20879880751529628,-0.020985841142249287,-0.0022860378941819545,-0.078730396176011,0.3576595789262899,0.5710737538276264,-0.24198080034447994,-0.899634236807072,-0.8329376709433517,0.03358215580940921,1,1,0,0,0,train
06449b5f-e977-45df-aee9-bffbb05cf1e9,6,5,-1,0.17229178307051898,0.14557783024766613,-0.10793104199813293,-0.1277894711396016,-0.4938684763876183,0.13362565306465962,0.08817584940365397,-0.1205098461231591,-1.4303154326302836,-1.1932392687417042,0.38196348682086567,0.4438041089942922,0.20265248632172095,0.20875025419179105,-0.020720855616337835,-0.002286037088109148,-0.07828155060693305,0.419708259394364,0.644076627989647,-0.23296746963435502,-0.9278537744482159,-0.8561368683354974,0.033582156289572986,1,1,1,1,0,train
06449b5f-e977-45df-aee9-bffbb05cf1e9,7,6,-1,0.1718112189755524,0.14592782818043815,-0.10674223716173534,0.8106389802305864,0.02906575597850539,0.13368157842579217,0.08835636952253617,-0.12040884159077643,-1.0255364217918201,-1.1671362224984698,0.2934814128725792,0.3827870475685486,0.2027564158827332,0.20876417281119589,-0.0203364206564663,-0.0022860359186724173,-0.0781641373620418,0.4381571003450611,0.7120936195220655,-0.34513604315741214,-1.199347708286359,-1.0785193992548798,0.033582157671843485,1,1,1,1,0,train
06449b5f-e977-45df-aee9-bffbb05cf1e9,8,7,-1,0.17288505678569677,0.1460439250556991,-0.10834401635951219,0.6036074561710331,-0.2987887086384211,0.13402077789874836,0.08844662958197727,-0.12085559240708438,-1.531269618185246,-0.941083881239793,0.3231471685569136,0.4132955782814215,0.20278923574410546,0.20886872430114384,-0.020639849678364904,-0.0022860368417006727,-0.07856988186653942,0.48660091483096746,0.7323170094356053,-0.23943316649027632,-1.012401512106353,-0.9255289707703617,0.033582156961223214,0,0,1,1,0,train
06449b5f-e977-45df-aee9-bffbb05cf1e9,9,8,-1,0.17301758348198912,0.14609685157236219,-0.1084963758326424,0.7629027840170005,-0.051528325585885715,0.1341994959006285,0.08852952147330073,-0.1210537166821427,-1.1041756998978745,-1.0679446405507294,-0.22287990893630652,0.37261753733092806,0.20276252938632214,0.2089017405611274,-0.020893851348280028,-0.0022860376143475423,-0.07873634115043587,0.6749196097989784,0.785420516147264,-0.07204434784083392,-0.15977002594919937,-0.21209217196611038,0.033582156941431185,0,0,1,1,0,train
06449b5f-e977-45df-aee9-bffbb05cf1e9,10,9,-1,0.1730807504119976,0.14622148498256882,-0.10845227177463103,0.3884915111747249,-0.28978763194636237,0.1342858154797679,0.0885774145660654,-0.12114112445055077,-0.8980353346057621,-0.44982467603346077,-0.0030998686279890483,0.3827870475685486,0.20279760159112192,0.20887487438878782,-0.020630238804368116,-0.0022860368124658207,-0.07858474430260161,0.9879340115858959,0.9918531265494439,0.04373427693376692,0.5464808593027154,0.423922712128079,0.033582157362956326,0,0,1,1,0,train
06449b5f-e977-45df-aee9-bffbb05cf1e9,11,10,-1,0.17319965286848418,0.1462385580524601,-0.10862467854685731,-0.4559656133555245,-0.13943266071735438,0.13432350431009635,0.08857557252403599,-0.12120328108586317,-1.2162088421457546,0.38599482671186164,0.04839267856553297,0.31160047590518225,0.20277121699668538,0.20891015647053499,-0.020892478366280484,-0.002286037610170555,-0.07876309353534781,1.4602902192256002,1.3349756193286466,0.18704370011317778,1.3355262665615213,1.2366512556055111,0.03358215748029631,0,0,1,1,0,train
03be41f5-3b69-4b74-ae5e-7e314922554d,1,0,-1,0.1661893622047966,0.14163053648879353,-0.10268867328450783,-0.6452718779505019,-0.3714970942059478,0.13386394373383315,0.08810032568044816,-0.12097019370344164,0.30225308861885164,-1.2188202142299958,-0.5365375000714001,0.30143096566755717,0.1990497021277456,0.2055881380763062,-0.02268147391168267,-0.0022860430556247897,-0.07656791172896323,-1.743608283690892,-1.646632679516311,4.181493353758369,-1.3868335190895762,-1.2315919670959712,0.033582157252727105,1,1,0,0,0,train
03be41f5-3b69-4b74-ae5e-7e314922554d,2,1,-1,0.16653368390170564,0.13759787738046433,-0.10798116024587313,-1.2214642540794123,-0.5063465645184199,0.1332293124618506,0.08707983439615492,-0.12103235033875405,0.25331752773951344,-1.2804234046087188,0.15618512679334437,0.32176998614280955,0.18934274548187185,0.20513982905594108,-0.062200014804477094,-0.0022861633503553024,-0.07692609643806186,-1.7898110726937277,-1.6593070594767372,4.056898549076043,-1.6032063628267061,-1.4082773354371865,0.0335821569477387,0,0,1,1,0,train
03be41f5-3b69-4b74-ae5e-7e314922554d,3,2,-1,0.15888800823616794,0.12758281458221746,-0.10736570816362345,-1.1714114615392395,-0.4896723244764972,0.1292561802839983,0.08208237437036514,-0.11995432119505442,0.08167159784894666,-1.0251356770737634,0.34602709506197704,0.1387188018655811,0.18739961663062446,0.19537478463256638,-0.029071332137547427,-0.002286062552299813,-0.04850911868716594,-2.0572821661565226,-1.7099539819362235,3.9198177132871943,-2.9293528257577384,-2.5368641858184757,0.03358216047171647,1,1,1,1,0,train
03be41f5-3b69-4b74-ae5e-7e314922554d,4,3,-1,0.11835837194856225,0.0734116711240561,-0.10537300663347303,-1.385894083152277,-0.4968452107409164,0.12476877793747049,0.07461105189907749,-0.12066329531658661,0.6465544248693347,-1.1880186345992585,0.3848044087983045,0.3014309656675617,0.1719311654971806,0.19342002782824527,-0.08678463048826186,-0.002286238620654553,-0.0813060563455875,-2.0965554068089425,-2.0031524667708247,4.14670230205887,-1.5604881441877583,-1.3729329278120264,0.03358215501176555,1,1,1,1,0,train
03be41f5-3b69-4b74-ae5e-7e314922554d,5,4,-1,0.08937094391093965,0.049316447586439674,-0.08674706104330447,-1.0680823933501524,-0.4946640734337603,0.11852337402142786,0.06942938767034669,-0.11614916967702275,0.679082426699048,-1.1431213925715153,0.38874463242645746,0.26075292471706824,0.15408649204771388,0.17785901133363788,-0.09692410255487365,-0.002286270221384994,-0.07581884495142915,-1.986809719884176,-2.0462033045445738,-0.7832681238497677,-0.6311496278083161,-0.6128565918360876,0.033582154905270764,1,1,0,0,0,train
03be41f5-3b69-4b74-ae5e-7e314922554d,6,5,-1,0.07162846798208375,0.01626298427684895,-0.09684087613818108,-1.3257233144463776,-0.47398763993183096,0.11522985655820818,0.0634372249486754,-0.11720583247733374,-0.39350915554586746,-1.1958495391370543,0.3889400043570774,0.0065151687764644075,0.02398663098789182,0.15990755287845565,-0.5759231976448106,-0.002287741324541042,-0.09222102938965547,-1.7937565299684377,-1.9259014479704921,-0.689212345338319,-0.12907598542083826,-0.18794371222966952,0.03358215574306357,0,0,1,1,0,train
03be41f5-3b69-4b74-ae5e-7e314922554d,7,6,-1,-0.018074765466250534,-0.009464424742377424,0.018142412557299287,-0.08924787647865885,-0.37444384695523375,0.09781761694645763,0.06830389999037707,-0.08425504618234186,-1.4208017771191301,-1.3435927416660278,0.38892862996385635,-0.47145181239186135,-0.012065021439523893,0.029029156170659758,-0.17461428899891257,-0.0022865212448851383,0.34929587246604016,-1.5101046633529756,-1.7142789431122076,-0.5900688742394048,0.388440808660588,0.2741580579936264,0.033582158170475586,1,2,1,1,0,train
03be41f5-3b69-4b74-ae5e-7e314922554d,8,7,-1,0.045514515976220034,0.1388288457196283,0.08934440475684906,0.8259542684077018,1.3148940483510019,0.12055857085916494,0.08742429625565462,-0.10042548333783628,-2.0285992438638707,-1.402063553115146,0.388938666193169,-0.9697578140354236,0.10417230935066883,-0.007238234354817404,0.4752112264739407,-0.0022844659809355314,0.46934571351472565,-0.9975519664378935,-1.4033432960654426,-0.42607874487803876,1.5125965342683132,1.4416748776665425,0.03358215668844708,1,2,0,0,0,train
03be41f5-3b69-4b74-ae5e-7e314922554d,9,8,-1,0.1278012087012043,0.1259608729425423,-0.0589534855764982,0.3848323343296309,-0.42807592489073165,0.09633559487644479,0.0766759810140463,-0.07305908224669383,-2.381259716787179,-0.9614442392615117,0.3889359898653523,-0.11551895407501143,0.10762354300830744,0.10969467677580226,-0.006053288915239172,-0.002285991637468646,-0.06306092983565036,-0.7507548044959501,-0.8414894067804146,-0.40953529593528243,0.17993089601550677,0.08617932705547626,0.03358215762996213,0,0,1,1,0,train
03be41f5-3b69-4b74-ae5e-7e314922554d,10,9,-1,0.13910561203821425,0.13371887590115697,-0.06814116275223198,0.2877003912465,0.37422579750907514,0.12038228439472534,0.08603908064953818,-0.10160451701391858,-1.8981131641094324,-1.1660920832230812,0.38893398261948975,0.1793968428160791,0.10287624658981032,0.11316656309525058,-0.041036870263549005,-0.0022860999929164316,-0.10025863481208461,-0.42708754014241135,-0.5709534284582458,-0.3094721701652357,0.6036927880579545,0.4782580162329804,0.03358215674537331,0,0,1,1,0,train
03be41f5-3b69-4b74-ae5e-7e314922554d,11,10,-1,0.152612187954736,0.11992554273596155,-0.10619895535623156,-1.3657781442840486,-0.5199490440821048,0.13122572561084062,0.08424308967086326,-0.12082257169457467,-1.3890304262480384,-0.8429364074501926,0.3887178691482903,0.4438041089942899,0.10273563600726435,0.10839085819527478,-0.02137988697611761,-0.0022860391272427516,-0.07884186444647738,0.08320409219826003,-0.21615340027419752,-0.1548922223963818,1.5018942999014648,1.4301422374505346,0.03358215704566626,0,0,0,0,0,train
03be41f5-3b69-4b74-ae5e-7e314922554d,12,11,-1,0.14379235053139336,0.1292150000638274,-0.081015538231735,0.3757543813767578,-0.3377519001388513,0.12822156110304594,0.08579777314368545,-0.11438353275517958,-0.8972429657261975,-0.3302727049467531,0.3842269910718491,0.18956635305370187,0.11532173108018921,0.10824940617946283,0.03292567005173556,-0.0022858708164101185,-0.020286838848684634,0.5534114047743416,0.34322193815605334,-0.040993880128466574,1.3258694593885751,1.2256907399655825,0.03358215702223494,0,0,1,1,0,train
03be41f5-3b69-4b74-ae5e-7e314922554d,13,12,-1,0.1552590061788173,0.14616343654493832,-0.0796743739222072,2.081486217984872,3.0174200593391047,0.1317314853984742,0.08834531727035971,-0.1173048946148629,0.044526688273981,0.013765320692427103,0.38851313007031196,0.12854929162796058,0.11712135347876955,0.12091081819433704,-0.013100805518884163,-0.002286013524082542,-0.07037473462185113,0.9365321580221018,0.8586573439810704,0.04363818478267683,0.9110509068728965,0.7815026492095513,0.033582156995459855,0,0,1,1,0,train
03be41f5-3b69-4b74-ae5e-7e314922554d,14,13,-1,0.17316249585083213,0.14623002151751446,-0.10857456029911712,-1.3131750656503458,0.12645719027203,0.13412898131485265,0.08852583738924191,-0.12094494257034596,1.6586859296738465,1.6535583116630848,0.3404389225806842,-2.200268552787927,0.09141857557406788,0.1227212097834359,-0.1304550689476689,-0.0022863762669047636,-0.07875714856092293,1.625434990299924,1.27862954698311,0.2456874491958351,2.1699148880479506,2.3411550102553713,0.033582164043272404,0,0,1,1,0,train
c7e6eb6a-1e1d-4069-ba43-bf9554ad6d48,1,0,-1,0.17322566278084062,0.14624197266643837,-0.10866276841513987,-0.041143564203106386,0.15001493720195525,0.13429797316697062,0.0885792566080948,-0.12115860600423238,0.008629281066062255,-1.406762102061273,0.039333977987919995,0.31160047590518,0.20280468038475125,0.2089172776246491,-0.020779893842318105,-0.002286037267701726,-0.07876309353534781,1.3401005916218163,1.6509925300017252,0.0009209426138346445,-0.9164960187926748,-0.8467996404502671,0.03358215717217953,0,0,0,0,1,train
c7e6eb6a-1e1d-4069-ba43-bf9554ad6d48,2,1,-1,0.17322813991535074,0.14624197266643837,-0.10866677787495908,-1.2039464945278888,-0.10509528468509385,0.13432472007881663,0.08857188843997715,-0.12120910827042372,2.9602793486311962,-1.132158132442051,0.3518307119325151,0.18956635305369737,0.20280371509471087,0.2089172776246491,-0.02078401278831673,-0.0022860372802310574,-0.07876309353534781,1.7036523221569242,1.721016242781206,0.23312899743770862,0.8119196017802504,0.6816901534152936,0.033582157202088396,0,0,0,0,1,train
0a1d170c-085d-411d-8016-31ac50b73012,1,0,-1,0.17300891351120362,0.1460217300648404,-0.1085705508392979,-1.0953619582707008,-0.5270430980035192,0.134081566334762,0.08832873889209501,-0.12107702542038484,0.026987489452268237,-1.3154014479892648,-1.112013550695801,0.3014309656675617,0.20274322358551491,0.2088628979023232,-0.020811472428307554,-0.002286037363760899,-0.07867391891897471,-0.24566234713456647,-0.0600114814697678,-0.4440171107190181,-1.0712838999860497,-0.9737774866395614,0.033582158604549446,1,3,0,0,0,train
0a1d170c-085d-411d-8016-31ac50b73012,2,1,-1,0.1726918402939061,0.146016608143873,-0.10806335417216706,0.02065585449602467,-0.529247768895823,0.13345422967510112,0.08808558934421287,-0.12033114579663591,0.03429873605583466,-0.050970131926218944,0.33966947833337974,0.2810919451923161,0.2027734693401129,0.20885545305938574,-0.020650833534361233,-0.0022860368751115626,-0.07857434059735807,-0.2846386267243939,-0.01727736095324425,3.6998088205261115,-1.5577156400687964,-1.371418267358804,0.03358215823072606,1,1,1,1,0,train
0a1d170c-085d-411d-8016-31ac50b73012,3,2,-1,0.17256055216486885,0.14564953714120968,-0.10828186973231434,-0.5486184745317162,-0.49177995460083435,0.13260319157091,0.08692878694974329,-0.12019129336718298,-0.5946231937021628,-0.15799268064625227,0.3799682844335075,0.3522785168556802,0.202666000382286,0.20888587980878237,-0.021238469830164867,-0.002286038662641971,-0.07877349724059134,-0.29778356088897684,-0.06000267370490719,3.8157175835208763,-1.3965994664808061,-1.2396645720171229,0.03358216061730157,1,1,1,1,0,train
0a1d170c-085d-411d-8016-31ac50b73012,4,3,-1,0.17126005654704693,0.14388930363541483,-0.10824377986403179,-1.1979351098846436,-0.536160343541116,0.1308123642459478,0.08393178456789295,-0.12049042217462397,-1.0859324650920226,-1.2809454431291647,0.3821287500635476,0.453973619231915,0.20242918255905068,0.20877776774177734,-0.02179040859398043,-0.002286040341643232,-0.07874674485567941,-0.23013659275952217,-0.07441198698960574,-0.38814299189334217,-0.8931107900502869,-0.8275826031654071,0.03358215701630763,1,1,1,1,0,train
0a1d170c-085d-411d-8016-31ac50b73012,5,4,-1,0.16662781501309085,0.14359906144726242,-0.10108689408673098,0.6129853306198534,-0.4084652990925758,0.12485266597916933,0.0848270169941863,-0.11002479870389675,-1.4877819466443636,0.084243523767086,0.3884816832184656,0.4336345987566694,0.2022737708625525,0.20853953276777829,-0.02144304414809651,-0.0022860392850643785,-0.07815224741319204,-0.21994408835288526,-0.00025822217550424016,-0.5689313782653862,-1.2508827403955451,-1.1206311372134228,0.03358215811821131,0,0,1,1,0,train
0a1d170c-085d-411d-8016-31ac50b73012,6,5,-1,0.16977501440821985,0.1447156402181546,-0.1048698194261614,0.09736016019288783,-0.540902804935501,0.12958322206975176,0.08536120918271524,-0.11701936257139652,-0.9482491468480828,-0.17887521721603517,0.3866417078444767,0.4438041089942899,0.20261934469700185,0.2083831910660914,-0.019305311174810855,-0.002286032781760144,-0.07666749005057986,-0.10657684788641665,0.010914674342046425,-0.31063579877418795,-0.6112998868139145,-0.594384729293043,0.033582157676368705,0,0,1,1,0,train
0a1d170c-085d-411d-8016-31ac50b73012,7,6,-1,0.17014410745023023,0.14527051498962243,-0.10481569171860199,-0.4652967162023216,-0.4732350668357997,0.13041359210569822,0.08635959596265555,-0.11729324024574182,-1.8159408657554308,0.07797887481824595,0.3888878159646515,0.46414312946954,0.20261580530018722,0.20873083286238894,-0.02079499664431306,-0.002286037313644208,-0.07844503740361708,-0.01996551108081793,0.13518643284993173,-0.3127822605999473,-0.775792345313863,-0.7308541667726922,0.033582157212954676,0,0,1,1,0,train
0a1d170c-085d-411d-8016-31ac50b73012,8,7,-1,0.17030512119338914,0.14448173916064355,-0.10600249182508996,-0.01651063263301355,-0.1803473550551714,0.13017286989908416,0.08526173891312709,-0.11806631339743993,-1.3842538585274144,0.24712638794083538,0.38824750453450335,0.46414312946954,0.20263253699422012,0.2087272722853319,-0.020708498778341963,-0.0022860370505190827,-0.07832465167151338,0.04841380240106468,0.23012870265611998,-0.31720365588412547,-0.8885792509506169,-0.8238472496690928,0.033582156183868894,1,1,1,1,0,train
0a1d170c-085d-411d-8016-31ac50b73012,9,8,-1,0.16835685490116645,0.14292126057257712,-0.10468137481465825,-0.10677466508045295,-0.5275551169162207,0.12870422128499434,0.08297760679665848,-0.11812847003275234,-1.4631259684200373,-0.31252267955488156,0.38791028722959775,0.40312606804379647,0.2023831704004601,0.20874410410414704,-0.021843954891962537,-0.0022860405045487878,-0.07863676282881925,0.26679273599429093,0.30508525533386555,-0.16309430732525343,0.016363867239799282,-0.058768856570610074,0.03358215674133683,0,0,1,1,0,train
0a1d170c-085d-411d-8016-31ac50b73012,10,9,-1,0.16891916443496752,0.14614465616805788,-0.10180659212428028,1.466775016104397,1.0049925960848158,0.12949933402805291,0.08836557973268322,-0.11371729132042467,-1.2382880250052146,-0.4174568874896406,0.38762191290734715,0.4031260680437987,0.20272391778470766,0.20849324526603663,-0.019325905904803972,-0.0022860328445025936,-0.07713714303014488,0.6617386887916407,0.5444695253138147,-0.023572146896307714,0.9699305558464302,0.84181749975886,0.03358215619693756,1,1,1,1,0,train
0a1d170c-085d-411d-8016-31ac50b73012,11,10,-1,0.1730138677802239,0.14624026535944926,-0.1083219643305065,1.8040162126299493,-0.03471113065499542,0.13384449143430877,0.0885608361878007,-0.12045351667240722,-1.1112656538101993,0.748826799197562,0.38150449660029967,0.3522785168556757,0.20277250405007252,0.20883603172998363,-0.020572573560387386,-0.002286036637049312,-0.0785356982635964,1.0193431644981743,0.9774043649354585,0.06021332122226765,0.781384797336921,0.6513559688072572,0.03358215646171412,0,0,1,1,0,train
0a1d170c-085d-411d-8016-31ac50b73012,12,11,-1,0.17322566278084062,0.14624026535944926,-0.10866477314504948,-1.5575531531148323,0.09860929178698706,0.13430040470441115,0.08853873168344778,-0.12120522348071669,-0.11686245755627375,1.6535583116630848,0.1606679758863355,0.3522785168556802,0.20270396845720687,0.20888490874231225,-0.02107233900822038,-0.0022860381572895284,-0.07876309353534781,1.7026759530961015,1.3694059419649853,0.2647807589582443,2.151876492427482,2.312744804516589,0.03358215632597409,0,0,1,1,0,train
1fba8209-ba0e-4a7b-9204-ff79fe43fb3b,1,0,-1,0.16688172130037987,0.14623002151751446,-0.0984085749274946,2.0093217860613666,3.3431826393990995,0.12745927411543473,0.08853320555735955,-0.11028119482456046,-0.33049799653628303,-1.4039777773361097,0.12510024828419886,0.362448027093303,0.20280435862140445,0.20746618062948902,-0.014626188520374438,-0.0022860185438783715,-0.0721002634486707,0.24074759786174132,0.3835548031791515,-0.21793124876088632,-0.5661830486481659,-0.5567300135585256,0.03358215705383959,1,2,0,0,0,train
1fba8209-ba0e-4a7b-9204-ff79fe43fb3b,2,1,-1,0.17318850576318856,0.1462385580524601,-0.10860663597767084,1.246832510968373,0.8625489224950138,0.1340864294096431,0.0885792566080948,-0.12082062929972115,-0.0590577318510159,-1.4631446670492767,-1.1687008501815594,0.29126145542993664,0.20280532391144482,0.2089169539358257,-0.020775774896319484,-0.002286037255172395,-0.07875863480452916,0.3222510663157955,0.5159191689410665,-0.23233947007025943,-0.8073467857488135,-0.7569070308243311,0.033582157167126,0,0,0,0,0,train
1fba8209-ba0e-4a7b-9204-ff79fe43fb3b,3,2,-1,0.17322318564633046,0.14624197266643837,-0.10865875895532065,-1.2552917591616195,-0.24855100345869396,0.13432593584753688,0.08859215090230067,-0.12118968432188859,0.489463215931721,0.05518225405511773,-0.5685992382336452,-0.08501042336214755,0.20280532391144482,0.2089179250022958,-0.020779893842318105,-0.002286037267701726,-0.07876309353534781,0.5521975464439116,0.6052622570113195,-0.08752431021660165,0.08322469085422254,0.0002318256206922185,0.033582157492735555,0,0,1,1,0,train
1fba8209-ba0e-4a7b-9204-ff79fe43fb3b,4,3,-1,0.17320956140652471,0.14623514343848185,-0.1086447258459534,-0.7993461714977237,0.018772855342109984,0.13432715161625716,0.0885792566080948,-0.12120522348071669,2.3847082306869445,-0.6435091976310688,0.36511533413271496,-2.74942210561961,0.20280468038475125,0.2089179250022958,-0.02078263980631719,-0.0022860372760546126,-0.07876309353534781,1.0381853789817153,0.8573267275818242,0.08250349346637183,1.396273831743548,1.3061798428420497,0.033582157358155874,0,0,1,1,0,train
8a1e11d7-6add-484d-bc16-6b13eabddf49,1,0,-1,0.17037571952692804,0.1452534419197311,-0.10521062351079477,0.2560836855757518,-0.0019528446003703919,0.12965616819296813,0.0864940650308025,-0.11594133342769689,-0.013204359570595245,-0.4399056174138821,-0.03305332955261994,0.3726175373309258,0.20266728743567314,0.2081083792550517,-0.017935075139268737,-0.002286028612821447,-0.07553794490985387,-1.2150706937338083,-1.2462315413600416,-0.5640146525821461,-0.37788211998103083,-0.39882450825732374,0.03358215392847649,0,0,0,0,0,train
8a1e11d7-6add-484d-bc16-6b13eabddf49,2,1,-1,0.17000662648491766,0.14523124692887238,-0.10463927548655648,0.2607113822852827,-0.3715798443619634,0.12501314745024536,0.08537778756097993,-0.10970041876336012,-0.20457179167235817,-1.4135488906616167,-0.06944202071253273,0.362448027093303,0.20268948910660145,0.20877906249707082,-0.020685158084349762,-0.0022860369795197986,-0.07832167918430094,-0.9950744797730475,-1.0799307293197575,-0.47938569217185933,0.02616080530573446,-0.050519860580723365,0.033582156022679464,1,1,0,0,0,train
8a1e11d7-6add-484d-bc16-6b13eabddf49,3,2,-1,0.1716663066067094,0.144500519537524,-0.10818363796674355,-0.9633985750530631,-0.48004929322721895,0.1302215006478951,0.08469254792603935,-0.11874420920131591,1.109238945735172,-0.135544075191005,-0.013728904552057275,0.17939684281607457,0.20145359609159214,0.20880139702588324,-0.026053517702555862,-0.0022860533097640748,-0.07844206491640464,-0.7568632550550879,-0.8387736167227806,-0.4136644403048716,0.13092807075442298,0.04238644911555962,0.033582157443559205,1,1,1,1,0,train
8a1e11d7-6add-484d-bc16-6b13eabddf49,4,3,-1,0.16410237638000622,0.145355880339079,-0.09493638272405343,0.9348203876550077,-0.325581124610352,0.12336942814043621,0.08659353530039064,-0.10579232031809227,0.22026359698084802,0.7148930662372718,0.16785190882834233,-0.27823111787700333,0.20270976019744905,0.2075581082553256,-0.015419772116109254,-0.0022860209587841373,-0.07288797255996646,-0.5353680555795812,-0.5776494359611105,-0.36348293609454924,0.03455066056774742,-0.042874231691473676,0.03358215707365207,0,0,1,1,0,train
8a1e11d7-6add-484d-bc16-6b13eabddf49,5,4,-1,0.17111885987996914,0.14587490166377506,-0.10568373976946228,0.8011657679838772,-0.3657178299982021,0.13122329407340008,0.08795664640215417,-0.11690281888018574,-0.18415331239226113,1.0088134024097546,0.38313438024067675,0.17939684281607682,0.20276252938632214,0.20882178942175544,-0.02055472479439335,-0.002286036582752938,-0.07845989983967926,-0.3577638311567191,-0.33484915409293275,-0.3360739280095146,-0.22324511385163442,-0.26674170975492983,0.033582157478241996,0,0,0,0,0,train
8a1e11d7-6add-484d-bc16-6b13eabddf49,6,5,-1,0.1727971185105869,0.14584758475194895,-0.10843222447553494,-0.666544208226066,-0.4635257647402129,0.133685225731953,0.0879271737296836,-0.12086724677620546,0.6315694047250618,1.0270854507634475,0.3082507279290995,0.18956635305369962,0.20274611945563598,0.20887487438878782,-0.020849915924294707,-0.0022860374807020206,-0.07866202897012496,-0.18576244889617177,-0.1401616129951469,-0.2954558782164365,-0.25664575785425187,-0.2953192053188937,0.03358215679213149,0,0,1,1,0,train
8a1e11d7-6add-484d-bc16-6b13eabddf49,7,6,-1,0.1727537686566595,0.14623002151751446,-0.10791299942894646,0.9563651597083039,0.00621092090369771,0.1337435826305261,0.08849820675880075,-0.12035833932458509,1.1244983306395633,0.0868538875141817,0.05776384041574697,-0.02399336193640173,0.20275480706599924,0.20885836625879606,-0.020742823328330495,-0.0022860371549365327,-0.0785446157252337,0.025812607701321186,0.04838416223369804,-0.22603179071989538,-0.023195567418174634,-0.09347227298507406,0.033582159246424485,0,0,0,0,0,train
8a1e11d7-6add-484d-bc16-6b13eabddf49,8,7,-1,0.17321327710828993,0.14624367997342752,-0.10864071638613418,0.6616311615874152,0.19906054965366624,0.13424691088071913,0.08854794189359483,-0.12111004613289456,1.1016919296623817,-0.019124490813214486,-0.1797957146609367,-0.27823111787699656,0.20271683899107837,0.208867105857027,-0.02094190571826397,-0.0022860377605266355,-0.07873634115043587,0.3470483024940681,0.28031010690333663,-0.11553210936458405,0.5905798150314756,0.4658557092744901,0.03358215980446639,0,0,1,1,0,train
8a1e11d7-6add-484d-bc16-6b13eabddf49,9,8,-1,0.17322813991535074,0.14624367997342752,-0.10866477314504948,-1.5658984256710635,0.2534240951222781,0.13426393164280298,0.08851294309503603,-0.12117414516306048,1.5825339427144955,1.3055178610452849,-1.4636756659101469,-0.2477225871641304,0.20265634748188238,0.20882891057586955,-0.021038014458231852,-0.002286038052885919,-0.07876309353534781,1.0646689576526946,0.632444678787924,0.10634134360682168,2.2601876419236215,2.4876312864394268,0.033582164408848744,0,0,0,0,1,train
fb6e5e4d-3ca4-46ea-b13e-7efc2f5fcfb2,1,0,-1,0.1707621525105094,0.14611733925623177,-0.10482170590833081,1.6007356140256936,0.9328836568091263,0.1312998875027773,0.08846689204430078,-0.116487146381534,-0.26863948953236605,-0.3146108958711616,-0.18698968383225617,0.3217699861428073,0.2027779740269679,0.20834175889670026,-0.01845268935309577,-0.0022860301878795323,-0.0762349931611703,1.1067637517393123,1.1173432644907786,0.0744980776279919,0.5698508467085723,0.4461152943809024,0.033582157475085056,0,0,0,0,1,train
fb6e5e4d-3ca4-46ea-b13e-7efc2f5fcfb2,2,1,-1,0.17303492342356006,0.14623514343848185,-0.10836205892869866,-0.6128967881380757,-0.16177427389953195,0.13422867434991506,0.08852952147330073,-0.12110033415862699,1.9121100703330738,-0.7827254027719875,-4.534623335621647,-0.013823851698778932,0.2027178042811187,0.20889041145230952,-0.021036641476232312,-0.0022860380487005542,-0.07876309353534781,1.624760066481194,1.4652353020300872,0.23306809799712258,1.5345431774513922,1.4694402438486618,0.033582158346604,0,0,0,0,1,train
d568bf2d-dc62-430b-8234-56cc72aabbcd,1,0,-1,0.17184837599320446,0.1444202761090348,-0.1085725555692075,-1.4395418958076702,-0.5410219823829664,0.13260440733963025,0.08641669926556726,-0.12073322153131306,-0.20399810883296413,-0.059323246129327496,0.22961218769067657,0.3726175373309258,0.2021141762425461,0.20817667759678243,-0.020584930398383255,-0.002286036674565936,-0.07848070725016631,-1.8245485082516713,-2.0975454878950437,-0.6607673487994892,0.5830583166019275,0.4536564848069827,0.03358215461984037,1,1,0,0,0,train
d568bf2d-dc62-430b-8234-56cc72aabbcd,2,1,-1,0.17095041473327982,0.14538319725090512,-0.10598845871572271,-0.294392048626356,-0.4941860956017412,0.12550431801323567,0.08753666081944865,-0.10820865951586225,0.013261931614441736,0.9341586422335413,0.21998878194373755,0.36244802709330526,0.2023439152721521,0.20822264140970073,-0.019799584694645687,-0.0022860342853395785,-0.07721145521045579,-1.5969105875321066,-1.7480327265989446,-0.6275803385646574,0.07194221759937164,-0.011543063684733693,0.03358216595516077,1,1,0,0,0,train
d568bf2d-dc62-430b-8234-56cc72aabbcd,3,2,-1,0.17244660397740255,0.14601831545086214,-0.10766441292015505,0.4248791445760678,0.18153810193374328,0.13337520470828337,0.08821453228627159,-0.12006892249141167,0.013148095383482643,0.5974293114668441,-0.062375177112507015,0.362448027093303,0.20257236724837094,0.20845375522958567,-0.019805076622643854,-0.0022860343021736825,-0.07685772923217582,-1.3040902722574155,-1.4984988701294817,-0.5362817647947936,0.43809119256242063,0.3209220562104345,0.03358217032716933,1,1,1,1,0,train
d568bf2d-dc62-430b-8234-56cc72aabbcd,4,3,-1,0.17291354383256335,0.14599441315301429,-0.1084482623148118,-0.6058091519187789,-0.5400601953125512,0.13379099761061675,0.08819611186597749,-0.1207526454798482,0.45130202566874994,0.7096723387430803,0.20982676522368543,0.32176998614280955,0.2026907761599886,0.20868357429417717,-0.020274636466486945,-0.002286035730704353,-0.07813292624631121,-1.0778538586459243,-1.1775128837343876,-0.4980473712871025,0.06237733930663777,-0.018691500496540534,0.033582158107441654,0,0,1,1,0,train
d568bf2d-dc62-430b-8234-56cc72aabbcd,5,4,-1,0.1729829035988472,0.14623002151751446,-0.10828387446222394,0.1117612149693055,0.09716363504251366,0.1339332425508887,0.08854609985156542,-0.12061085065554177,0.9669938394822586,0.6856575399333745,0.1911152192931496,0.24041390424182038,0.2026907761599886,0.20880269178117672,-0.020779893842318105,-0.0022860372677017413,-0.0785446157252337,-0.8087183528371938,-0.9295153419195369,-0.4178664138633012,0.30599923759636694,0.2001168438131627,0.03358216382444151,0,0,1,1,0,train
d568bf2d-dc62-430b-8234-56cc72aabbcd,6,5,-1,0.17321079997377978,0.14624026535944926,-0.10864071638613418,0.2529682706649704,0.2670285626219069,0.13425906856792189,0.08856820435591833,-0.12110810373804105,0.9191478327411101,0.23772935228307815,0.3687611617010297,0.38278704756855314,0.20263478933764764,0.20880269178117672,-0.021018792710238276,-0.002286037994418268,-0.07868878135503689,-0.6042810463704026,-0.6344923489795911,-0.3869038483890457,-0.06477906391030716,-0.12987862118970367,0.03358215323468828,1,1,0,0,0,train
d568bf2d-dc62-430b-8234-56cc72aabbcd,7,6,-1,0.17322318564633046,0.14624197266643837,-0.10865875895532065,-0.7653606580357799,0.2801648433385109,0.13431985700393553,0.08856820435591833,-0.12120522348071669,1.7051942288600912,-0.30469158831359444,0.2964354097002741,0.31160047590518225,0.20258008956869383,0.2087463699259106,-0.02101330078224011,-0.0022860379777195124,-0.07875120358649806,-0.1439221126245835,-0.41039071719683573,-0.2172785176042205,1.2812725842053334,1.1754587337479048,0.03358216784827653,0,0,0,0,0,train
d568bf2d-dc62-430b-8234-56cc72aabbcd,8,7,-1,0.17322566278084062,0.14624197266643837,-0.10866276841513987,0.08276192441801274,-0.43214609368376977,0.13427001048640433,0.0885424157675066,-0.12115277881967185,0.6573487419906078,0.0659713509443988,0.368991994975221,-1.183317529025543,0.20258008956869383,0.20869134282593801,-0.020779893842318105,-0.0022860372677017556,-0.07876309353534781,0.20537595149101792,0.094249018285914,-0.14571823184826682,0.7384461613795958,0.6089888212925653,0.03358216987187245,0,0,1,1,0,train
d568bf2d-dc62-430b-8234-56cc72aabbcd,9,8,-1,0.1732219470790754,0.14624026535944926,-0.10865875895532065,-1.5595470590360938,1.4895492698743633,0.1342444793432786,0.08850004880083016,-0.12115666360937886,2.0854787175732383,2.697679912454473,-0.4266213857210284,-7.142650528273156,0.20219719118601717,0.20869134282593801,-0.02241374242177214,-0.002286042237876466,-0.07876309353534781,1.022334783410754,0.4771452102760939,0.10004759131805138,2.5385657650619655,2.994309187312157,0.033582225376516305,0,0,1,1,0,train
155b83bd-343a-4520-b454-7e1a5e376216,1,0,-1,0.1727463372531291,0.14610709541429698,-0.10804531160298059,0.9853041070416387,-0.1942653219110209,0.1342080062816704,0.08853136351533014,-0.12106537105126376,-0.5112508276604051,-0.5652000900186142,-1.298803836171429,0.362448027093303,0.20274290182216811,0.20876967552119313,-0.02041742659443923,-0.002286036165090656,-0.07810914634861171,0.5878191910870828,0.6306660030952087,-0.07467616951796327,0.15457898170200235,0.0637182428333195,0.033582156888970656,0,0,0,0,0,train
155b83bd-343a-4520-b454-7e1a5e376216,2,1,-1,0.17293212234138938,0.14621294844762314,-0.1082217278350261,0.730379584131501,-0.1132086272157838,0.13428216817360705,0.08858109865012422,-0.1211314124762832,-0.21871163193640275,1.3063878993149873,0.3218411205823586,0.34210900661805516,0.20278151342378256,0.20885512937056236,-0.020615136002373163,-0.002286036766522762,-0.0785520469432648,0.8420422165202881,0.8963747312426279,-0.00735169888648865,0.2217909395334543,0.12405520769468115,0.03358215701060224,0,0,1,1,0,train
155b83bd-343a-4520-b454-7e1a5e376216,3,2,-1,0.17318479006142334,0.14624026535944926,-0.1085986170580324,-1.317666204984665,-0.3052426077058969,0.13432958315369772,0.08857373048200658,-0.12121493545498425,-1.1577340751104856,-0.04313928962292031,0.0165925514473714,0.4234650885190421,0.20260969179659824,0.20889397202936658,-0.021513066230073107,-0.002286039497932204,-0.07876309353534781,1.3947442939833532,1.17505084873288,0.1784080086929579,1.6775406810305553,1.6464582199893365,0.0335821573283872,0,0,1,1,0,train
a44fd169-0e47-4d44-8f83-d67dd1674bee,1,0,-1,0.15053882636975136,0.1454088068557421,-0.07292043885673762,1.9741710764660467,1.6163147800925481,0.11493685629662237,0.0878903328890954,-0.09095242363725414,-0.09129722119827793,-0.5845163709994414,-0.7859779434084185,0.4031260680437987,0.20266503509224562,0.20306692583109054,0.0034395086295886993,-0.0022859635157841426,-0.0525026552570748,-0.5073301920149546,-0.3431540193695438,-0.5183449824431187,-1.0922755250171792,-0.9909679011958444,0.03358215808995018,1,1,0,0,0,train
a44fd169-0e47-4d44-8f83-d67dd1674bee,2,1,-1,0.17213696216363542,0.14568026866701403,-0.10756016696485543,0.2877436858229531,-0.2638085976157342,0.13347854504950657,0.08802480195724234,-0.1204340927238721,-0.11570522273615046,-0.7849876889767052,0.3229578183638813,0.31160047590518225,0.20264154636793016,0.20877679667530724,-0.020880121528284615,-0.0022860375725900174,-0.07861446917472598,-0.5240788522798101,-0.30411439689461417,3.847592352266401,-1.419098138515907,-1.2580455050615997,0.033582159840290365,1,1,0,0,0,train
a44fd169-0e47-4d44-8f83-d67dd1674bee,3,2,-1,0.17232027011738554,0.1459141697245251,-0.10758221899386113,-0.07288106847188569,-0.4168739151368615,0.13298494294907573,0.08819058573988925,-0.11947066487652971,0.011568317724455658,-0.5996560948787143,-0.16182417337172147,0.2505834144794432,0.20273678831857916,0.20875316739120137,-0.020373491170453912,-0.002286036031437071,-0.0782042659394097,-0.59780628473158,-0.32247406989362626,3.7097733511896163,-1.7736347218936726,-1.548667757525507,0.03358215718439664,0,0,1,1,0,train
a44fd169-0e47-4d44-8f83-d67dd1674bee,4,3,-1,0.17256922213565432,0.1457588047885141,-0.10816760012746668,-0.0009831337340088498,-0.2731997556449513,0.1334335616068565,0.08812979835291872,-0.12025150760764189,-0.4888771204023384,-0.6043546127075929,0.14438185203969414,0.19973586329132018,0.20269817671696472,0.20884897928291837,-0.02094465168226305,-0.002286037768881275,-0.07871850622716126,-0.6738689358383726,-0.4032931640459865,3.7254192637194232,-1.7880993445796667,-1.5605786232649805,0.0335821497947713,0,0,0,0,0,train
a44fd169-0e47-4d44-8f83-d67dd1674bee,5,4,-1,0.17248871526407486,0.1454412456885356,-0.10841017244652926,-0.9617773838404898,-0.519628435997001,0.13370103072531656,0.0878369136702425,-0.12098767525712326,-0.17282254542220465,-0.9724074682737275,0.3228521034151212,0.33193949638043235,0.20265441690180167,0.20881013662411418,-0.02096661939425571,-0.0022860378357092816,-0.07882848825402142,-0.6057554437571001,-0.4866720958336811,-0.4817830238385333,-0.8901912611030417,-0.8252030811697262,0.033582158413007004,1,1,1,1,0,train
a44fd169-0e47-4d44-8f83-d67dd1674bee,6,5,-1,0.1699694694672656,0.14170053607534794,-0.10872491504233772,-1.082298829285011,-0.5038475920181189,0.12968656241097495,0.08403862300559874,-0.11857910563876732,-0.42990829608777886,-0.4639202295200966,0.36248918746256714,0.40312606804379647,0.20235968167614465,0.20876611494413608,-0.022037545353897847,-0.0022860410934306104,-0.0788344332284463,-0.4152159193459187,-0.4120069332679902,-0.3449199806798741,-0.14656707488592022,-0.20076475246687753,0.03358215657642631,0,0,0,0,0,train
a44fd169-0e47-4d44-8f83-d67dd1674bee,7,6,-1,0.163863332899778,0.13917372173143294,-0.10180859685418989,0.07686870256309208,-0.4618007193908535,0.1263966922539161,0.08214316175733567,-0.11532170946942628,-0.9817595972413512,-0.5218690102280811,0.38697758698547396,0.4438041089942922,0.20153242811155497,0.20846961598193073,-0.024309830563138537,-0.002286048006223593,-0.07866648770094362,-0.1559571361582003,-0.2031398772613014,-0.25661484457855654,0.25028156682427666,0.14974026908347854,0.03358214704778644,0,0,1,1,0,train
a44fd169-0e47-4d44-8f83-d67dd1674bee,8,7,-1,0.14683551027709663,0.1418388279414676,-0.07111818666799996,0.2892974676043131,-0.16297156870291504,0.11004825027240446,0.08587698095095009,-0.08526509150616854,-0.7328875573906143,-0.26605927528992845,0.37794029703039467,0.3522785168556757,0.2019069606472152,0.20763741201705085,-0.019181742794852148,-0.00228603240517551,-0.07479036437592601,0.06352833873423983,0.08105637522560494,-0.21376573791969575,0.02279557643473803,-0.053124903349453724,0.03358215477212267,1,1,0,0,0,train
a44fd169-0e47-4d44-8f83-d67dd1674bee,9,8,-1,0.1677499569461829,0.1460439250556991,-0.10003240615427714,1.600545835726837,0.0075332513042933764,0.1306360777815082,0.08829005600947741,-0.1156130686974532,-0.6609561815028392,1.4421235779701138,0.3828353006071593,0.37261753733092356,0.20267500975599603,0.20801418580745154,-0.017502585809413256,-0.002286027296872756,-0.07517976020075523,0.21987862457769086,0.32165362201039727,-0.20135583189920606,-0.35041835238815505,-0.3751481788065132,0.03358215725196887,0,0,0,0,0,train
a44fd169-0e47-4d44-8f83-d67dd1674bee,10,9,-1,0.17306341047042664,0.14617368038687312,-0.10848033799336554,-0.2692626875345495,-0.2647458072296108,0.13410709747788774,0.08837294790080086,-0.12107119823582431,0.5841434685292358,0.08737591047600315,0.3774625725151117,0.3014309656675617,0.20266760919901994,0.20878683102883167,-0.020811472428307554,-0.0022860373637622546,-0.07865311150848765,0.36510450496496244,0.4930428600744843,-0.17100555119055724,-0.4174871179506044,-0.43188860417740493,0.033582155722923744,0,0,0,0,0,train
a44fd169-0e47-4d44-8f83-d67dd1674bee,11,10,-1,0.1729395537449198,0.14624026535944926,-0.10820168053593002,1.3784652963515664,0.7072761878967071,0.13363416344570153,0.08852952147330073,-0.12015050307525922,0.36222171720613805,0.16255256914504354,0.37024986904907525,0.40312606804379647,0.2026663221456328,0.2087793861858942,-0.020785385770316273,-0.002286037284407943,-0.07857285435375186,0.6702399174570483,0.6522376632850296,-0.03777098367387468,0.5039253582695823,0.3837356472244783,0.0335821596542656,0,0,1,1,0,train
a44fd169-0e47-4d44-8f83-d67dd1674bee,12,11,-1,0.17321946994456527,0.14624026535944926,-0.10865474949550144,-1.1587498168447774,-0.02694391192461313,0.1342809524048868,0.08852583738924191,-0.12118774192703508,1.0513838942102867,0.609436710871697,0.3137104366751902,0.2810919451923161,0.20251155397582818,0.20877809143060072,-0.021440298184097425,-0.0022860392766226234,-0.07876309353534781,1.2204761995180018,0.986723306027972,0.1344242692934853,1.6676207242162058,1.6338813429108698,0.03358216157616172,0,0,1,1,0,train
c027d66f-ffaf-452b-9865-ec35878b9f21,1,0,-1,-3.5224967740330744,-4.918402259857427,-0.07374638757949614,-1.5486786622388657,-0.5393571834510182,-0.464695470318195,-0.8130542657374475,-0.11491963373474913,-0.5482294323342485,-0.7746044232431272,-0.14536542638090225,0.31160047590518225,-0.6923953283826146,-0.6805653666831953,-0.06775372699262125,-0.00228620814456867,-0.05364260410304431,-3.733877612407602,-3.9552502041419024,-1.1163194362143263,-0.4320043118672361,-0.6410870761205136,0.03358215089264626,1,2,0,0,0,train
c027d66f-ffaf-452b-9865-ec35878b9f21,2,1,-1,-3.7145564440075223,-4.5456254372364215,0.6748357985074336,-0.9305202699109558,-0.4651231595205458,-0.7022420890349047,-0.9195924505924434,0.1522587207607961,-0.6023443224279887,0.5450491490919377,-1.1374975441665245,0.23024439400419533,-0.6876020198055269,-0.6916397323970948,-0.00032658099515281837,-0.002285962682928123,0.5444842452707034,-3.6096357014303377,-3.841015535101931,-1.0986695613649757,-0.3525126503718236,-0.538918085886218,0.0335821571817127,1,1,0,0,0,train
c027d66f-ffaf-452b-9865-ec35878b9f21,3,2,-1,-3.659618554841705,-4.773725065598402,0.3180780732534009,-1.4307778846151398,-0.5410945041025317,-0.5879306508799519,-0.9485548774208595,-0.06091328722767801,0.466251195562592,1.0920530380563418,-0.4252049392240341,0.20990537352894972,-0.7455715478893875,-0.6868177399953773,-0.2681390768436602,-0.002286938327040377,0.47297660664471725,-3.4682604916241746,-3.7048230980804835,-1.0758017900683872,-0.29487176312972524,-0.45152908632235506,0.03358215715217765,1,1,1,1,0,train
c027d66f-ffaf-452b-9865-ec35878b9f21,4,3,-1,-4.327990318396071,-1.9159492618402183,4.755513647762397,0.1485553238760009,-0.17439361695538655,-0.7607922948345343,-0.45869143032966636,0.7318130155982769,0.8543653382582281,0.2689370898006284,0.32119545649657705,0.026854189251712263,-0.2551237665491248,-0.745134165791056,2.071987918958359,-0.002278314599216519,2.777930879540988,-3.247320881101755,-3.5498493520517127,-1.0160596303725309,0.16285094172004036,-0.04570803289134111,0.03358215745752066,0,0,1,1,0,train
c027d66f-ffaf-452b-9865-ec35878b9f21,5,4,-1,-1.7024048527683795,0.02298294458607153,2.7824785180252323,1.1267259531878417,-0.10722059257625834,-0.4826791212284739,0.05929815650859076,0.833689683270172,0.7393180674757515,1.143098768344055,0.10901886351553587,-0.30873964858986946,0.19219839518460752,-0.25175147677193344,1.8879685145418517,-0.002279692906157632,1.9996475251958699,-3.096403502684366,-3.3076580998813876,-1.010282641401262,-0.3266512305713503,-0.4028589162090413,0.0335821569442132,1,2,1,1,0,train
c027d66f-ffaf-452b-9865-ec35878b9f21,6,5,-1,0.07420840357439139,0.07400752126326307,-0.0332127535371306,-0.3322659422157304,-0.4467180635968673,0.10750364634087298,0.06987147775740513,-0.09807712795993925,0.8713538340709026,0.8414638439088892,0.26725139302294765,-0.796876139995818,0.19635525586175026,0.19824752293996,-0.0030423393902453163,-0.002285983206010114,-0.0371527312920511,-2.9347441991756043,-3.142224347342654,-0.9731379458323764,-0.27852962507551915,-0.34806934553152025,0.033582157086403816,0,0,0,0,0,train
c027d66f-ffaf-452b-9865-ec35878b9f21,7,6,-1,0.10274747026567918,0.055373972783879136,-0.10128536234778218,-1.406634765001966,-0.45166095484807245,0.11904372303370472,0.06853968137014158,-0.11791869138857296,1.3924331706873627,0.07809487992087293,0.3699708618741831,-0.807045650233434,0.1885177442607097,0.202429258849055,-0.054222989387142706,-0.0022861391192003184,-0.07703607846492203,-2.5519775584230002,-2.9650154301675387,-0.8287058247044105,0.9498436710861833,0.7796964858434775,0.03358215752272682,0,0,1,1,0,train
c027d66f-ffaf-452b-9865-ec35878b9f21,8,7,-1,0.05452013848782291,0.14089639448346686,0.07719574150462416,1.16230781395385,0.9415931200191867,0.09931301247239348,0.08693247103380211,-0.06700075269858727,0.8557793469490659,-0.03153790807726186,0.2834264492651955,-1.2443345904512573,0.19831157701021596,0.19454484648945009,0.021010932259717004,-0.0022859098077810157,-0.022559305322592576,-2.2041280392825895,-2.545431400876896,-0.749430203084992,0.7460070194521896,0.6016004661678855,0.03358215739806107,1,1,1,1,0,train
c027d66f-ffaf-452b-9865-ec35878b9f21,9,8,-1,0.16932541449462998,0.14021688630179244,-0.10942456578079093,0.6280859405085458,1.3109208518164557,0.1337204830248409,0.08882793228206518,-0.11997374514358955,1.414391272722257,-0.005435017420270246,-0.09089613357324328,-1.0307748754611537,0.20111445752407853,0.20439728689513423,-0.008819847644314694,-0.0022860008563959293,-0.06581493923797306,-2.02233227262188,-2.1641230858660268,-0.7505454471296003,-0.19387187203688147,-0.24536259961080992,0.03358215730661685,0,0,0,0,0,train
c027d66f-ffaf-452b-9865-ec35878b9f21,10,9,-1,0.16810790288289768,0.141999314798446,-0.10536097825401539,1.5217550903637025,-0.3777941321222697,0.13446331771292774,0.08882424819800636,-0.12116443318879293,1.1418306903071729,0.1268205081560465,0.3811846754262027,-0.2578920974017442,0.20110802225714278,0.20721694023549544,-0.02080735348230893,-0.00228603735125698,-0.07878835967665353,-1.835097698868588,-1.9648408283174033,-0.7018745283932102,-0.1632469635285397,-0.21762177074953037,0.033582157315151975,0,0,1,1,0,train
c027d66f-ffaf-452b-9865-ec35878b9f21,11,10,-1,0.16955950370583792,0.14143761079902165,-0.10837007784833709,0.18363884836433775,-0.02263480995208726,0.13435876160298427,0.08823847883265391,-0.1216150687948079,0.3918062841373452,-1.1058230448763142,0.34840434324517067,-0.9290797730849188,0.20098092573516185,0.20721046645902808,-0.02132222173213688,-0.002286038917915839,-0.07878538718944109,-1.4558673304273175,-1.7595966181023892,-0.5576567542435016,0.8940733907680032,0.7616596032466721,0.03358215721511565,0,0,1,1,0,train
c027d66f-ffaf-452b-9865-ec35878b9f21,12,11,-1,0.16880893194926644,0.13659739548483313,-0.11283862081685347,-1.4497621077413685,0.3488744493079904,0.13422502704375422,0.08965316711124093,-0.11990964611342363,-1.3396792541068776,-1.3830953496766967,0.3445163080094436,-0.9494187935601667,0.19802198999810755,0.2070826093737976,-0.033405836310099,-0.002286075687257305,-0.07875566231731672,-0.6793089169543651,-1.343889006521871,-0.32897389371076474,2.432251142978813,2.7882454172650886,0.033582157239646984,0,0,0,0,0,train
c027d66f-ffaf-452b-9865-ec35878b9f21,13,12,-1,0.1703658109888875,0.1418763886952285,-0.10915994143272267,-1.5647463338844978,0.4383523750802781,0.1337849187670154,0.08822374249641864,-0.12071379758277793,-2.580071172294322,-1.4370416276129403,-6.211930835828888,-2.9121342694215904,0.18474024256942892,0.20410596695410277,-0.07745384481937985,-0.002286209815814246,-0.07867391891897471,0.1389695123075219,-0.4926353354499266,-0.12179110493665068,2.5420180410841846,3.0010398404519485,0.03358215724440552,0,0,1,1,0,train
b1845a58-3240-4219-9ed9-306a6abf4547,1,0,-1,-1.3263448699482139,-0.6897733333947176,1.3368697849367635,0.28933414461597157,-0.5017256817324284,-2.6603093433891396,-0.8638062077317565,3.339425661778225,-0.07048869887128288,-0.2415224535184012,0.1276133201040906,0.37261753733092806,-5.199616989171823,-5.218601840718832,-0.05145309608166791,-0.002450679119099492,-0.005647128873016439,-1.9529660808947191,-1.9840976979522265,-0.7951765852966479,-0.7721435848310507,-0.7292118698631199,0.03358215607290796,1,1,0,0,0,train
b1845a58-3240-4219-9ed9-306a6abf4547,2,1,-1,-0.7851504307115337,-0.3430602592697979,0.868011572597267,-0.16558137422279148,-0.44313591449919043,-1.5160484919363943,-0.8445384481041261,1.5315940965321904,-0.47877118787808404,-0.5062072633869867,-0.27405531128354826,0.4438041089942922,-5.2055656116695355,-5.2258332339527644,-0.04616299509663292,-0.0021850904656605307,-0.05584500449592844,-1.8877654265315933,-1.8888024719857162,-0.8048494010140178,-0.9072557884563305,-0.8400601134682214,0.033582156250347835,0,0,1,1,0,train
b1845a58-3240-4219-9ed9-306a6abf4547,3,2,-1,-0.46629243799945047,-0.3526416660928053,0.3406613556851358,0.14687726647103974,-0.5365426856299884,-1.4076858101297376,-0.8764499842216279,1.3248164524014807,0.39720324942962054,-0.21594133688524259,-1.853219194124176,0.3421090066180529,-5.168787923502524,-5.231817453834156,0.13615253597683874,-0.002541747632875056,0.012321981589227196,-1.8332746105093667,-1.8173303258857407,-0.8078339175919111,-0.9740486283563998,-0.894686024534647,0.03358215638972084,1,2,1,1,0,train
b1845a58-3240-4219-9ed9-306a6abf4547,4,3,-1,-0.15050113781091679,-0.1563781911571647,0.05997912104091007,-0.226649832417402,-0.2046806942646266,-0.5865799318317285,0.09071786740424001,1.0328201188626018,0.16781752692192908,-0.7865538200966666,-0.3352803245825403,0.016684679014098498,-5.330532515916643,-5.194819682870324,-0.7109530168072512,-0.0027105058087362574,0.06638515229455505,-1.733090500479793,-1.7575981713254942,-0.728635662539822,-0.6910669668482778,-0.6616257545915089,0.03358215736561828,1,2,1,1,0,train
b1845a58-3240-4219-9ed9-306a6abf4547,5,4,-1,-0.006966055755541384,-0.09016711881164623,-0.09459958809923927,-1.3232436904854004,-0.42037670471693156,0.09301046742649802,0.010710613898838737,-0.13730573442148464,1.7705893992829964,-0.8523335053424469,0.35661665515074875,-0.7053505478572083,-5.171307192250179,-5.357532177402366,0.6586433700194103,-0.00236865270176884,0.4344745951797664,-1.6007908481471553,-1.6477775963807857,-0.6718571394687852,-0.49473503544860253,-0.497819289745294,0.03358215701381675,0,0,1,1,0,train
b1845a58-3240-4219-9ed9-306a6abf4547,6,5,-1,-0.047591061721787356,-0.1295410325950027,-0.0750775282394759,-0.8793963291709717,-0.22656742311364622,0.00171960998991535,0.009682754446427862,0.007462896405681126,0.5987627452428782,-0.9682310978756645,0.38140078889740214,-0.1460274847878866,-5.157799933963374,-5.197354027272256,0.036856324440828335,-0.002246897076577844,-0.48953661677912325,-1.3328750375008647,-1.5027523635383084,-0.5496710133927877,0.30009989896540434,0.193895745291334,0.033582157206211515,0,0,1,1,0,train
b1845a58-3240-4219-9ed9-306a6abf4547,7,6,-1,-0.0013677317626318776,-0.12499276677595571,-0.1445534479868531,-1.0980493625500183,-0.4492081856019792,0.02868292866813094,0.009108037333251889,-0.03622156384982274,0.9037476938705677,-0.703024171693512,0.3813332116200302,-0.5731469147680939,-5.094082518462225,-5.183765939674819,0.2511058427212187,-0.0021675745859357615,-0.6029985901530203,-1.1284588999454546,-1.2090663852602375,-0.5184482412869544,-0.06449650803833389,-0.12998659397450874,0.033582157163626426,0,0,1,1,0,train
b1845a58-3240-4219-9ed9-306a6abf4547,8,7,-1,-0.03324102150456401,0.07641311681094971,0.14352824475373596,1.7102500302986448,0.9214187285925587,-0.009855723995804309,0.08519910948412714,0.10558685722058947,0.7894357573743109,-0.35637572007273893,0.386831058037509,0.03702369948934409,-5.128950448784782,-5.11966723030479,-0.16956328129819417,-0.0023101303464071643,-0.8882902609703892,-1.0117014357405776,-0.984987958574759,-0.5352397497180236,-0.5903618922133709,-0.5770927726327502,0.03358215705862357,1,1,1,1,0,train
b1845a58-3240-4219-9ed9-306a6abf4547,9,8,-1,0.12625547676687884,0.08455526384211905,-0.10507029241712221,1.5924746499196716,0.012680296145390157,0.14106980493889149,0.1000643886614672,-0.11986691342664633,0.41960601202936637,-0.7583625886544008,0.38442437024833154,-0.5731469147680939,-5.394198311024617,-5.154743815167836,-1.1526071945852612,-0.002565363866023267,-0.42355101757617714,-0.9743119979085229,-0.8569998789852841,-0.6305945357312279,-1.0811706795508476,-0.9819122117462803,0.03358215719078583,0,0,0,0,0,train
b1845a58-3240-4219-9ed9-306a6abf4547,10,9,-1,0.12616506135725883,0.07931895330645196,-0.11107245376648876,-0.03343466202791899,0.2067778284605259,0.15936469264156025,0.11590963419845347,-0.1323875906523901,-0.9283278341567784,-1.3467251128163207,0.3737170517356245,-0.37992622025322453,-2.8002440071057215,-5.421578957475615,11.047766609278748,-0.0032007151206347624,23.177550490435735,-0.9078647719010655,-0.8160140424253387,-0.5598151261954035,-0.90047509125038,-0.8337019304953627,0.0335821572313135,1,1,0,0,0,train
b1845a58-3240-4219-9ed9-306a6abf4547,11,10,-1,0.13208293570197602,0.08360770846315092,-0.11561517174166065,0.13977370323138977,-0.16802389861465225,0.1444107373822018,0.11284079217745613,-0.11173216378013455,-2.147157796459112,-1.4459166597571564,0.3047735090132376,-1.3053516518770165,-0.24892435214657738,-2.8121020705319197,10.865842203770791,-0.002211402428457244,13.021630852033372,-0.678788284400446,-0.7431754199984305,-0.39696581651550644,0.07841120544600448,-0.004205602693849942,0.03358215724053401,0,0,1,1,0,train
b1845a58-3240-4219-9ed9-306a6abf4547,12,11,-1,0.09922746212677458,0.021401978314135525,-0.13547803568605737,-0.6421942055914731,0.5335354912228543,0.18373112933327262,0.1750244470062846,-0.10898173266756037,-3.795752192169579,-1.4788064907110785,-0.7718569687654965,-1.8341661842334518,-1.0606187283390167,-0.24551496421209648,-3.4843246970929345,-0.002297535085445408,1.1767530827665003,-0.35631781461735823,-0.4920646245219217,-0.29194211553347454,0.5972846442362937,0.47215372299443775,0.03358215723868295,0,0,1,1,0,train
b1845a58-3240-4219-9ed9-306a6abf4547,13,12,-1,0.12890229499096018,0.06438172445853826,-0.13304228884588357,0.18271597848077245,0.2110120205477678,0.14277917575959537,0.1312906851440284,-0.08967044303393566,-5.512049867209462,-1.4788064907110785,-10.809391579303169,-4.488408356253316,-6.297961447960446,-1.0620666323491839,-22.368810989583963,-0.0023747887664580703,0.8874899484190305,0.16992641357807953,-0.1385765076557344,-0.131591632386764,1.5692421932692784,1.511509019534746,0.03358215723909728,0,0,0,0,1,train
b8aacc15-6783-44c0-ab17-aa1bd01e8412,1,0,-1,0.16489629799050512,0.1348166742951687,-0.1085966123281228,-1.4853048589798457,-0.5369549814546122,0.13021420603557346,0.08260551430671763,-0.1209332882012249,-0.517783039594749,-1.203274394698407,-0.018553654523633254,0.26075292471706374,0.2006157243365585,0.20671328042633436,-0.02077165595032086,-0.002286037242633175,-0.0786174416619384,0.6256221519544475,0.6729582865283686,-0.06541673569854345,0.15013512872175327,0.05974856446771831,0.03358215694451232,1,1,0,0,0,train
b8aacc15-6783-44c0-ab17-aa1bd01e8412,2,1,-1,0.16484551673304731,0.1461890461497753,-0.09516091247392953,1.8161472183575729,1.409966880495799,0.13017043836164363,0.08849636471677134,-0.11465158324496436,-0.32796104270273063,-0.6127656049930207,-0.008064456727988183,0.33193949638043235,0.20279116632418617,0.20671522255927458,-0.011497162543420038,-0.0022860090193121104,-0.06870419680846164,0.8234646927307999,0.937813866608913,-0.030861884584012445,-0.10362015347070322,-0.1635154579600683,0.03358215654394368,0,0,1,1,0,train
b8aacc15-6783-44c0-ab17-aa1bd01e8412,3,2,-1,0.17316868868710747,0.14624367997342752,-0.10856854610938829,1.4955437013469137,0.18685648084281845,0.13423840049967722,0.0885774145660654,-0.12106537105126376,-0.44857850707358893,0.6790450001456477,0.12737579601035748,0.15905782234082444,0.20280371509471087,0.20890368269406762,-0.020726347544336,-0.0022860371048200184,-0.07869918506028042,1.0319388031970564,1.1546863982925024,0.025554743174770675,-0.04131945727628663,-0.10928875892957327,0.03358215704074437,0,0,1,1,0,train
b8aacc15-6783-44c0-ab17-aa1bd01e8412,4,3,-1,0.17322813991535074,0.14624367997342752,-0.10866477314504948,-1.5669709198710235,0.21242193160293404,0.1343344462285788,0.08857373048200658,-0.1212227050343983,0.2386978939251874,-1.2839037910668927,0.04815783079961657,-0.03416287217402227,0.20279502748434763,0.20891630655817897,-0.020816964356305718,-0.002286037380465725,-0.07876309353534781,1.6894857599524722,1.383213124394402,0.25996766584557834,2.0660906717032566,2.1812232528211086,0.033582157930752116,0,0,1,1,0,train
ba617f2e-4f4d-4b6f-830b-56dcd73f118f,1,0,-1,0.17318231292691322,0.1462385580524601,-0.1085966123281228,-0.032437428662000306,0.031062758396512343,0.13433809353473963,0.08858294069215362,-0.12121882024469129,4.656253612303216,-1.1509523282265597,-2.084397045521912,-1.1833175290255318,0.20280532391144482,0.2089179250022958,-0.020779893842318105,-0.002286037267701726,-0.07876309353534781,1.4954009176933845,1.4995137886655168,0.17975172958329483,0.780155485614151,0.6501422970327817,0.03358215723866891,0,0,0,0,1,train
7a30b112-bc24-471d-b998-2bdb5141aa1b,1,0,-1,0.15342716520857103,0.12473844113832397,-0.10186673402156853,-0.999279235693867,-0.5369001439745318,0.08287460360558163,0.06514663995196804,-0.0637103358167365,-0.6897753757645282,-1.3967683698244655,0.14545974306787454,0.1793968428160678,0.19064459998297253,0.1962403285462532,-0.01889616253894758,-0.0022860315242153434,-0.07506977817389507,-0.49474609769166494,-0.42737303491169487,-0.39963529078339705,-0.5400361544797561,-0.534913135361639,0.033582157046219974,1,1,0,0,0,train
7a30b112-bc24-471d-b998-2bdb5141aa1b,2,1,-1,0.15699300033591318,0.12835622464829416,-0.10339032875287064,-1.1129993947991037,-0.5206211661536443,0.11706323578837993,0.06908308376881757,-0.11418152369041425,0.13457557047842617,0.04188211967614046,0.1861680273239591,0.2404139042418136,0.1907227884762418,0.1966844296119145,-0.020446259216429594,-0.0022860362505362545,-0.06614042658773489,-0.32988866504979386,-0.2903198692660895,-0.3350888731913462,-0.29932729117180756,-0.33175717423225654,0.03358215700567581,0,0,1,1,0,train
7a30b112-bc24-471d-b998-2bdb5141aa1b,3,2,-1,0.15253168108315654,0.14129248970494543,-0.08097945309336205,0.15118474034177884,-0.2387775300476878,0.10946346551795312,0.08105267287592485,-0.089417931702979,-0.18720410910705884,1.1389554444639616,0.22208233937835983,0.15905782234082896,0.19941683410642969,0.19676308599599301,0.016318079785285176,-0.002285924167066175,-0.035835919456941596,-0.23307678818214742,-0.10960520272571284,-0.3563150926942653,-0.7129127380663318,-0.6788259496771077,0.03358215781243922,1,1,0,0,0,train
7a30b112-bc24-471d-b998-2bdb5141aa1b,4,3,-1,0.1665312067671955,0.14281540753925095,-0.10185069618229166,-0.5626980726860752,-0.061672818443598475,0.12582284941794722,0.0833791719590699,-0.1131015521518611,0.11780542922857021,0.2447400683833626,0.30938482184143085,-0.003654341461158391,0.19979040135204953,0.2055091580034043,-0.01918586174085077,-0.0022860324158061602,-0.07571926662981251,-0.06049423806672647,-0.003481227816490509,-0.26372313655496077,-0.2531908191184876,-0.29235493802143564,0.033582157706917436,0,0,1,1,0,train
7a30b112-bc24-471d-b998-2bdb5141aa1b,5,4,-1,0.17003759066629434,0.144785639804709,-0.10521262824070439,0.3186080080251846,-0.1290855470240992,0.13028350485262902,0.08609249986839107,-0.11736705125017531,1.5630067612190897,-0.13636432586301345,0.05035643410104476,0.05736271996459195,0.19959090807704152,0.2058849607273349,-0.02163114268203365,-0.002286039858543839,-0.07617405717331535,0.08126327909188287,0.18570161638409818,-0.24432298380735493,-0.4384566879511468,-0.4495791140846768,0.03358215860294536,0,0,0,0,0,train
7a30b112-bc24-471d-b998-2bdb5141aa1b,6,5,-1,0.17081169520071215,0.14382954789079522,-0.10758823318358994,-0.9888826488340742,-0.46498223901462343,0.13084275846395463,0.08504253591162728,-0.11936771794929354,1.638553418064498,-0.8172808583584814,0.02748319841552314,-0.34941768954036967,0.19937629192473452,0.20568427365684655,-0.02169567283601209,-0.0022860400550494464,-0.07752059388054923,0.1667633925300253,0.34109444297603275,-0.26705305935875046,-0.7826568250306841,-0.7365220010493114,0.033582155733317035,0,0,1,1,0,train
7a30b112-bc24-471d-b998-2bdb5141aa1b,7,6,-1,0.17038810519947872,0.1424466292295985,-0.10852644678128652,-1.495830341140358,-0.5293578740722615,0.13113819026298096,0.0840680956780693,-0.12086724677620546,1.708743607022899,-1.0402754009530364,0.145307192382322,-0.6138249557185963,0.19871378119369984,0.20546837321165992,-0.023606863779373443,-0.0022860458724644032,-0.07876457977895403,0.3115507977360548,0.4348186035524238,-0.18470971878124737,-0.4201361984463421,-0.4341250624219604,0.03358215939395839,0,0,0,0,0,train
7a30b112-bc24-471d-b998-2bdb5141aa1b,8,7,-1,0.16959789929074504,0.146236850745471,-0.10279692869962666,1.221040832586526,2.818121120495288,0.12891576504232186,0.08852583738924191,-0.1126159534384829,1.4069504361318568,-0.8985731765902627,0.2884920687402755,-0.11551895407501143,0.19820185570896154,0.20480189792434458,-0.02296430820358816,-0.002286043917463367,-0.07573115657866226,0.7308067176544715,0.593532755724708,-0.0027502645773100783,1.0884787466746673,0.9658113509929961,0.03358215750165601,0,0,0,0,0,train
7a30b112-bc24-471d-b998-2bdb5141aa1b,9,8,-1,0.1732219470790754,0.14624026535944926,-0.10865875895532065,-0.6513916672780529,0.28595430732974386,0.13416667014518113,0.08849083859068312,-0.12104206231302161,1.1193664503023584,0.4632595772281878,-0.7846076635662625,-2.393489247302769,0.19662231943958358,0.20428690900636565,-0.027519862478065867,-0.002286057787360126,-0.07876457977895403,1.3266835341799736,1.053115878844947,0.16471949107678677,1.8453883097104138,1.8666725109309819,0.03358215925443576,0,0,1,1,0,train
615ebe4d-77bf-451e-a898-d4d480a3a856,1,0,-1,0.05435664761015387,0.011552524293834446,-0.07441596736930524,-0.8164485947367967,-0.3456573082855883,0.12819116688503912,0.08162002182098319,-0.1187403244116089,-0.7856235533635593,-1.373872267217695,0.06984076968865592,0.3929565578061691,0.1763563768055438,0.17859864029503444,-0.005034536271579601,-0.002285989103351819,-0.056115713463791746,-0.4899832623369157,-0.4348261694269389,-0.3909053382986146,-0.46972297394311957,-0.47594086060780766,0.03358215756165422,1,2,0,0,0,train
615ebe4d-77bf-451e-a898-d4d480a3a856,2,1,-1,0.03829490744642589,-0.0033334853444053018,-0.06589786998338056,-1.1196600298459731,-0.5331535224972386,0.12471042103889739,0.07890300982760319,-0.11604428035493307,-0.4773862125908546,-1.398409127885783,0.3292525413887859,0.3827870475685486,0.17436080052877012,0.18231070372142202,-0.02929512820347264,-0.0022860632975387576,-0.07594814814517015,-0.4413641580531366,-0.2850989084084131,-0.47208297887562356,-1.0112923239478198,-0.9246348989268234,0.03358215527122205,1,1,1,1,0,train
615ebe4d-77bf-451e-a898-d4d480a3a856,3,2,-1,-0.0048369586440786755,-0.056543414967685494,-0.05856456797403424,-1.006197619281382,-0.4817076358941278,0.12262294614618856,0.0742518537033425,-0.11761373539657144,-0.8592577813505202,0.4924949790630908,0.3305545748716158,0.19973586329132242,0.16879622520943371,0.18030318563889186,-0.044524244542383656,-0.0022861098777075613,-0.07028258751826559,-0.41226298500455527,-0.23180325120124523,-0.5140144586967222,-1.1328823415158227,-1.0241868008246233,0.03358215596574395,0,0,1,1,0,train
615ebe4d-77bf-451e-a898-d4d480a3a856,4,3,-1,-0.10607496893886567,-0.16021450996174375,-0.01643316419371107,-1.0367621321497813,-0.5314731041035801,0.1177951285579843,0.07168404711434473,-0.11260818385906884,-0.3752833675044167,0.2643545148398797,0.3429787576787431,0.3522785168556757,0.15801329193190386,0.1747053111275606,-0.06679126661094287,-0.0022861781160091713,-0.04877367004907282,-0.24531746236011107,-0.19990290737608926,-0.3128273741980448,-0.28684173166859894,-0.32110679696711525,0.03358215525601032,0,0,1,1,0,train
615ebe4d-77bf-451e-a898-d4d480a3a856,5,4,-1,-0.11022416924334506,0.14259857955163122,0.34584759196129183,2.0654622895641537,1.318115767941112,0.1195993293388695,0.08830110826165387,-0.09796835384814254,0.22453836433373908,1.0114235172188617,0.37351431990350864,0.4234650885190421,0.20223708984101876,0.1638578512788423,0.16792549813862379,-0.0022854584462712263,0.1269746363862537,-0.05159068025140624,-0.016899302554470322,-0.2522977200089227,-0.12781587073608583,-0.18450803131117138,0.033582157017083565,0,0,1,1,0,train
615ebe4d-77bf-451e-a898-d4d480a3a856,6,5,-1,0.16918793352931738,0.1456085617734705,-0.10287110370628216,0.5894799647934992,-0.21281577403881413,0.13399159944946182,0.08846320796024196,-0.12079149337691845,0.022899308711972648,1.340321881213266,0.37272212686976214,0.30143096566755717,0.20276671230983037,0.2083462905402274,-0.018519965471073287,-0.002286030392552698,-0.07615919473725316,0.23866751095863611,0.195461585685051,-0.14957083544943908,0.4227526628858231,0.3078538513653461,0.03358215461409609,0,0,1,1,0,train
615ebe4d-77bf-451e-a898-d4d480a3a856,7,6,-1,0.17217411918128747,0.14623343613149273,-0.10697077637143067,1.2376331986068931,0.23932379552481728,0.13420557474422987,0.08859030886027126,-0.12099932962624432,0.10787023152855524,1.4285499852108023,0.3845093436565121,0.34210900661805516,0.20280178451463016,0.20887908234349162,-0.020630238804368116,-0.002286036812466173,-0.07859366176423892,0.4775175289740182,0.513639003557888,-0.10346496467227323,0.1343329078535299,0.045644637030644225,0.033582157341433154,0,0,1,1,0,train
615ebe4d-77bf-451e-a898-d4d480a3a856,8,7,-1,0.17321699281005512,0.14624026535944926,-0.10865074003568222,-1.567523243531716,1.2422096109090037,0.13433566199729907,0.0885774145660654,-0.12122076263954479,2.915028322257286,2.697679912454473,0.3619753325217586,-1.7934881432829697,0.2027905227974926,0.20891436442523878,-0.02082794821230205,-0.0022860374138773325,-0.07876309353534781,1.2376864245025836,0.7754634215844604,0.15181563805888434,2.385694774869539,2.7046500985353306,0.033582157406910645,0,0,0,0,1,train
2f9afcbd-f5a8-4639-bd55-6629d55adaae,1,0,-1,0.1721642106432469,0.14555734256379654,-0.1077486115763586,-0.13301532840929942,-0.5408071970061851,0.13296913795571216,0.0874021917513017,-0.12027675874073755,-0.48142888825726865,-0.8094085056456055,0.26628657684502327,0.3827870475685486,0.202271518519125,0.2086822795388837,-0.022058140083890964,-0.00228604115613905,-0.07819237599055995,-0.45506399233460926,-0.47516687443214545,-0.34799215867417815,-0.04217863475889029,-0.11012950888636827,0.033582155559567624,0,0,0,0,0,train
2f9afcbd-f5a8-4639-bd55-6629d55adaae,2,1,-1,0.17008094052022174,0.14609855887935133,-0.10374115648705207,1.0207681975867253,0.7603858102557985,0.1265899994804395,0.08821269024424218,-0.10923035920881001,-0.27718763346657643,0.98648067758814,-0.711104327326154,0.3522785168556757,0.2027811916604358,0.20838092524432783,-0.018605090355044842,-0.0022860306515616277,-0.07638064503457971,-0.1509293510112409,-0.24682083909012728,-0.24425025961421143,0.49856452839802046,0.378631178312802,0.033582157036387124,1,1,1,1,0,train
2f9afcbd-f5a8-4639-bd55-6629d55adaae,3,2,-1,0.17301510634747896,0.14621294844762314,-0.10835604473896984,0.5835936969897186,-0.18610765026666834,0.1337350722494842,0.08849083859068312,-0.12035251214002456,0.14397109619489942,0.4951633453615,-0.09820050126700211,0.34210900661805965,0.2027856963472908,0.2088936483405432,-0.020760672094324528,-0.0022860372092312637,-0.07865905648291252,0.13415842126368005,0.0865677707490523,-0.1770594451591463,0.3942953739623951,0.28148194583923664,0.03358215739311811,0,0,1,1,0,train
2f9afcbd-f5a8-4639-bd55-6629d55adaae,4,3,-1,0.17313400880396554,0.14618563153579703,-0.10858057448884594,-0.22300400286401242,-0.504798001898239,0.13418004360110414,0.08844662958197727,-0.12111004613289456,0.03466961585058314,0.45687892317672074,-0.011502199808553621,0.31160047590518675,0.20279663630108158,0.20889817998407034,-0.020733212454333707,-0.0022860371257021456,-0.07870067130388664,0.4194550710585003,0.3990774397144785,-0.10534857320291147,0.395429889189613,0.28254733305261975,0.03358215659976565,0,0,0,0,0,train
2f9afcbd-f5a8-4639-bd55-6629d55adaae,5,4,-1,0.17313400880396554,0.14623514343848185,-0.10852243732146731,0.6704695362622991,0.3205092415853862,0.13415937553285948,0.08851294309503603,-0.12100709920565839,0.6706178145657257,0.8414638439088892,0.10780983242433663,0.2810919451923161,0.20279148808753297,0.2089091854040649,-0.020801861554310765,-0.0022860373345249254,-0.07874823109928562,0.6931806215063968,0.7118160776184079,-0.039479032352919746,0.33127745056852115,0.22352852961727854,0.03358215737048661,0,0,1,1,0,train
2f9afcbd-f5a8-4639-bd55-6629d55adaae,6,5,-1,0.1732182313773102,0.14624197266643837,-0.10865074003568222,-1.566107271529498,0.2899547032869229,0.13427730509872596,0.08853320555735955,-0.12117414516306048,3.1426979159408774,1.3055178610452849,-0.9529640721223382,-0.4307737714413566,0.20271008196079582,0.20890400638289097,-0.02112725828820203,-0.0022860383243445514,-0.07876309353534781,1.382339290151213,1.0118706203834338,0.18463866636755255,2.170741049757955,2.3424599127371946,0.033582161013168715,0,0,0,0,1,train
06ce5c18-4536-4dd9-8e22-af38812fee7d,1,0,-1,0.17043888645693653,0.14623343613149273,-0.10416214976806976,2.124251164930181,2.6121543100768485,0.13183360997097715,0.08846689204430078,-0.11733985772222613,-0.06700051288637172,-1.4504660462274892,0.21095483739842916,0.3522785168556802,0.20279245337757335,0.20782774104519142,-0.016210609747844985,-0.002286023365708287,-0.07381984730106539,-0.21389661692806783,-0.11963329901373766,-0.3290392814803807,-0.5393799522754794,-0.5343363027984451,0.03358215871385169,0,0,0,0,0,train
06ce5c18-4536-4dd9-8e22-af38812fee7d,2,1,-1,0.17319593716671897,0.14623343613149273,-0.10862467854685731,-0.4790697752959388,-0.5382975465349722,0.13416788591390139,0.08854609985156542,-0.12098573286226974,-0.052891230197380276,-1.3602241097515246,0.31027670808634983,0.34210900661805516,0.20276799936321752,0.2089049774493611,-0.02088424047428324,-0.0022860375851121635,-0.07875268983010428,0.042526065959393546,0.01754383727655868,-0.20755321587603087,0.23425719622466512,0.1352746387120407,0.033582157337644296,0,0,1,1,0,train
06ce5c18-4536-4dd9-8e22-af38812fee7d,3,2,-1,0.1731872671959335,0.1462163630616014,-0.10863069273658614,-0.12624073665342397,-0.5048484086151317,0.13424812664943941,0.08853136351533014,-0.12112947008142969,0.28293995495535523,-0.07595441973202093,-0.11134996891245805,0.3522785168556802,0.20278247871382293,0.2088803770987851,-0.02071810965233875,-0.00228603707976049,-0.07867094643176227,0.22274472176220222,0.2986311919004891,-0.18911092709048807,-0.20775891903380234,-0.2534067095892559,0.03358215624611368,1,1,1,1,0,train
06ce5c18-4536-4dd9-8e22-af38812fee7d,4,3,-1,0.17318479006142334,0.14624026535944926,-0.1085986170580324,0.44181024018422854,1.0903837714488334,0.13425542126176104,0.08856452027185951,-0.12110616134318754,0.7355195594632457,-0.31461077140216737,-0.5992063922275077,0.38278704756855314,0.20276735583652394,0.20889494309583667,-0.020844423996296543,-0.0022860374639953876,-0.07876160729174159,0.5362198904773756,0.49618464014876484,-0.06963204029830103,0.5489700309037322,0.42627287022048777,0.03358215760474862,0,0,0,0,0,train
06ce5c18-4536-4dd9-8e22-af38812fee7d,5,4,-1,0.17322442421358555,0.1462385580524601,-0.10866477314504948,-0.9795225520805073,-0.5039973676639404,0.13429918893569087,0.08854057372547719,-0.12120133869100966,0.11770707183334995,-1.1804860200061469,0.20608057536224403,0.453973619231915,0.20275705940942676,0.20887972972113836,-0.020823829266303426,-0.0022860374013488516,-0.07876309353534781,0.734201977825757,0.839812219901956,-0.053228372689817574,-0.10279872714818543,-0.16280369571019684,0.033582157180993805,1,1,1,1,0,train
06ce5c18-4536-4dd9-8e22-af38812fee7d,6,5,-1,0.17321327710828993,0.146236850745471,-0.10864873530577261,0.6885009422202137,0.05752430379626504,0.13426028433664214,0.08852399534721249,-0.12115666360937886,-0.8296535471989874,-0.2855246078913521,0.2006335791732827,0.26075292471706374,0.20275255472257173,0.20886937167879058,-0.020799115590311685,-0.002286037326172459,-0.07876309353534781,0.9313550624437752,1.0568377208015942,-0.0040335863559519776,-0.10767545422772722,-0.16703205359770165,0.03358215798441673,0,0,0,0,0,train
06ce5c18-4536-4dd9-8e22-af38812fee7d,7,6,-1,0.1732219470790754,0.14624197266643837,-0.10865675422541105,-1.5403001522361524,0.7295908617600201,0.1342177324314326,0.08850189084285957,-0.12111198852774807,3.3929993150227036,-1.4788064907110785,-3.108823072907879,-2.9934903513226,0.2026907761599886,0.20886484003526343,-0.021043506386230017,-0.0022860380695866552,-0.07876309353534781,1.6217582528224912,1.272954479222487,0.2448461669926843,2.1747439874407037,2.3488076400690465,0.03358215720872777,0,0,1,1,0,train
de59920b-e06a-4f67-8eac-590aadd8763c,1,0,-1,0.17270546453371186,0.14561197638744877,-0.10856052718974986,-1.1797352083892245,-0.5397443814392043,0.13349435004287014,0.08778533649341902,-0.12071185518792443,0.2710881902575687,-1.2658056881326432,-1.146310022585,0.27092243495468876,0.20257043666829022,0.20875219632473124,-0.02107920391821809,-0.0022860381781941385,-0.07870364379109908,-0.5338764502571433,-0.38703710905908006,-0.49436000181748524,-1.0082937522873685,-0.9221810260636729,0.03358215637294967,1,2,0,0,0,train
de59920b-e06a-4f67-8eac-590aadd8763c,2,1,-1,0.1717839704959409,0.14543270915358994,-0.1072795047775103,-0.44673680235775654,-0.45373737252020796,0.13300804255476092,0.08745745301218401,-0.12028064353044457,0.36071259517266263,-1.4302548390125966,0.26525819788145205,0.362448027093303,0.2026363981543816,0.20868163216123697,-0.02049843253241216,-0.0022860364114936577,-0.07837072522330615,-0.44702012557393944,-0.33321407489671734,-0.419754480468029,-0.7742547220259849,-0.7296045973965323,0.03358215596942625,0,0,0,0,0,train
de59920b-e06a-4f67-8eac-590aadd8763c,3,2,-1,0.17196727844969104,0.1460763638884926,-0.10682042162821005,0.8410741701802024,0.16742680366264948,0.13311989327702603,0.08837110585877145,-0.11949591600962539,-0.33023171918413163,-0.2947725296940158,0.3407212751653472,0.31160047590518225,0.20277926108035507,0.20874798837002748,-0.020170289834521814,-0.002286035413302965,-0.07805118284796919,-0.5107501445270446,-0.23800325242718617,3.7038847522557963,-1.7116548618518541,-1.4976755946852147,0.03358215580774975,1,1,1,1,0,train
de59920b-e06a-4f67-8eac-590aadd8763c,4,3,-1,0.17282436699019843,0.14588002358474245,-0.10843823866526377,-0.6571518648643896,-0.36441060419501115,0.13388582757079806,0.0881611130674187,-0.12094105778063895,0.5204563007016809,-0.6685681045989147,0.3809558493978739,0.34210900661805516,0.20274965885245064,0.208891706207603,-0.020906208186275897,-0.0022860376519363537,-0.0787541760737105,-0.4346945512337442,-0.30786330628803443,-0.42872097394863334,-0.841010391921859,-0.7846941116895807,0.03358215752884622,1,2,1,1,0,train
de59920b-e06a-4f67-8eac-590aadd8763c,5,4,-1,0.17218031201756281,0.14562392753637268,-0.10769648859870878,-0.30809881990991156,-0.2808920273323684,0.13273084728653867,0.08809664159638933,-0.1191637664896747,-0.2048278620515903,-0.3250521019215559,0.3778125023771467,0.34210900661805516,0.2027132995942637,0.2088619268358531,-0.02093504080826626,-0.0022860377396446752,-0.07861446917472598,-0.38702231135011295,-0.22449211118767812,-0.46031049683312225,-1.0171863956758949,-0.9294644144496595,0.03358215747999025,0,0,0,0,0,train
de59920b-e06a-4f67-8eac-590aadd8763c,6,5,-1,0.17240325412347515,0.1455010014331552,-0.10820168053593002,-0.8434102361419141,-0.4402055204190495,0.1337533087802883,0.08798427703259531,-0.12091580664754328,0.10828686580811513,-0.6941490345285819,0.38234218720693025,0.27092243495468876,0.20272970952494984,0.2088253499988125,-0.020709871760341506,-0.002286037054699507,-0.07851934958392799,-0.2068825846889666,-0.17223439495526377,-0.29705032058277364,-0.20819587600286643,-0.25380929048130624,0.03358215711079075,0,0,1,1,0,train
de59920b-e06a-4f67-8eac-590aadd8763c,7,6,-1,0.17034599391280641,0.14513734504447015,-0.10529883162681754,0.9513591401843265,-0.22383295219701274,0.1318846722572286,0.08788664880503658,-0.11803329268493022,0.2564178367275513,0.12392025612137757,0.38797652634306135,0.12854929162795606,0.20270429022055367,0.20884185812880426,-0.02088835942028186,-0.0022860375976453662,-0.07865905648291252,0.059852340435104394,0.025232532149941648,-0.2003843697010636,0.29225914964342337,0.1878725967186752,0.03358215693150296,0,0,1,1,0,train
de59920b-e06a-4f67-8eac-590aadd8763c,8,7,-1,0.17232398581915076,0.14621807036859055,-0.1072313912596797,1.307497858521086,0.7123323078919259,0.13378248722957484,0.08854609985156542,-0.12036999369370617,-0.36072067913658284,0.13070692803203907,0.38404165537054186,0.09804076091508314,0.20279309690426692,0.20881628671175817,-0.020400950810444733,-0.002286036114981858,-0.07835289030003154,0.29955737773314034,0.3176240384108858,-0.1479016749907532,0.1392304699822156,0.050005693267689756,0.0335821576613325,0,0,1,1,0,train
de59920b-e06a-4f67-8eac-590aadd8763c,9,8,-1,0.17316745011985238,0.14621807036859055,-0.1085966123281228,-0.081478294599168,-0.12669378140110366,0.13428216817360705,0.08857188843997715,-0.12114112445055077,0.584555705195078,-0.5401411830507683,0.38604020316767085,0.20990537352894748,0.2027908445608394,0.20890562482700784,-0.020789504716314897,-0.002286037296936896,-0.07876309353534781,0.5382620683786189,0.5803857179371325,-0.08825189845763784,0.13349962170271792,0.044903389615774246,0.03358215890559381,0,0,1,1,0,train
de59920b-e06a-4f67-8eac-590aadd8763c,10,9,-1,0.17319593716671897,0.1462385580524601,-0.1086186643571285,-0.44909052434446256,0.11582964755881542,0.13431134662289362,0.08856452027185951,-0.12119551150644912,1.1606990737747611,0.3111163957530082,0.3607301710050338,-0.7765371195205656,0.2027828004771697,0.20890335900524426,-0.020814218392306637,-0.0022860373721130867,-0.07876309353534781,1.0672737077044265,0.8420508299089492,0.09406347645604378,1.5807157114365868,1.5256242983540829,0.03358215768152058,0,0,0,0,1,train
3dba7c73-1843-4d9a-bb28-c9aa18989204,1,0,-1,0.1717753005251554,0.14623172882450358,-0.10632725807044648,2.0300390260289864,2.2678277524931065,0.133685225731953,0.08858109865012422,-0.1201776966032084,-0.17961837690055793,-0.29633872304847436,0.2725759472142944,0.2912614554299389,0.2028001756978962,0.20855733565306353,-0.019272359606821866,-0.002286032681662692,-0.07711336313244538,1.3094409597748924,1.4277107085758391,0.10490004169497145,0.12320916978799423,0.03574500593241586,0.033582157159078446,0,0,0,0,0,train
3dba7c73-1843-4d9a-bb28-c9aa18989204,2,1,-1,0.17320460713750443,0.146236850745471,-0.10863470219640536,-1.5677002353494438,0.9759577326317613,0.13431499392905444,0.08855715210374188,-0.12120910827042372,-0.20381221848660624,-1.1551287919763684,-0.6072822114144336,0.1895663530537064,0.20279599277438798,0.20891274598112192,-0.02079774260831214,-0.0022860373219955395,-0.07876309353534781,1.9898361922096897,1.687407535811325,0.33674720664397195,2.1422925037937155,2.297761694911006,0.033582157511658925,0,0,1,1,0,train
ac37644f-61ac-4a3e-bfc2-99b396976470,1,0,-1,0.09057854698463141,0.11146925121879199,-0.015721485075800207,0.4548306914850987,0.24572123349572114,0.11999931724783933,0.08300339538507022,-0.1041937293536512,-0.6029218374497806,-1.0914373541641167,-1.0789649166511437,0.31160047590518675,0.19625325688081877,0.19067158602902506,0.02865706901516196,-0.00228588637954467,-0.02464301885851078,-0.9284245152850994,-0.902587444441021,-0.508574522273971,-0.5409007075026099,-0.535743580559522,0.03358215711358188,1,2,0,0,0,train
ac37644f-61ac-4a3e-bfc2-99b396976470,2,1,-1,0.14660885246941907,0.11079315765109582,-0.1072053297708548,-1.2624181754322341,-0.4988780145847523,0.12968656241097495,0.08250788607915889,-0.1201932357620365,-0.55311054501623,-0.10839688967238204,0.22936931094131005,0.23024439400419533,0.19603413604165673,0.20232664949204723,-0.021714894584005665,-0.00228604011531659,-0.07815819238761693,-0.8585443114418037,-0.7657127548959881,-0.542812014500184,-0.8791994024678568,-0.8161919050417228,0.033582157039616485,0,0,1,1,0,train
ac37644f-61ac-4a3e-bfc2-99b396976470,3,2,-1,0.14495660375115774,0.1108836449215198,-0.10442476938622841,-0.9928900329656933,-0.4505930059329203,0.12939842522427025,0.08260367226468822,-0.11963188364937129,-0.5627867130562108,-0.3417579569207903,0.3128225649219963,0.2709224349546933,0.19619887887521173,0.20210621740333343,-0.02007692705855301,-0.002286035126678188,-0.07694987633576135,-0.8528168558248249,-0.689110944877825,-0.7831944754628615,-1.2787560903719137,-1.1434052772449925,0.03358215457670041,1,1,1,1,0,train
ac37644f-61ac-4a3e-bfc2-99b396976470,4,3,-1,0.1460378729648325,0.1120668086649881,-0.10478562076995787,-1.1899076112213343,-0.47019922854585483,0.12954067016454218,0.08287629448504091,-0.1195716694089124,-1.4526607937652967,-0.7458331662877264,0.3743359525432389,0.2810919451923161,0.1962870420322314,0.202271946080898,-0.020403696774443817,-0.002286036121954995,-0.07725901500585479,-0.9545928790214057,-0.6828325792902958,3.7631929844179095,-1.946765385420784,-1.6917305914166036,0.03358215872065557,0,0,0,0,0,train
ac37644f-61ac-4a3e-bfc2-99b396976470,5,4,-1,0.14663238524726538,0.11214705209347729,-0.10565366882081816,-1.0368908381769315,-0.5046674901877607,0.1296221266688005,0.0827989287198057,-0.1197833904479453,-0.43706025232883466,-0.3501110711238989,0.3839974959615661,0.3726175373309258,0.19642282616457557,0.20236063681850092,-0.02020049543851172,-0.0022860355031128765,-0.07776136534475661,-0.8534033283105532,-0.7943981896424273,-0.5080790099826199,-0.6858888494403464,-0.6564974686650681,0.03358215661148484,0,0,0,0,0,train
ac37644f-61ac-4a3e-bfc2-99b396976470,6,5,-1,0.14390010588258434,0.11131730089675926,-0.10220553337629228,-0.8011208004838406,-0.539068333861853,0.12686841051738204,0.08238815334724722,-0.11581702015707206,-0.672699098783425,-0.38926565604737473,0.3835251241019166,0.3421090066180529,0.19615222318992762,0.20249723350196233,-0.021934571703932256,-0.0022860407842489132,-0.07833356913315069,-0.7183622665316459,-0.6834754631323834,-0.4491967991260215,-0.4790637772300958,-0.48383663343976385,0.03358215620065896,1,1,1,1,0,train
ac37644f-61ac-4a3e-bfc2-99b396976470,7,6,-1,0.14471756027092952,0.11211632056767291,-0.10259044151893704,-0.8375119669918111,-0.5163265556767835,0.1283054491447448,0.0826184086009235,-0.11787013151723513,-0.9383023526082682,0.49301737543189494,0.3463435708263031,0.3522785168556802,0.1964817088570376,0.2022250112015096,-0.019373960274787917,-0.0022860329857475386,-0.07702716100328472,-0.5698293748923534,-0.5354451313629472,-0.40391989096866004,-0.3974277581199868,-0.4150210757611552,0.0335821445461285,0,0,1,1,0,train
ac37644f-61ac-4a3e-bfc2-99b396976470,8,7,-1,0.14711542647674208,0.11128486206396576,-0.10744790208991738,-1.3547226891192565,-0.5252739848054431,0.1293145371825714,0.0828910308212762,-0.11919484480733089,-0.4060180618777575,0.4794436582035892,0.38527811882186236,0.40312606804379647,0.19627578031509385,0.20255646855663872,-0.021658602322024476,-0.0022860399437609207,-0.07818197228531641,-0.5395091980215465,-0.3726252235630778,-0.541938926700118,-1.1252763055479904,-1.0179692285081272,0.03358214715938773,1,1,1,1,0,train
ac37644f-61ac-4a3e-bfc2-99b396976470,9,8,-1,0.14387657310473803,0.1105985246543348,-0.10301143479995473,-1.2364124076130687,-0.5170581811300425,0.12948352903468935,0.08281366505604097,-0.11954641827581672,-0.5181340275116295,0.048743348514348715,0.387222470980703,0.36244802709330076,0.1959199100535473,0.202349307709683,-0.022298411933810675,-0.0022860418924425764,-0.0770093260800101,-0.4594808338219699,-0.33938862291458843,-0.4302984868509794,-0.8164332500396492,-0.7644308524968839,0.033582157286487516,0,0,1,1,0,train
ac37644f-61ac-4a3e-bfc2-99b396976470,10,9,-1,0.1455907501857528,0.10979950498342113,-0.10672419459254887,-1.1513515476475353,-0.4879148265373263,0.12995767883559584,0.08286524223286446,-0.12024956521278837,-0.9569523347755572,0.12861871171575906,0.36828009177597587,0.30143096566755945,0.19596624397548465,0.2019913078710377,-0.020582184434384174,-0.0022860366655267457,-0.07651440695913936,-0.3049390043286176,-0.25166252577515547,-0.33412270997764465,-0.36125922643398706,-0.3843722746895244,0.03358215760429096,0,0,1,1,0,train
ac37644f-61ac-4a3e-bfc2-99b396976470,11,10,-1,0.14532074252414787,0.11334899621382605,-0.10211932999017914,-1.021471239232714,-0.4831097299021132,0.1300500772583366,0.08348601039677568,-0.11974260015602152,-0.38118361181579424,0.4830980678743278,0.35118237151891685,0.31160047590518225,0.19669375090257032,0.20203791906160273,-0.01767558154135545,-0.0022860278127862688,-0.07502221837849608,-0.07860547600102476,-0.08225569506161162,-0.24714995899332784,0.06243154383983705,-0.01819616343577866,0.03358215705474776,0,0,1,1,0,train
ac37644f-61ac-4a3e-bfc2-99b396976470,12,11,-1,0.14894726744698836,0.12664208843120586,-0.09238035208930313,-0.1554462933345024,-0.08948794385382969,0.13083789538907353,0.08606486923794993,-0.11828191922617987,0.4247595963057876,0.17247187670261066,0.35045909392645064,0.30143096566755717,0.19914269173496707,0.20276977949123845,-0.010330127843810016,-0.002286005444766047,-0.0662786472431132,0.2499071012831966,0.16584830269674883,-0.1384670062037497,0.6293180081775499,0.5029717070297585,0.03358215717016646,0,0,1,1,0,train
ac37644f-61ac-4a3e-bfc2-99b396976470,13,12,-1,0.15801481832134467,0.14621977767557967,-0.08406874188406809,1.592465452626228,0.8382617702832809,0.13233572245244993,0.08851110105300662,-0.11809544932024263,0.7810885821428506,-0.15903672656989515,0.2649771834606974,0.17939684281607682,0.20258523778224244,0.2052333751258945,-0.006090359429226785,-0.0022859925535994173,-0.06230740432729762,0.648855571825182,0.5259597026310429,-0.026213355152019686,0.9896803835923599,0.8622324837577597,0.03358215706770488,0,0,1,1,0,train
ac37644f-61ac-4a3e-bfc2-99b396976470,14,13,-1,0.17316125728357704,0.14623514343848185,-0.10856654137947869,-0.6533906204944968,-0.10088929527787703,0.13421408512527178,0.08853320555735955,-0.12107314063067781,0.9176599463872009,2.233625895318077,0.2657626856749021,0.05736271996459195,0.20241534673513883,0.2086965218471119,-0.021504828338075863,-0.002286039472953641,-0.07876309353534781,1.1292995078830177,0.9632820524058691,0.10479402375648607,1.3717018433451778,1.2779030018257194,0.03358216062159672,0,0,0,0,1,train
187f110c-06d9-4454-8871-31ae1eb016aa,1,0,-1,0.17262371909487734,0.14570758557884014,-0.10831595014077768,-0.5021170710439653,-0.4493482236129732,0.13417882783238386,0.08842820916168316,-0.12112752768657618,-0.9111479226421086,-1.301827886347202,-1.1394298528501898,0.18956635305369962,0.20277282581341932,0.20885415830409226,-0.020648087570362152,-0.002286036866758485,-0.07858474430260161,0.13922252780547587,0.17774589117477838,-0.19923408672824883,-0.0500616572804686,-0.11693809952854718,0.03358215596497844,1,1,0,0,0,train
187f110c-06d9-4454-8871-31ae1eb016aa,2,1,-1,0.17276739289646528,0.1456836832809923,-0.10857656502902673,-1.1658871128405628,-0.44446413439225513,0.13414721784565675,0.0883803160689185,-0.12112752768657618,-1.2474884960548793,-0.0634995542928933,0.38282526437784664,0.29126145542993437,0.20276671230983037,0.20888523243113563,-0.02080598050030939,-0.002286037347054628,-0.07868283638061202,0.4405165207506067,0.4046286502990423,-0.09632796846527954,0.4830714350713385,0.364142350307994,0.03358215740835765,0,0,0,0,0,train
187f110c-06d9-4454-8871-31ae1eb016aa,3,2,-1,0.17265468327625405,0.14562051292239442,-0.10846830961390788,-0.10208763461200059,-0.07124251913094526,0.1338919064143994,0.08843926141385963,-0.12065746813202607,-1.0819564118262,0.21893528096756373,0.38748274386087816,0.34210900661805516,0.20276413820305605,0.20887908234349162,-0.020790877698314437,-0.002286037301113515,-0.07867243267536848,0.5538649505512963,0.73490337672875,-0.14477314408140168,-0.6114331115267101,-0.5944806737623469,0.033582157510633315,0,0,1,1,0,train
187f110c-06d9-4454-8871-31ae1eb016aa,4,3,-1,0.17224719464933652,0.14541734339068774,-0.10804731633289019,-0.8939401102389348,-0.519638782088858,0.1340645455726782,0.08838584219500674,-0.12098961765197676,-1.9614183130968614,-0.10004389993826772,0.38514630967688934,0.34210900661805516,0.2027757216835404,0.2088764928329047,-0.020730466490334623,-0.0022860371173486316,-0.07860257922587623,0.4587974542655858,0.8591545152188466,3.416068575423661,-1.9053768215636495,-1.6575135114985564,0.033582157427947755,0,0,1,1,0,train
187f110c-06d9-4454-8871-31ae1eb016aa,5,4,-1,0.1711485854940908,0.14536270956703554,-0.10633327226017529,-0.7025403958454882,-0.3703335199982469,0.13344328775661865,0.08820348003409513,-0.12018935097232947,-1.0318363380717934,-0.041050948837646054,0.37431855641243034,0.30143096566755945,0.20278505282059722,0.20888814563054595,-0.02074007736433141,-0.0022860371465842147,-0.07868580886782446,0.34022333488326356,0.7549427086003248,3.4205075127636873,-2.049575193259336,-1.7774098779865366,0.03358215270371681,1,2,1,1,0,train
187f110c-06d9-4454-8871-31ae1eb016aa,6,5,-1,0.17158951543689516,0.14483685901438295,-0.10766441292015505,-1.3176633168101997,-0.4371987951723189,0.1336888730381138,0.08804874850362467,-0.12074487590043415,0.4607843763080515,-0.11936011868459782,0.38675678994059526,0.20990537352894748,0.20274965885245064,0.20889753260642363,-0.020930921862267637,-0.0022860377271121998,-0.07875120358649806,0.40303972142464445,0.6249632342077773,-0.23600904646754692,-0.9230888752922765,-0.8522211562256831,0.03358215747806069,0,0,0,0,0,train
187f110c-06d9-4454-8871-31ae1eb016aa,7,6,-1,0.16874081075023767,0.14323540505857738,-0.10493397078326887,-0.611350745542662,-0.20815445440626504,0.1327381418988603,0.08697299595844914,-0.1203602817194386,-0.2289866024604339,0.4136639107233118,0.38885636911280513,0.3827870475685486,0.20267661857272998,0.2088619268358531,-0.02109156075621396,-0.0022860382157641026,-0.07877498348419756,0.5216635994737593,0.6938217755861167,-0.1489087412846855,-0.5791712277490303,-0.5675730624911758,0.03358215735361461,0,0,1,1,0,train
187f110c-06d9-4454-8871-31ae1eb016aa,8,7,-1,0.166232712058724,0.14536953879499206,-0.09836848032930244,-0.017791636150295886,0.36440725183078254,0.12827140762057712,0.0879271737296836,-0.11221776249351276,-0.7534120098355624,0.24556031905537104,0.3889212700623604,0.4234650885190466,0.20269721142692435,0.2087884494729485,-0.02069202299434747,-0.0022860370004030087,-0.07831276172266363,0.7415910966198773,0.8238557948101151,-0.04329886938353375,0.02533328186695529,-0.050870353135882035,0.03358215729606933,0,0,0,0,0,train
187f110c-06d9-4454-8871-31ae1eb016aa,9,8,-1,0.1724168783632809,0.14556587909874222,-0.1081475528283706,-1.0527188193824593,-0.47066919889757697,0.13388096449591697,0.08820348003409513,-0.12088861311959409,-0.8497960065971828,0.6705178782885987,0.38890721934132266,0.4132955782814215,0.20271362135761048,0.20880916555764406,-0.020709871760341506,-0.002286037054698874,-0.07863676282881925,0.9123951553880243,1.064937580889841,-0.020193509697008876,-0.2638316116237844,-0.301426196342636,0.033582145601352455,1,1,1,1,0,train
187f110c-06d9-4454-8871-31ae1eb016aa,10,9,-1,0.1725233951472168,0.14619587537773182,-0.1075802142639515,1.411022817844306,-0.10095168302459914,0.13387610142103587,0.0885608361878007,-0.12050401893859855,-1.4265569432223828,-0.06454372468553043,0.38886506717820946,0.4132955782814193,0.20271362135761048,0.20882567368763585,-0.020779893842318105,-0.0022860372677017383,-0.07862041414915084,1.0919304054733932,1.2521708650031647,0.028909351376868335,-0.2118333456968487,-0.2568924447380849,0.03358212384867636,0,0,0,0,0,train
187f110c-06d9-4454-8871-31ae1eb016aa,11,10,-1,0.17317364295612772,0.14619587537773182,-0.10863269746649575,-0.2447264397077276,-0.31149249252478556,0.1342760893300057,0.08856820435591833,-0.12113529726599023,-0.6141714557075814,-0.3187873285037216,0.38849439577559497,0.4438041089942899,0.2026933502667629,0.20882567368763585,-0.020866391708289203,-0.0022860375308221257,-0.07869026759864312,1.3391379816490028,1.4489751724067736,0.11548278555580738,0.1819966511588,0.0882726594396847,0.03358215691890261,0,0,1,1,0,train
187f110c-06d9-4454-8871-31ae1eb016aa,12,11,-1,0.17315754158181185,0.14624026535944926,-0.10855451300002103,1.4834923307210561,-0.054650982797936704,0.13429311009208952,0.08858846681824185,-0.12114112445055077,-1.3074542962659659,0.19178809544894077,0.38779453605152503,0.46414312946954,0.20271683899107837,0.20880528129176365,-0.020679666156351598,-0.0022860369628150672,-0.07860109298227,1.5747857792010704,1.7199610417055995,0.17115659409673534,0.11597815593324359,0.0293115977562707,0.033582157211330614,0,0,1,1,0,train
187f110c-06d9-4454-8871-31ae1eb016aa,13,12,-1,0.17322318564633046,0.14624197266643837,-0.10865875895532065,-1.524663144557021,0.012221770359475343,0.13433687776601935,0.0885774145660654,-0.1212227050343983,-1.2615155522817638,-1.4788064907110785,0.3683530217089812,0.4234650885190466,0.2020437100695997,0.20882891057586955,-0.0236521721853583,-0.0022860460049640052,-0.07876309353534781,2.344298560414991,1.9782752255016427,0.430193510430944,2.4119704417594017,2.7523089195386174,0.033582156678352994,0,0,0,0,1,train
7edb0bf4-64dc-44be-a6b1-1d2cf29fefeb,1,0,-1,0.1637617703848624,0.14316028355105556,-0.09696316466266719,0.9653242208191037,0.21898895723080025,0.1314433482117695,0.08750166202088985,-0.11773416387748924,-0.1299159003080457,-0.872563450975456,-0.2356125385243097,0.36244802709330526,0.2022612220920278,0.20652683566407423,-0.012959388372931419,-0.002286013468202991,-0.07015031183731214,0.08596228043465386,0.2357129489546242,-0.27257982904770767,-0.6881918966649455,-0.6583132728566422,0.03358215678911466,0,0,0,0,0,train
7edb0bf4-64dc-44be-a6b1-1d2cf29fefeb,2,1,-1,0.16998680940883654,0.14476685942782855,-0.10515248634341615,-0.11313661241464187,-0.1685798518406537,0.13278555687895094,0.08759192208033095,-0.1197833904479453,-0.15899674299845257,-1.281728539806394,0.3777730265418502,0.39295655780617367,0.20264412047470448,0.20837056720198002,-0.019146045262864075,-0.0022860322972334773,-0.07677301334662137,0.18219863733886607,0.346245429783988,-0.2525570586621692,-0.7164715185929895,-0.6817614097035634,0.03358215809216986,0,0,0,0,0,train
7edb0bf4-64dc-44be-a6b1-1d2cf29fefeb,3,2,-1,0.1719561313443954,0.1459158770315142,-0.10699082367052674,0.6531416110906898,-0.5168434863704676,0.13337155740212256,0.08813164039494813,-0.12015050307525922,-0.48729990233995024,-1.2517100412942617,0.387715584380932,0.4031260680437987,0.2027503023791442,0.2087557569017883,-0.02032680978246951,-0.0022860358894343526,-0.0780764489892749,0.35748261370683726,0.45173852686979254,-0.1574913157657955,-0.2371120787184895,-0.2785762174164032,0.03358215498629185,0,0,0,0,0,train
7edb0bf4-64dc-44be-a6b1-1d2cf29fefeb,4,3,-1,0.17269431742841623,0.14605587620462301,-0.10802125484406529,0.16500030887704303,-0.3397666267707871,0.13367914688835164,0.08832137072397737,-0.12044186230328614,-0.1034117453879392,-0.2976440293910165,0.17265257184956792,0.4336345987566694,0.20273550126519202,0.20886257421349985,-0.020843051014297002,-0.002286037459820076,-0.07857879932817673,0.5837906053938677,0.6438826409178473,-0.0807817891544597,0.06224717672236475,-0.01832641397849393,0.03358215836211949,1,1,1,1,0,train
7edb0bf4-64dc-44be-a6b1-1d2cf29fefeb,5,4,-1,0.172617526258602,0.14612075387021004,-0.10782078185310448,0.35161350500588723,-0.4220789909865606,0.1338785329584764,0.08839505240515379,-0.12068271926512174,-0.36174286462629107,0.06845114671654201,0.23232397685095912,0.4336345987566671,0.20272456131140126,0.2088476845276249,-0.020826575230302506,-0.002286037409702639,-0.07853718450720261,0.8065475598906714,0.8919586457285448,-0.02601763497697455,0.041720409773640534,-0.03643860536481226,0.033582157724249447,0,0,0,0,0,train
7edb0bf4-64dc-44be-a6b1-1d2cf29fefeb,6,5,-1,0.1730485476633658,0.146236850745471,-0.10838210622779475,0.8777955980362717,-0.1798213137625299,0.13405238788547547,0.08855715210374188,-0.12078955098206494,-0.027483064740977264,0.1748211044998014,0.37871977750701175,0.39295655780617367,0.20276188585962857,0.20883667910763037,-0.020620627930371328,-0.002286036783227084,-0.07855501943047724,1.169091589534911,1.1361420477525765,0.09868168476325836,0.8067611208646477,0.6765503392095159,0.033582157088074806,0,0,1,1,0,train
7edb0bf4-64dc-44be-a6b1-1d2cf29fefeb,7,6,-1,0.1732070842720146,0.14624026535944926,-0.10863470219640536,-1.5106133429695683,-0.08702572726729328,0.13427852086744624,0.08853320555735955,-0.121176087557914,-0.9102380931102556,2.697679912454473,-0.6370476603099405,0.3522785168556802,0.2026679309623667,0.2088742270111411,-0.021180804586184137,-0.0022860384872329426,-0.07876309353534781,1.6380177695409937,1.5335583023517212,0.23130091900581246,1.3200673475696982,1.2191562777631233,0.03358215665098701,0,0,1,1,0,train
9c2d90ff-9c18-4fab-86b5-5271d227a213,1,0,-1,0.1715796068988546,0.14572978056969885,-0.10659990133815317,0.507912534107377,-0.5371705380982141,0.13367671535091108,0.0878553340905366,-0.12092940341151787,0.08017160846219015,-1.1091874417904852,0.20905865914028932,0.34210900661805516,0.2027409712420874,0.2082954713949586,-0.018414245857108616,-0.0022860300708653736,-0.07600165291499401,-0.2400118633638929,-0.011939720023128592,-0.8279327530918946,-1.3096466700463338,-1.1686337955700474,0.033582163695577205,1,3,0,0,0,train
9c2d90ff-9c18-4fab-86b5-5271d227a213,2,1,-1,0.17163410385807762,0.1448027128746003,-0.1077766777950931,0.4115955609530241,0.008635645389910941,0.13214119945720623,0.08674274070477286,-0.1196493652030529,-0.1936477990508154,-1.0721211354177864,0.2489928155753902,0.38278704756855314,0.20268530618309322,0.20885318723762217,-0.021017419728238736,-0.002286037990235011,-0.07873485490682966,-0.19458254776854916,-0.011083370945967265,-0.41658670254432184,-1.0311516842631805,-0.9409045294916228,0.03358214264941806,0,0,1,1,0,train
9c2d90ff-9c18-4fab-86b5-5271d227a213,3,2,-1,0.17128235075763817,0.14429052077786078,-0.10780875347364684,-0.43784537500240034,-0.4446080182232526,0.13153209932834944,0.08575172209295019,-0.11972123381263287,-1.2391115652910267,-1.1577391246062154,0.33087171971789614,0.40312606804379647,0.20258234191212135,0.20879718907117945,-0.02121924808217129,-0.002286038604193261,-0.07853421201999018,-0.08296590894093418,0.03871567958762047,-0.30606440485146225,-0.6220203240647533,-0.6033137351652946,0.03358215960919376,1,2,1,1,0,train
9c2d90ff-9c18-4fab-86b5-5271d227a213,4,3,-1,0.16994345955490914,0.14553002565197046,-0.10418620652698506,1.1279740932053812,-0.2540830204557851,0.129464076735165,0.08669300556997879,-0.11542465639666247,-1.0340990652104902,-1.2673718814871018,0.35438058325988664,0.40312606804379647,0.20272391778470766,0.2086936086477016,-0.020175781762519978,-0.0022860354299908646,-0.07801254051420752,-0.03844067704343014,0.1610684503596133,-0.3792997878244679,-1.036782677666649,-0.945515840521986,0.03358212152747213,0,0,1,1,0,train
9c2d90ff-9c18-4fab-86b5-5271d227a213,5,4,-1,0.17257913067369487,0.1459619743202208,-0.10794507510750018,1.0309444419712794,-0.29574473281629515,0.13271261075573457,0.08806348483985996,-0.11916959367423523,-1.2670434150743461,-0.07080862257235897,0.35226695336663905,0.4132955782814215,0.20276252938632214,0.20883603172998363,-0.020615136002373163,-0.002286036766521002,-0.07858177181538917,-0.034955171124038925,0.20987645559204918,-0.6294938259159075,-1.2927605500186037,-1.154840421352455,0.03358215222918733,0,0,1,1,0,train
9c2d90ff-9c18-4fab-86b5-5271d227a213,6,5,-1,0.17255931359761376,0.14603026659978605,-0.10783281023256212,-0.15694926567769332,-0.17158007449317556,0.13367185227602998,0.08804138033550703,-0.12072545195189902,-0.7537006067927305,-1.3837914269683316,0.2633887829014793,0.39295655780617594,0.2027683211265643,0.20887487438878782,-0.020755180166326364,-0.0022860371925251598,-0.07866648770094362,0.014434739072826977,0.21369722381495132,-0.35617900614647585,-1.0065111850419555,-0.9207033759740483,0.033582157726590164,1,1,0,0,0,train
9c2d90ff-9c18-4fab-86b5-5271d227a213,7,6,-1,0.17258532350997022,0.1460439250556991,-0.10785887172138703,1.3581931156569154,0.017780856727315185,0.13290834951969852,0.08795664640215417,-0.11959497814715454,-0.4945892281719623,0.26278819701642686,-0.1799215020683221,0.362448027093303,0.20275512882934602,0.20888070078760845,-0.020836186104299294,-0.0022860374389370736,-0.07874674485567941,0.14682835374500533,0.26783782887383933,-0.2336312793649499,-0.4952547886200049,-0.4973400314932118,0.033582153278359825,0,0,1,1,0,train
9c2d90ff-9c18-4fab-86b5-5271d227a213,8,7,-1,0.17297423362806172,0.14605758351161216,-0.1084723190737271,0.26063062556236494,-0.4277675718733561,0.13364510536418397,0.08808374730218346,-0.12063804418349094,-0.3310734329328036,0.1933541643344051,-0.1482485005214543,0.3217699861428073,0.2027406494787406,0.20886742954585036,-0.020841678032297462,-0.0022860374556434217,-0.07870364379109908,0.3897278384657838,0.41296606206386144,-0.12428017201759542,0.15747221703768766,0.0662990858723861,0.033582156610953255,0,0,1,1,0,train
9c2d90ff-9c18-4fab-86b5-5271d227a213,9,8,-1,0.17285037690255486,0.14608490042343827,-0.10823977040421257,1.4911931572239518,-0.2970428735664345,0.1332025655500046,0.08830110826165387,-0.11970180986409774,-1.0684421909417599,1.534528612476187,0.307255133981283,0.40312606804379647,0.20276639054648357,0.20885286354879878,-0.02067005528235481,-0.00228603693358228,-0.07861298293111975,0.5598540156395944,0.6792294551102728,-0.10906762609411474,-0.2678749597924103,-0.3048837555052589,0.03358215647756841,0,0,1,1,0,train
9c2d90ff-9c18-4fab-86b5-5271d227a213,10,9,-1,0.17288629535295186,0.1461668511589166,-0.10820168053593002,0.7111581381317015,-0.4152486474509241,0.13399646252434289,0.08848531246459489,-0.12077595421809036,-1.0548452485077071,0.8960479787647141,0.3781477124361898,0.31160047590518225,0.20275287648591853,0.20887875865466826,-0.020837559086298838,-0.0022860374431136086,-0.07871553373994883,0.91200969185582,0.8657196538539458,0.03229023320739719,0.7532400233999468,0.6235641733662672,0.03358215715118274,0,0,1,1,0,train
9c2d90ff-9c18-4fab-86b5-5271d227a213,11,10,-1,0.17305350193238608,0.14624026535944926,-0.10838611568761396,1.5149594121301762,-0.15280359219068865,0.13406576134139847,0.0885792566080948,-0.12078760858721142,-0.7603099413635962,1.438991440199185,0.3800371998747878,0.33193949638043235,0.2027811916604358,0.20886516372408678,-0.02065907142635848,-0.002286036900171166,-0.07862635912357571,1.240666649504456,1.2517483246750187,0.1104254823385525,0.6300553647127225,0.5037081242094774,0.03358215703870949,0,0,1,1,0,train
9c2d90ff-9c18-4fab-86b5-5271d227a213,12,11,-1,0.17322690134809568,0.14624197266643837,-0.10866477314504948,-1.5674319061643456,0.151549475119841,0.13433687776601935,0.0885792566080948,-0.12122076263954479,-0.4590600665290236,2.697679912454473,0.19811983827143678,0.3014309656675617,0.20271651722773157,0.2088936483405432,-0.02105586322422589,-0.002286038107170554,-0.07877052475337891,1.9260056591339945,1.612017992568434,0.3209904498968505,2.1583926895259284,2.322977606185861,0.03358215709290122,0,0,1,1,0,train
fd371f5c-5411-4c91-9f40-6918f812ad00,1,0,-1,0.17037076525790779,0.14479417633965466,-0.10574187693684091,0.5260946859480714,-0.05696401129448543,0.13108591220800922,0.0868403689323316,-0.11786041954296757,-0.1968739409449947,-1.2318717217929886,0.3023253381429011,0.3522785168556802,0.20249224817502096,0.20818476981736664,-0.019006001098910874,-0.0022860318710087035,-0.07672842603843481,-1.3817259137428604,-1.6126371310486316,-0.5499343742441384,0.5820027118568865,0.45602141505084715,0.03358184276496077,0,0,0,0,0,train
fd371f5c-5411-4c91-9f40-6918f812ad00,2,1,-1,0.17207255666637186,0.1451253938955462,-0.10810745823017844,-0.6469855468270275,-0.4822584381365739,0.13307004675949483,0.0872400920527136,-0.12060890826068825,0.14761605849361764,0.8396652669421939,-0.14410353781532295,0.33193949638043235,0.2025537049742573,0.20860297577715847,-0.020517654280405737,-0.0022860364699548615,-0.07836180776166884,-1.196879968016331,-1.2626161080043443,-0.5434637463164633,-0.1797389359468806,-0.229805052887637,0.03358199691503126,1,1,0,0,0,train
fd371f5c-5411-4c91-9f40-6918f812ad00,3,2,-1,0.17237476707660856,0.14619758268472097,-0.10733764194488894,0.5183626783771603,0.9366303401191233,0.13333994741539545,0.0883968944471832,-0.11982029595016204,0.04959315868009135,1.0928650737747307,-1.2244240025713475,0.31160047590518675,0.20278698340067794,0.20866480034242182,-0.019784481892650734,-0.0022860342396393406,-0.07765435580510888,-0.8726748920146737,-1.0599902821134575,-0.4212440516330181,0.6068944642312506,0.48100114365708035,0.03358213541601824,0,0,1,1,0,train
fd371f5c-5411-4c91-9f40-6918f812ad00,4,3,-1,0.17313896307298582,0.1462061192196666,-0.10856453664956908,-0.29672232873099286,-0.5409385838090849,0.13411925516509046,0.08851846922112426,-0.12093717299093192,-0.13114668116079373,0.7989447376022479,0.26943126202965884,0.2709224349546933,0.2027828004771697,0.20889947473936382,-0.02079774260831214,-0.002286037321995674,-0.07870513003470529,-0.5657845329222455,-0.7046007114920818,-0.34782975389314374,0.5136407856697438,0.3926868147272162,0.03358214899054328,1,1,0,0,0,train
fd371f5c-5411-4c91-9f40-6918f812ad00,5,4,-1,0.17317612009063788,0.14623172882450358,-0.1085946075982132,0.48575490825682743,-0.30434437649959123,0.1342347531935164,0.08854794189359483,-0.12109062218435944,0.7882267986371208,0.9571291461816158,0.0030831177105678253,0.30143096566755945,0.20278923574410546,0.20889526678466003,-0.020752434202327284,-0.002286037184172518,-0.07868283638061202,-0.2808056182605919,-0.3681913181205219,-0.28130915845370713,0.3937583918196613,0.2809267137141598,0.033582160432144265,1,1,1,1,0,train
fd371f5c-5411-4c91-9f40-6918f812ad00,6,5,-1,0.17321575424280006,0.146236850745471,-0.10865274476559184,0.1178497110667258,-0.5115198519718588,0.13417031745134195,0.0885608361878007,-0.12097407849314866,0.8445353290803699,0.8673347243606268,0.37931124595450494,0.22007488376657253,0.20278730516402474,0.2089017405611274,-0.020788131734315353,-0.002286037292760462,-0.07874228612486076,0.02738691156424978,-0.05580097751637581,-0.19857352223522967,0.5205159320643755,0.3993285828247298,0.03358216131349823,0,0,1,1,0,train
fd371f5c-5411-4c91-9f40-6918f812ad00,7,6,-1,0.17321079997377978,0.14624197266643837,-0.10863871165622457,0.40176544885586457,-0.49597608328840476,0.1342080062816704,0.08857004639794774,-0.12102458075934,0.6710944728202477,0.8041654650964393,0.3605970236961524,0.09804076091508766,0.20278054813374222,0.2088997984281872,-0.020808726464308473,-0.0022860373554073276,-0.0787541760737105,0.333706201769368,0.28203583921072006,-0.12204230668986295,0.5103532295573077,0.38977405757271516,0.033582224355789746,0,0,1,1,0,train
fd371f5c-5411-4c91-9f40-6918f812ad00,8,7,-1,0.17322566278084062,0.14624026535944926,-0.10866477314504948,-1.5677748231560276,7.628102095743478,0.13432715161625716,0.08856636231388892,-0.12121882024469129,2.2981877928632466,-1.4788064907110785,0.2619629692571265,-4.6917985610057835,0.20274965885245064,0.20889300096289645,-0.02091170011427406,-0.002286037668642111,-0.07876309353534781,1.3035187116349813,0.6178192339731301,0.17535718493710634,2.874932934554307,3.773944803823835,0.033582189225697404,0,0,0,0,1,train
36d3bd37-24d7-453f-b5ee-69a50ddd3e41,1,0,-1,0.10266572482684466,0.14528929536650287,0.004426050515760884,1.7268471071278484,1.548298982346294,0.10301016515074381,0.08740955991941934,-0.07240449518106,-0.35021464282857073,-1.3459710174147481,0.013810508681900186,0.362448027093303,0.20241502497179203,0.1912807683946042,0.052365722183239434,-0.0022858140427193924,0.0016040432273062668,-0.5395304572191917,-0.5160141584349001,-0.3896076060316717,-0.3217733983991054,-0.35089224026909954,0.0335821557104521,1,1,0,0,0,train
36d3bd37-24d7-453f-b5ee-69a50ddd3e41,2,1,-1,0.17128978216116858,0.14570758557884014,-0.10615685602812978,0.30072689930158897,-0.5265993354288132,0.13284756108368487,0.08795848844418358,-0.11949591600962539,0.0008909363809173412,0.0914363380059362,0.3142724655166996,0.28109194519231384,0.202291146083279,0.20852529045955007,-0.02130849191214147,-0.002286038875748649,-0.0773169785064973,-0.3551401924590674,-0.3394119269825446,-0.3324263183314602,-0.18295574769588524,-0.23212926985088073,0.033582157182870484,0,0,1,1,0,train
36d3bd37-24d7-453f-b5ee-69a50ddd3e41,3,2,-1,0.17206017099382118,0.14591929164549247,-0.10715521152311461,0.6911255357150397,-0.4755303618289993,0.13328645359170344,0.08824584700077157,-0.11989410695459551,0.3110754568199343,1.134977913284189,0.05071573111043823,0.28109194519231384,0.20254308678381333,0.2084006702625533,-0.019704848936677344,-0.0022860339972353067,-0.07669424243549179,-0.14064681721342917,-0.1372856128975442,-0.2667935821000583,-0.006182638710367655,-0.07858728500833795,0.03358215680944197,0,0,1,1,0,train
36d3bd37-24d7-453f-b5ee-69a50ddd3e41,4,3,-1,0.1726323890656628,0.14591929164549247,-0.10808139674135353,0.6610192050870831,-0.297826863481914,0.13376060339260992,0.08839136832109497,-0.12049819175403802,0.189900580729648,1.5375447451444886,0.29272066669067903,0.20990537352894748,0.20269721142692435,0.20865411861125066,-0.020122235464537872,-0.00228603526708831,-0.07780000767851829,0.08275715960447286,0.09783935636508198,-0.20760033974303618,0.0454886973862058,-0.03313844502202382,0.03358215705509387,0,0,0,0,0,train
36d3bd37-24d7-453f-b5ee-69a50ddd3e41,5,4,-1,0.1727042259664568,0.14590563318957944,-0.10821370891538766,-0.41027065547579916,-0.27522280559747414,0.1340998028655661,0.08844110345588904,-0.12098767525712326,0.5968644067519121,0.9574771614894968,0.3219274321544475,0.32176998614280955,0.20244494896304324,0.20880916555764406,-0.02185631172995841,-0.0022860405420987405,-0.07869621257306798,0.2746614991797258,0.3427320162073855,-0.17109562407238704,-0.13858260794094607,-0.1938034642194193,0.03358215709208788,1,1,1,1,0,train
36d3bd37-24d7-453f-b5ee-69a50ddd3e41,6,5,-1,0.17277358573274063,0.14621977767557967,-0.10795710348695783,0.35179789952321605,0.2627757173787064,0.13414721784565675,0.08851846922112426,-0.12098184807256271,1.6664335840946383,-0.24442283002206439,0.06511838925606914,0.24041390424182038,0.20210516686883606,0.20855539352012334,-0.022229762833833617,-0.0022860416783201717,-0.07748641027760621,0.6316795136408696,0.5530951656161852,-0.0372650113830697,0.778371166716155,0.6483647023833535,0.03358215761616478,0,0,1,1,0,train
36d3bd37-24d7-453f-b5ee-69a50ddd3e41,7,6,-1,0.17319717573397403,0.14624026535944926,-0.1086186643571285,-0.43081639956933404,-0.1645443047170666,0.1342493424181597,0.08854057372547719,-0.12112170050201564,0.8301596896289678,2.1155822395035084,0.2944268256738324,-2.8409476977582284,0.20109836935673917,0.2082135781226464,-0.025075954518882528,-0.0022860503374875552,-0.07876309353534781,1.121483597041228,0.9444538711251437,0.103830637486131,1.4130798687687907,1.3256447659892994,0.03358215843668059,0,0,1,1,0,train
f7167bf4-11bb-49af-9ea5-6d18208a12bf,1,0,-1,0.17319593716671897,0.1462385580524601,-0.1086186643571285,-0.3660384037399211,-0.15711039038698058,0.1342943258608098,0.08855899414577129,-0.12117414516306048,-0.8099499347137368,-1.4788064907110785,-0.46042139880022737,0.24041390424182266,0.2027811916604358,0.2089179250022958,-0.020882867492283696,-0.002286037580934962,-0.07876309353534781,1.695317419066,1.5886217139085939,0.24648392251535983,1.3518438390414516,1.2552063868583248,0.03358215665153302,0,0,0,0,1,train
f0325f30-3b7f-4f25-9855-2748f5233019,1,0,-1,-0.2104787571376077,-0.07325112116332883,0.25466646148258804,0.693141313248758,-0.16289725334053012,0.043870311521781814,0.02099657659106512,-0.04794974397533329,-0.07527585932468345,-1.4511372686168378,-0.5371992221240819,0.31160047590518675,-0.04431664874138375,-0.05097312603540111,0.027109718301679023,-0.0022858842714881702,-0.02274954450418853,-1.9999466602154168,-2.1065781550533016,-0.7594761723926806,-0.37501564840816454,-0.3989392297397738,0.03358215692950167,1,1,0,0,0,train
f0325f30-3b7f-4f25-9855-2748f5233019,2,1,-1,-0.07843757920926772,-0.03961546617044417,0.08044139922827963,0.10743557083590993,-0.45314353703823085,0.06958138841811616,0.04344738484551625,-0.06535360186280838,0.04116692893374604,-1.4714976392799386,-1.465968609767114,0.33193949638043235,0.12566738796943538,-0.039682859876315014,0.704551393713304,-0.002283725050555093,0.7523368998439537,-1.7846286211676006,-1.9403019985145387,-0.6785810331703779,0.0016072165789873972,-0.07438105797823871,0.03358215711107444,0,0,0,0,0,train
f0325f30-3b7f-4f25-9855-2748f5233019,3,2,-1,-0.04418500177034905,-0.07915498873174642,-0.02142694639854477,-0.7788782118310547,-0.443349849848656,0.07626568484217737,0.02502512250938516,-0.09545877969740395,0.5591834701052508,-0.4430378174193079,0.3542400760495093,0.32176998614280955,0.16396205268730407,0.1313183849320978,0.14262555883307806,-0.0022855330027279465,0.11149392298388278,-1.560885884881323,-1.704273043052259,-0.6198660899940166,0.04923685521818435,-0.03141059031466413,0.033582156466497426,1,1,1,1,0,train
f0325f30-3b7f-4f25-9855-2748f5233019,4,3,-1,-0.08433315934339367,-0.16865202110203287,-0.06153156824025418,-1.0286297058277367,-0.47456867459263724,0.08029474238116223,0.010069583272603998,-0.11766618005761628,-0.23694848257837864,-0.12144833500087784,-0.7013504505981504,0.27092243495468876,0.15635299306248235,0.16984221024527535,-0.05324817216746845,-0.0022861367480422564,-0.07612798362152258,-1.350848720924676,-1.4590090392954966,-0.5720956380781772,-0.031195854492323545,-0.10131634905368651,0.03358215678661728,0,0,0,0,0,train
f0325f30-3b7f-4f25-9855-2748f5233019,5,4,-1,-0.14916967801171818,-0.2504525135653134,-0.05263858636123279,-1.1643382942327989,-0.49617126329828837,0.01676474790329428,-0.06627937476238868,-0.09667471887570299,-0.28566092741640453,-0.7479213826040064,0.050569871244427474,0.26075292471706596,0.15495879248085376,0.1621876169502619,-0.026729024846330135,-0.002286055521308233,-0.08202688449460344,-1.0634534856281395,-1.2287689134046154,-0.47721612703021954,0.4076813897837578,0.29325124298413163,0.03358215715640358,0,0,0,0,0,train
f0325f30-3b7f-4f25-9855-2748f5233019,6,5,-1,-0.36703118104375276,-0.35050070312843407,0.18251222257597444,-0.39755192026471886,-0.4985954443534142,-0.0825805773050973,-0.10598827479038368,0.020173928327069178,1.0567178629390537,0.08737591047600315,0.38519113816781925,0.4336345987566694,0.14911943126336116,0.16078507327860708,-0.045696771169991844,-0.002286113739589076,-0.07878984592025974,-0.8601821323475779,-0.9137298321838657,-0.45158163595404927,-0.07147601878515543,-0.1358256068519776,0.03358215724661385,0,0,0,0,0,train
f0325f30-3b7f-4f25-9855-2748f5233019,7,6,-1,-0.3790489991196822,0.0720355816908159,0.6981087080280736,1.0638561714237054,0.38104118507803164,-0.06900287223708794,0.048247746374159156,0.1611199260825217,0.991155205680241,-0.12249250539351497,0.2560409248806989,0.27092243495468654,0.12760890800394883,0.1549107685121193,-0.11256648647564656,-0.002286319275849676,-0.15526896940904647,-0.7076108640031596,-0.6909063037773101,-0.4362799180811595,-0.37303577990130976,-0.3944231918599121,0.03358215725327252,0,0,0,0,0,train
f0325f30-3b7f-4f25-9855-2748f5233019,8,7,-1,0.13530940340142938,0.1018776005538498,-0.09938487839347374,0.3064160982690272,-0.30540019343183405,0.10534565686238832,0.07869854316233865,-0.08532142095692041,0.25942962014628423,-0.9624883785369003,0.3727542428035627,0.29126145542993664,0.09588722493424735,0.13327152329230207,-0.1561380702310866,-0.0022864548271750774,-0.07909452585953451,-0.6805846160616734,-0.5236595776779187,-0.5884206987172786,-1.1458134379332494,-1.0347700300725218,0.03358215713504858,1,1,0,0,0,train
f0325f30-3b7f-4f25-9855-2748f5233019,9,8,-1,0.1405262486797778,0.11132413012471579,-0.09673663018288148,0.14441418642204928,0.052663967623249194,0.11872762316643373,0.0781275101332215,-0.10730350351412526,1.414484074557999,-0.7296492097813192,0.34502012672093946,0.03702369948934409,0.08737497559499419,0.10136001326289205,-0.05710213264018061,-0.0022861499880477264,-0.08102664254761845,-0.4893193247161776,-0.4940337409393769,-0.36322842030114205,-0.14226446489814434,-0.19706295242593697,0.03358215704491688,0,0,1,1,0,train
f0325f30-3b7f-4f25-9855-2748f5233019,10,9,-1,0.12306245038331232,0.12638428507584698,-0.050786215924754935,1.6682343262826276,0.5246213635047858,0.12209408675286978,0.09013578212294639,-0.1000195228134521,-0.20306741624158356,-1.3566442647876449,0.38575718150105365,-0.6850115273819559,0.07155644594024595,0.09279682544068384,-0.08827843490376269,-0.0022862470762989966,-0.07570440419375034,-0.12070809613396635,-0.28437110824913286,-0.22426785386823392,0.8378372235305342,0.707496303010135,0.033582157221914044,0,0,0,0,0,train
f0325f30-3b7f-4f25-9855-2748f5233019,11,10,-1,0.1612982601145312,0.12949670571703417,-0.10901961033905011,-1.1947107294789807,-0.03328984934938427,0.13363659498314207,0.08921107702418249,-0.11943570176916649,-2.186889644941309,-1.4788064907110785,-0.018514847770290943,-3.166372025362192,-0.06979998404357662,0.07688363550625175,-0.62395559991676,-0.0022879177752068475,-0.08527878550500931,0.5114707352308238,0.11969593433899822,-0.037532131646493286,1.978014632774724,2.0518322277280197,0.03358215723576575,0,0,1,1,0,train
b9999909-d409-49d5-a0b6-369762db3798,1,0,-1,0.17188801014536664,0.14468149407837197,-0.10832998325014494,-1.0250401816561592,-0.5305790461693434,0.1332657855234588,0.08712220136283136,-0.12104594710272863,0.11049348293293314,-1.2553644820822487,-0.3733738365616981,0.30143096566755945,0.20273164010503056,0.2086751583847696,-0.02006457022055714,-0.002286035091677605,-0.07794565955192768,-2.4918141411650296,-2.819561199089914,-0.8270143937103352,0.5589040084577661,0.40976693631353467,0.0335821547267053,0,0,0,0,0,train
b9999909-d409-49d5-a0b6-369762db3798,2,1,-1,0.17201682113989378,0.14575197556055758,-0.10728150950741991,0.5298987762459567,-0.4895560070002344,0.1326749219254061,0.08835268543847735,-0.11880442344177482,0.7462234397813595,0.10512606033686892,-0.7591410662263478,0.39295655780617367,0.2027856963472908,0.20884380026174448,-0.020549232866395185,-0.002286036566049711,-0.07848665222459118,-2.237597673965053,-2.479481011419343,-0.7785217429365089,0.23321007113330294,0.12402175719303057,0.03358215735782944,0,0,1,1,0,train
b9999909-d409-49d5-a0b6-369762db3798,3,2,-1,0.17274757582038416,0.14580660938420978,-0.10840014879698122,-0.6453911062789207,-0.47742339241031967,0.13399403098690235,0.08829926621962446,-0.12096825130858813,0.3841349471122198,0.08737591047600315,0.14028104874253852,0.39295655780617367,0.2027454759289424,0.20889817998407034,-0.020951516592260758,-0.0022860377897590198,-0.07875566231731672,-1.88844711176808,-2.20081208298276,-0.6708747910080349,0.7445312270511051,0.608236482514645,0.03358215699727228,0,0,0,0,1,train
b9999909-d409-49d5-a0b6-369762db3798,4,3,-1,0.172726520177048,0.14587319435678592,-0.10828788392204317,0.4036838696736211,-0.33634733978977677,0.13398308906841988,0.08842084099356552,-0.12082257169457467,0.08000970738420923,1.3523291561491249,-0.8433523900611175,0.34210900661805516,0.20276478172974963,0.20885771888114932,-0.020697514922345634,-0.002286037017112367,-0.07863379034160681,-1.6161634856040663,-1.8180775807605924,-0.6194423321117882,0.3258529705186252,0.21617394356389982,0.03358215699964713,1,1,0,0,0,train
b9999909-d409-49d5-a0b6-369762db3798,5,4,-1,0.1729123052653083,0.14597904739011208,-0.10846430015408867,-0.6883702828641922,-0.3813540423477528,0.13410588170916748,0.08845952387618314,-0.12097796328285569,0.6952209317761809,0.3593695396860659,0.13228418122620567,0.19973586329132242,0.20274258005882134,0.20887714021055143,-0.02087462960028645,-0.002286037555878473,-0.0787452586120732,-1.4459437342878807,-1.5196036574554395,-0.6124023106155188,-0.26632491153985677,-0.30440647726661496,0.033582157044601005,1,1,0,0,0,train
b9999909-d409-49d5-a0b6-369762db3798,6,5,-1,0.17292592950511404,0.1461344123261231,-0.10830392176132003,1.028075335065397,-0.3394150779490253,0.13406089826651738,0.0884889965486537,-0.12087501635561951,0.2486006499374709,0.36145788047134014,0.3369101843543506,0.24041390424182038,0.2027564158827332,0.208854805681739,-0.020720855616337835,-0.0022860370881125918,-0.07867540516258092,-1.22543048050362,-1.3330108839011245,-0.5369768073544935,0.029497322181072108,-0.04788268058628378,0.03358215723753885,0,0,0,0,0,train
b9999909-d409-49d5-a0b6-369762db3798,7,6,-1,0.17310304462258883,0.1461668511589166,-0.10855250827011143,0.3156897741128606,-0.18721097329431574,0.1341812593698244,0.0885074169689478,-0.12104788949758215,1.1982691471328202,-0.5390970126581311,0.3790482967465131,0.09804076091508314,0.20271169077752976,0.20886872430114384,-0.020970738340254334,-0.002286037848232589,-0.07873485490682966,-0.9224274869807773,-1.0912869986825282,-0.43822387892754505,0.49286896384597023,0.37285916848946454,0.033582157110259026,0,0,1,1,0,train
b9999909-d409-49d5-a0b6-369762db3798,8,7,-1,0.17310923745886417,0.1462061192196666,-0.10851642313173848,1.0978278328644264,-0.2426761325372401,0.13415329668925813,0.08855715210374188,-0.12095076975490651,-0.8304753758813076,-0.5375308193036726,0.3870973526552718,-0.3494176895403629,0.20270589903728758,0.20882373155469564,-0.02080460751830985,-0.002286037342879019,-0.07876309353534781,-0.5783811554319884,-0.75913888708256,-0.34352263449857284,0.7113090997780801,0.5822021726982722,0.03358215779987669,0,0,0,0,0,train
b9999909-d409-49d5-a0b6-369762db3798,9,8,-1,0.17314887161102635,0.14620099729869923,-0.10858658867857476,-0.4148616751736716,-0.09585242296151586,0.1342712262551246,0.0885774145660654,-0.12111781571230862,0.9522349334762193,0.2523471154350268,0.38746200232029865,-1.5799284282928592,0.20266986154244745,0.208817905155875,-0.02093366782626672,-0.0022860377354719866,-0.07876012104813537,-0.08496744698668865,-0.3819995789911637,-0.19883235835337196,1.429004065197353,1.3440557868106986,0.033582157323034725,0,0,1,1,0,train
2794318a-9a4b-41aa-adee-7f06e8a3be4f,1,0,-1,0.17321327710828993,0.14623172882450358,-0.10865474949550144,0.05490814554888481,-0.5409681320307964,0.13428703124848815,0.08854425780953601,-0.12117802995276751,0.1259340783147862,-1.1478199415176427,-0.03394856120730982,0.24041390424181588,0.20280500214809802,0.2089169539358257,-0.020777147878319024,-0.0022860372593488383,-0.07875863480452916,0.022625411898820075,0.14426675509049888,-0.2725938000583275,-0.565144237742465,-0.5558681813966017,0.033582157979553634,1,3,0,0,0,train
2794318a-9a4b-41aa-adee-7f06e8a3be4f,2,1,-1,0.17320336857024937,0.14622489959654708,-0.10864673057586301,-0.5102152879208852,-0.5391203299404997,0.13426879471768405,0.0885424157675066,-0.12115083642481833,0.1412900447554046,-1.3759605068719114,0.3844912784437493,0.37261753733092356,0.20280274980467053,0.20891760131347245,-0.020789504716314897,-0.00228603729693683,-0.07876160729174159,0.012081562181884112,0.27681634251905746,3.760541969736697,-1.3803592876630597,-1.2263976483539694,0.03358215802238913,1,2,1,1,0,train
2794318a-9a4b-41aa-adee-7f06e8a3be4f,3,2,-1,0.17318974433044362,0.14619758268472097,-0.10865675422541105,-1.2439450750648056,-0.539280227861208,0.13426028433664214,0.08852215330518308,-0.12115860600423238,-0.4850909713205878,-0.373603722502789,0.3214744636714692,0.31160047590518225,0.20280081922458978,0.20891533549170888,-0.020788131734315353,-0.0022860372927603974,-0.07876160729174159,0.09207216641303691,0.26525830564372166,-0.2918535335185087,-0.8166942499934592,-0.764623448557752,0.03358215693883067,0,0,1,1,0,train
2794318a-9a4b-41aa-adee-7f06e8a3be4f,4,3,-1,0.17315630301455678,0.1462385580524601,-0.10855451300002103,0.6073583816263308,0.837341002943332,0.13415329668925813,0.08854425780953601,-0.1209643665188811,-0.6547172625518507,-0.12614691506425357,0.2946201903585898,0.4132955782814193,0.20280435862140445,0.20891339335876866,-0.020764791040323152,-0.002286037221760814,-0.07874377236846697,0.05076419460806431,0.35294301077557005,3.609458406123099,-1.5722331119546575,-1.3833111463663597,0.03358215801000971,1,1,1,1,0,train
2794318a-9a4b-41aa-adee-7f06e8a3be4f,5,4,-1,0.17322318564633046,0.14623514343848185,-0.10866677787495908,0.2849690194180384,-0.5397337197973516,0.13429554162953006,0.0885608361878007,-0.12117414516306048,-0.8142662179973791,-0.10839688967238204,0.38190594577280634,0.33193949638043235,0.20280435862140445,0.2089169539358257,-0.020779893842318105,-0.002286037267701726,-0.07875863480452916,0.06268943137147656,0.30766172602809105,-0.4825057489332089,-1.2400664373626065,-1.1117932742494538,0.03358215730824752,0,0,1,1,0,train
2794318a-9a4b-41aa-adee-7f06e8a3be4f,6,5,-1,0.1732070842720146,0.14623514343848185,-0.10864071638613418,1.4479062077946716,-0.4280322924835914,0.13429311009208952,0.08857188843997715,-0.12115860600423238,-1.315704712923451,0.27531774385209545,0.3853403434436009,0.3726175373309258,0.20280468038475125,0.2089169539358257,-0.020778520860318565,-0.0022860372635252826,-0.07876012104813537,0.14990348282983373,0.3207340221968458,-0.2694954792077675,-0.7720773288240946,-0.7277799992668875,0.033582156910025446,0,0,1,1,0,train
2794318a-9a4b-41aa-adee-7f06e8a3be4f,7,6,-1,0.1732070842720146,0.14624026535944926,-0.10863470219640536,0.8657184301239267,0.493665299303357,0.13430405201057197,0.08858478273418303,-0.12116249079393941,-0.7856911914427241,0.42880369683708186,0.38462710208044737,0.32176998614280955,0.2028033933313641,0.2089172776246491,-0.020785385770316273,-0.002286037284407501,-0.07876309353534781,0.577090379741286,0.41633698030653843,-0.04029751272716032,1.1264293677576074,1.0062635809988358,0.033582157170561795,0,0,0,0,0,train
2794318a-9a4b-41aa-adee-7f06e8a3be4f,8,7,-1,0.17322442421358555,0.14624367997342752,-0.10865875895532065,1.122393355003306,-0.45420526204178324,0.13431864123521525,0.08859215090230067,-0.12117802995276751,-1.0563734975291599,1.2802847597200073,0.38668519817149827,0.4438041089942899,0.2028033933313641,0.20891598286935562,-0.020779893842318105,-0.002286037267701726,-0.07876160729174159,0.8599653723413081,0.8846139417309886,0.004710349452720682,0.3820454840005876,0.2701955844691489,0.03358215713563869,0,0,1,1,0,train
2794318a-9a4b-41aa-adee-7f06e8a3be4f,9,8,-1,0.17322813991535074,0.14624367997342752,-0.10866477314504948,0.6136475357477786,-0.4839977102331199,0.13434417237834098,0.08860136111244772,-0.12120910827042372,-0.8902774174138182,1.4447339417172094,0.3840175684201914,0.3929565578061691,0.2028033933313641,0.20891598286935562,-0.020779893842318105,-0.002286037267701726,-0.07876012104813537,1.0997843370992828,1.194697989147732,0.053137422328704775,0.1398654614264894,0.05058678432588718,0.03358215748614994,0,0,0,0,0,train
2794318a-9a4b-41aa-adee-7f06e8a3be4f,10,9,-1,0.1732293784826058,0.14624367997342752,-0.10866677787495908,-1.5677384826307146,7.628102095743478,0.13434903545322208,0.08859215090230067,-0.12122658982410534,1.5123328722389184,2.697679912454473,0.37835847325175576,-2.3731502268275255,0.20280114098793658,0.20891598286935562,-0.020789504716314897,-0.002286037296936839,-0.07876309353534781,2.007310867528291,1.4575845545381019,0.3504719960653225,2.7501989303852574,3.4562529521741427,0.03358215718125473,0,0,1,1,0,train
d2df7488-c7b1-4164-be30-61ef2769f3db,1,0,-1,0.17225710318737705,0.14618221692181876,-0.10716523517266265,0.6956304149084664,-0.03198401695923805,0.13381896029118304,0.0885424157675066,-0.12043215032901858,-0.5668006383760231,-1.441392130133938,-0.8278551138384517,0.3217699861428073,0.20276156409628177,0.2088538346152689,-0.020694768958346554,-0.002286037008759204,-0.07846881730131657,0.9909468797043078,0.9785562817950987,0.04759997843464379,0.6274075055322117,0.5011598663643662,0.03358215682733869,0,0,0,0,1,train
d2df7488-c7b1-4164-be30-61ef2769f3db,2,1,-1,0.1730374005580702,0.146236850745471,-0.10836406365860826,-1.5121181309369984,0.024223329807824302,0.1342529897243205,0.08853688964141837,-0.1211314124762832,3.6093484325155196,1.6535583116630848,-0.09313555087387632,-0.5324688738176071,0.2025958559726864,0.20887390332231773,-0.021486979572081826,-0.0022860394185873854,-0.07876309353534781,1.5960880061540894,1.3382782878745758,0.23306168941820823,1.8799610657716572,1.9139254529369196,0.03358215753674348,0,0,0,0,1,train
17c14987-3120-409d-b6b2-fbbe959e33e0,1,0,-1,0.17309809035356855,0.14622319228955794,-0.10847833326345593,0.2889299123529223,-0.5079783812456674,0.134081566334762,0.0884871545066243,-0.12090997946298274,-0.13501727979848038,-1.3676075482550458,-0.9691364520367695,0.28109194519231384,0.20280114098793658,0.20889397202936658,-0.020696141940346094,-0.002286037012937574,-0.07865608399570008,-0.2535707860458177,-0.1717179678083104,-0.3338129828105929,-0.49166474251397707,-0.494347044374658,0.033582157245235694,1,1,0,0,0,train
17c14987-3120-409d-b6b2-fbbe959e33e0,2,1,-1,0.17320584570475953,0.14624197266643837,-0.10863069273658614,0.9451563508915547,0.2597857874038748,0.13424083203711779,0.08858478273418303,-0.12106148626155674,0.232981602438199,0.7582239593243134,0.1326120313837528,0.3522785168556802,0.20280435862140445,0.20891371704759204,-0.020766164022322696,-0.002286037225937263,-0.0787452586120732,-0.16704393029992273,-0.025946493292617532,-0.34980443683982826,-0.7763078311614975,-0.7312850654200185,0.033582155006477814,0,0,0,0,0,train
17c14987-3120-409d-b6b2-fbbe959e33e0,3,2,-1,0.17322566278084062,0.14624367997342752,-0.10866076368523027,-0.5170715336965996,-0.4679457220098663,0.13433687776601935,0.0885976770283889,-0.12120133869100966,-0.06633492041564767,0.8657686554751625,0.38298316771903257,0.0065151687764644075,0.20280403685805767,0.2089169539358257,-0.02078126682431765,-0.0022860372718781705,-0.07876160729174159,-0.25676883298371667,0.06890316942701906,3.6023076378936127,-1.872472424573005,-1.6302634229656763,0.03358215745081666,1,1,0,0,0,train
17c14987-3120-409d-b6b2-fbbe959e33e0,4,3,-1,0.17322813991535074,0.14624367997342752,-0.10866477314504948,0.23333541402675126,-0.23869946175950246,0.13435146699066264,0.0885976770283889,-0.12122464742925182,-0.033579076278360306,1.211372749999807,0.38828430404198316,0.13871880186557659,0.20280371509471087,0.20891663024700236,-0.02078126682431765,-0.0022860372718781705,-0.07876309353534781,-0.20674629331186012,-0.02945215255651235,-0.4105069597414775,-1.0025709774346363,-0.9174766268543285,0.033582157588938996,1,2,1,1,0,train
17c14987-3120-409d-b6b2-fbbe959e33e0,5,4,-1,0.17322690134809568,0.14624197266643837,-0.10866477314504948,-1.1309549791671678,-0.4932051978442027,0.13434295660962073,0.08859215090230067,-0.12121687784983777,0.20203957592935592,0.2095381208408123,0.3888617217684386,0.23024439400419533,0.2028030715680173,0.20891630655817897,-0.02078263980631719,-0.0022860372760546152,-0.07876309353534781,-0.050675360257425243,0.02538193306181698,-0.269455865999723,-0.3520845129396743,-0.37657302763459305,0.03358215726466617,0,0,1,1,0,train
17c14987-3120-409d-b6b2-fbbe959e33e0,6,5,-1,0.1732182313773102,0.14624197266643837,-0.10865074003568222,0.9706546131801339,-0.5280482678551192,0.13431256239161388,0.08860136111244772,-0.12115860600423238,-0.37625713547616263,1.2541818690630158,0.38869712760771086,0.39295655780617367,0.2028033933313641,0.20891565918053223,-0.020778520860318565,-0.0022860372635252818,-0.07876012104813537,0.06014813076041371,0.19646494807423334,-0.2707457327286595,-0.6268851840890929,-0.6073592137561243,0.033582156992476325,0,0,0,0,0,train
17c14987-3120-409d-b6b2-fbbe959e33e0,7,6,-1,0.17322813991535074,0.14624197266643837,-0.10866677787495908,-0.41734819710473126,-0.3939760886249142,0.13434660391578154,0.08860136111244772,-0.12121299306013074,-0.578919953758267,-0.048881915609938924,0.3889179246525895,0.34210900661805965,0.2028033933313641,0.20891598286935562,-0.020779893842318105,-0.002286037267701726,-0.07876160729174159,0.3243357717169225,0.3179482800853286,-0.134634703594273,0.27795645004336056,0.17488008329606097,0.03358215722190249,0,0,1,1,0,train
17c14987-3120-409d-b6b2-fbbe959e33e0,8,7,-1,0.17322690134809568,0.14624367997342752,-0.10866276841513987,0.7304711084174743,0.42693374533447626,0.13433323045985854,0.08859399294433008,-0.12119939629615616,-0.4705252989274402,0.6616427411236687,0.38845893443202356,0.3421090066180529,0.20280371509471087,0.20891598286935562,-0.020778520860318565,-0.0022860372635252818,-0.07876160729174159,0.6290903009614316,0.6075474851345671,-0.04819115332298425,0.5018612032297138,0.3817929386842977,0.03358215718557099,0,0,1,1,0,train
17c14987-3120-409d-b6b2-fbbe959e33e0,9,8,-1,0.1732293784826058,0.14624367997342752,-0.10866677787495908,-1.567771009644112,7.628102095743478,0.13435146699066264,0.08858294069215362,-0.12124018658807992,-0.6720192256440963,2.697679912454473,0.38827226056680797,-3.5324743939166625,0.2028030715680173,0.20891630655817897,-0.02078263980631719,-0.0022860372760546152,-0.07876309353534781,1.5905724070789937,0.9416156084003854,0.24725468090582492,2.8591612258604284,3.7314552834591193,0.033582157961570755,0,0,1,1,0,train
cc3665cc-b623-4ce5-a566-4f561562da34,1,0,-1,0.1584346926208129,0.1265259915559449,-0.10787290483075429,-1.4384943016520433,-0.5276120819638438,0.12262902498978993,0.07135616363310972,-0.12067689208056119,-0.031661348080845406,-1.2496218094193574,-1.125904361146486,0.24041390424182038,0.19874853163515285,0.2047497840237823,-0.02041056168444152,-0.0022860361433761065,-0.0782533119784149,-0.8512244109432581,-0.7596116695732467,-0.5386983529426262,-0.8683302265354119,-0.807244702329189,0.03358216806543219,1,1,0,0,0,train
cc3665cc-b623-4ce5-a566-4f561562da34,2,1,-1,0.1565718874691899,0.13753470702186646,-0.09193129258955093,1.0237846855119326,0.16590861512448843,0.11758966364425816,0.08003402363366102,-0.10347504325785145,0.5832033078120223,-0.5933913836953771,0.059997235978792404,0.25058341447944094,0.20119586365081565,0.20483685631726836,-0.010336992753807723,-0.0022860054777857413,-0.0673279352291034,-0.6017175387367766,-0.6810869610239879,-0.37132330159544363,0.19524816979464796,0.10000030055805202,0.03358216006026935,1,1,0,0,0,train
cc3665cc-b623-4ce5-a566-4f561562da34,3,2,-1,0.16553044442510018,0.1361773979655067,-0.10802526430388451,-1.3988592525506358,-0.5247374871090785,0.1251784919962025,0.07695228731845781,-0.11884909852340561,0.41936494282600717,-1.4010194293983815,0.25449266923873154,0.016684679014089463,0.20104270429774498,0.20729883350780762,-0.02143343327409972,-0.002286039256281751,-0.07872890993240479,-0.639632024039047,-0.4075806320234799,3.791769271418481,-1.5511145926688978,-1.3660025478608324,0.03358215772123852,0,0,1,1,0,train
cc3665cc-b623-4ce5-a566-4f561562da34,4,3,-1,0.15758008121481565,0.13624910485905023,-0.09507270435790677,-0.409698404364235,-0.3511395897264034,0.11320073856407246,0.07710517680689886,-0.0995514056537555,-0.5238564528046238,-1.0554151870668065,0.3863995001770643,0.10821027115271045,0.20115081678226546,0.2071447576278843,-0.020318571890472262,-0.002286035863958717,-0.07780000767851829,-0.5619945762788662,-0.44914201908774487,-0.4587898699853784,-0.8312099404777046,-0.7766258067649543,0.03358217116800643,1,1,1,1,0,train
cc3665cc-b623-4ce5-a566-4f561562da34,5,4,-1,0.15997175458435287,0.13197400815826432,-0.10396368150701855,-1.0761624960454734,-0.5369732972884962,0.1181878218546325,0.07133958525484503,-0.11359880523436039,-0.4929270987963666,-1.4010194293983815,0.37171649669263296,0.17939684281607682,0.2008148958482197,0.20725351707253606,-0.02221328704983912,-0.002286041629245338,-0.07846881730131657,-0.4904476499492034,-0.3640368148018962,-0.4483180615426502,-0.8689235137538934,-0.8076907277676452,0.033582144836417145,0,0,1,1,0,train
cc3665cc-b623-4ce5-a566-4f561562da34,6,5,-1,0.15531474170529538,0.14149907385063037,-0.08524150888118881,0.7995297713721023,-0.011808510802174254,0.11824739452192587,0.08187238157901237,-0.10258736880979608,-0.6479821038218817,-0.2060221537966697,0.1884168117719506,0.1387188018655811,0.2021045233421425,0.20691558594093956,-0.015276981988156968,-0.0022860205223436186,-0.07208242852539608,-0.4585918573307579,-0.28560796433118957,-0.5168759273404675,-1.1157043995438447,-1.0101367658142353,0.03358215985477371,1,2,0,0,0,train
cc3665cc-b623-4ce5-a566-4f561562da34,7,6,-1,0.16777596685853932,0.13891762568306318,-0.10844224812508298,-1.3087506908150774,-0.5350782868994749,0.12730608725668033,0.07966745726980841,-0.11938519950297516,-0.6526002208484549,-0.6142737957961658,0.38076449195897905,0.16922733257845401,0.2018570873284632,0.20821293074499966,-0.021835716999965293,-0.002286040479803585,-0.07881957079238411,-0.33785338135571913,-0.2506880408059482,-0.36324795786176506,-0.566219177122425,-0.5567874806209389,0.03358215407734976,1,1,1,1,0,train
cc3665cc-b623-4ce5-a566-4f561562da34,8,7,-1,0.16127225020217476,0.13851299392663893,-0.09839053235830812,0.04515778071560654,-0.3155626148707222,0.11112785289600692,0.07676624107348738,-0.09659702308156247,-1.2907045005890347,-0.353243457832816,0.2480768423801208,0.2404139042418136,0.20166338579369733,0.20796401403982945,-0.02160642900604191,-0.002286039782362333,-0.078342486594788,-0.11706185783584405,-0.11833602564493631,-0.2586743937981306,0.030384113572906123,-0.04646335591056889,0.03358215776121063,0,0,0,0,0,train
cc3665cc-b623-4ce5-a566-4f561562da34,9,8,-1,0.16642468998325963,0.13837470206051927,-0.10689259190495595,-1.3561020728318018,-0.4769304307433597,0.12348857347502297,0.07497577622090071,-0.11823335935484204,-1.257669827792512,-0.7155535940601863,0.303694948903103,0.34210900661805516,0.20122578764206686,0.20776915336816174,-0.022647149361694142,-0.0022860429488663235,-0.07812103629746146,0.14758979160744887,0.1236928953956668,-0.1789042251952506,0.28057162439233135,0.17724677507294237,0.03358215615251991,0,0,1,1,0,train
cc3665cc-b623-4ce5-a566-4f561562da34,10,9,-1,0.15031092999481876,0.11755580063504668,-0.10525673229871577,-1.2236500974202473,-0.5021087542019719,0.11496603474590893,0.06237805078176456,-0.11790120983489134,-0.9630148612139137,0.7138490203136288,0.3474850246401304,0.2404139042418136,0.20042620572530087,0.20732893656838086,-0.024191754111177993,-0.002286047649200757,-0.07755180499627981,0.38975287684708637,0.41380074077502166,-0.12449657752372033,0.15326992380204715,0.0625430541484947,0.03358215799455713,0,0,1,1,0,train
cc3665cc-b623-4ce5-a566-4f561562da34,11,10,-1,0.14931016765272342,0.14403613203648016,-0.0725435496337313,1.810376701856641,-0.27206653926278457,0.11227310703050414,0.08657143079603771,-0.0880873912283227,-0.9403919400961819,0.6940106541364831,0.3670202104562591,0.33193949638043235,0.20236064696618503,0.20652456984231066,-0.0125255260610764,-0.0022860121478551288,-0.0694592085604206,0.63281075179864,0.6792569018723343,-0.06317432161747685,0.15836876059591654,0.06710696087336264,0.033582156939916744,0,0,1,1,0,train
cc3665cc-b623-4ce5-a566-4f561562da34,12,11,-1,0.17139258324333925,0.1462385580524601,-0.10569977760873915,1.9501241919476833,0.8402253307882146,0.132932664894104,0.08854057372547719,-0.11901808687566123,-0.1390980983188056,0.4825759204435121,0.19930745874010233,0.26075292471706596,0.20267307917591532,0.20847058704840082,-0.0194467283207636,-0.0022860332120414138,-0.07725307003142991,0.8704103108550644,0.9456939203190633,-0.00516380558220188,0.127167257302139,0.03926662667138614,0.03358215830792559,0,0,1,1,0,train
cc3665cc-b623-4ce5-a566-4f561562da34,13,12,-1,0.1732219470790754,0.1462385580524601,-0.10866076368523027,-1.5606617261365887,0.022876289549235655,0.1342712262551246,0.08852399534721249,-0.12117414516306048,0.7603716085605504,2.660091520885455,0.15168086707781955,0.29126145542994114,0.20223580278763162,0.20878488889589145,-0.0226457763796946,-0.0022860429436270193,-0.07876309353534781,1.4697420189951933,1.2061476007927747,0.2009066559661416,1.858340112061002,1.8842943083921089,0.0335821597510834,0,0,1,1,0,train
a7e67c91-ef08-476c-ac70-dcf55bc4b35d,1,0,-1,0.05145344596427337,0.0569207929160325,-0.016445192573168718,-0.23641926481025807,-0.2899830813494347,0.12289406257080945,0.07998981462495518,-0.11199632948021229,0.13577471735499544,-1.2490997553402874,-0.04832445607477361,0.24041390424182038,0.18528177028207166,0.1799322382473118,0.027393925575584052,-0.002285889942500119,-0.015744878388081186,-0.08678332836763694,0.1484571110311443,-0.5636061671433168,-1.2665245991846286,-1.133408979293255,0.03358216077305278,1,1,0,0,0,train
a7e67c91-ef08-476c-ac70-dcf55bc4b35d,2,1,-1,0.08676128270451038,0.03899748414412736,-0.09463968269743143,-0.32156848048201153,-0.30324818774673284,0.1260039989572679,0.07831724046225075,-0.11872867004248781,-0.04855883224880582,0.005934353920134232,0.33423452561959366,0.16922733257844952,0.1812893306751371,0.19128950799283514,-0.03781585449262534,-0.002286089257776972,-0.06951419957385067,0.02175236251596441,0.15688384267959457,-0.28221594611718526,-0.6409056340252193,-0.6190282196451641,0.03358215635744627,1,3,1,1,0,train
a7e67c91-ef08-476c-ac70-dcf55bc4b35d,3,2,-1,0.07151575836187253,0.03644676750236453,-0.07295852872502016,-0.6562259105226573,-0.3682585050285764,0.12418885625790024,0.07789909692157464,-0.11626959815794055,-1.1608108368557413,0.4491640859760491,0.38257502772698415,-0.003654341461149359,0.17888897610810522,0.18727317707248134,-0.031022339558895475,-0.0022860685486469135,-0.05791852695813467,0.01269804944287495,0.2758593166478686,3.7758943580600857,-1.3710596606738752,-1.2188002137665388,0.0335821575791732,0,0,1,1,0,train
a7e67c91-ef08-476c-ac70-dcf55bc4b35d,4,3,-1,0.04281196222566062,0.07807944843234231,0.022386425775939568,0.4862948566792245,-0.5234325859833172,0.12125277479844083,0.08097346506866021,-0.1083368575761941,-0.9421343089440308,0.9409451896752086,0.38796715919570285,0.2505834144794432,0.1919065558290716,0.1848584584501539,0.03476683891312031,-0.0022858675494326947,-0.015052288867583408,0.0599484035827383,0.26593409130901446,-0.3489477285161702,-1.0198234443477556,-0.931616257678819,0.03358215735286706,0,0,1,1,0,train
a7e67c91-ef08-476c-ac70-dcf55bc4b35d,5,4,-1,0.10954225022698484,0.06502025727247353,-0.10095658664260646,-1.1573025890728228,-0.514533980886567,0.12765866018555952,0.0798111365481024,-0.11979698721191988,0.18947499381226704,0.24242780787745966,0.38849974843122836,-0.003654341461149359,0.18429813973094344,0.19795393717716495,-0.05324542620346937,-0.002286136223662685,-0.07610717621103552,0.23295114607188935,0.31772934163812455,-0.18982438505615692,-0.25070172051488315,-0.2902117318863332,0.033582158132711974,0,0,1,1,0,train
a7e67c91-ef08-476c-ac70-dcf55bc4b35d,6,5,-1,0.04908778250709258,-0.019491438689548207,-0.10233985028023602,-1.4187408707400233,-0.5215441141850081,0.12361987649681246,0.07296795040884362,-0.12056034838935042,-0.24836046086654376,-0.20288989155674678,0.38860813970780517,-0.28840062811462386,0.16672278220273754,0.19029999125979827,-0.09577491662125766,-0.0022862661781643035,-0.06720903574060592,0.4261225397642729,0.5073727954908507,-0.1325355233501782,-0.13111460972976796,-0.18734080966613761,0.033582154898985875,0,0,1,1,0,train
a7e67c91-ef08-476c-ac70-dcf55bc4b35d,7,6,-1,0.006364643610760611,0.14591246241753597,0.16102953686461438,1.9633682945061894,1.0405101372294296,0.1196576862374426,0.08852031126315367,-0.09783044381354312,-0.44330449162806373,0.4475980170905848,0.38754697572847924,0.22007488376657253,0.20277282581341932,0.1726194603497753,0.13304763640427864,-0.002285566194509492,0.08779428243912406,0.707338934648712,0.7191248738584269,-0.03403564176919855,0.3728731767794358,0.2617358478771948,0.033582157303148605,0,0,1,1,0,train
a7e67c91-ef08-476c-ac70-dcf55bc4b35d,8,7,-1,0.1728912496219721,0.14624026535944926,-0.1081234960694553,0.3441313946275604,0.1964297115098785,0.13427001048640433,0.08859583498635949,-0.12109644936891997,-0.38895248494603385,0.34527392396493295,0.3797307603397744,-0.6036554454809645,0.2027982451178155,0.20888523243113563,-0.020671428264354353,-0.002286036937760736,-0.07862933161078815,0.9473709864675989,1.0273907870952734,0.014918557481916386,0.14108494502253338,0.05167364245280629,0.033582156871989975,0,0,1,1,0,train
a7e67c91-ef08-476c-ac70-dcf55bc4b35d,9,8,-1,0.1732219470790754,0.14624026535944926,-0.10865875895532065,-1.5642279766692697,-0.07004752810379611,0.13434174084090045,0.08858294069215362,-0.12122464742925182,-0.13335858887629898,0.609436710871697,0.37506458279133853,-2.891795248946345,0.2026180576436147,0.20891080384818173,-0.02154876376206118,-0.0022860396065129537,-0.07876309353534781,1.5999035986448251,1.2905109358706308,0.23715988956758627,2.0489694728292585,2.155647410099137,0.033582158555416027,0,0,1,1,0,train
e52fc7da-6ea0-48b5-849d-ee9ecba4dbb0,1,0,-1,0.17319222146495375,0.1462044119126775,-0.10865274476559184,-0.9220885950656549,-0.5167392567523678,0.1342675789489638,0.08855162597765365,-0.12113918205569725,-0.3619929772129171,-1.114408075932931,-0.7321790707188458,0.3726175373309258,0.20279760159112192,0.20891242229229856,-0.020789504716314897,-0.0022860372969368587,-0.07876012104813537,0.24124255135034772,0.3841958134459882,-0.21787117963154598,-0.5667313455373472,-0.5571880917531463,0.03358215758533612,1,2,0,0,0,train
e52fc7da-6ea0-48b5-849d-ee9ecba4dbb0,2,1,-1,0.1731079988916091,0.1461514853960144,-0.10857856975893633,-0.015168949411427754,-0.5092686654685896,0.13405603519163628,0.08840978874138906,-0.12095076975490651,-0.11176756412821602,-0.13293383591290356,0.34509104940808233,0.453973619231915,0.20279631453773478,0.20891015647053499,-0.020785385770316273,-0.002286037284407524,-0.07874377236846697,0.2328731499144601,0.5164617307971692,3.7286690225850414,-1.3667829633553188,-1.2153067976204455,0.033582157131392336,0,0,1,1,0,train
e52fc7da-6ea0-48b5-849d-ee9ecba4dbb0,3,2,-1,0.17295689368649075,0.14620953383364488,-0.10826583189303747,0.997044564284263,-0.3150101730455935,0.13398065753097935,0.08853320555735955,-0.12070020081880335,-0.4514176085883663,-0.1945370262916267,0.3769614301314326,0.4132955782814193,0.20279985393454944,0.2089088617152415,-0.020764791040323152,-0.0022860372217607763,-0.07873336866322345,0.2837687050967708,0.5072872970734886,-0.28570292758861193,-0.9971496038248457,-0.9130237802178335,0.033582156730342934,0,0,1,1,0,train
e52fc7da-6ea0-48b5-849d-ee9ecba4dbb0,4,3,-1,0.1730287305872847,0.14621294844762314,-0.10837809676797552,1.1563531272598198,-0.38472730954060624,0.1341046659404472,0.08854609985156542,-0.12088472832988707,-1.0590460192661404,0.472656612885945,0.3704920767164876,0.3827870475685486,0.2028001756978962,0.20891242229229856,-0.020778520860318565,-0.0022860372635252796,-0.07874971734289185,0.34926696599038104,0.5630783714325017,-0.2456305543874019,-0.9064489788000036,-0.8385421607830775,0.03358215734296188,0,0,0,0,0,train
e52fc7da-6ea0-48b5-849d-ee9ecba4dbb0,5,4,-1,0.173142678774751,0.14621124114063402,-0.10856453664956908,0.6207752138421888,-0.16073943247832226,0.13420922205039068,0.08848347042256548,-0.12111781571230862,-0.4055281509177154,0.5332158818100194,0.38158478643480104,0.4234650885190421,0.2027982451178155,0.20891274598112192,-0.020788131734315353,-0.00228603729276041,-0.07875120358649806,0.4669722623919233,0.6348767501084358,-0.16331942879172487,-0.5847836171132595,-0.5722583208293825,0.03358215737264999,1,1,1,1,0,train
e52fc7da-6ea0-48b5-849d-ee9ecba4dbb0,6,5,-1,0.17311419172788445,0.146236850745471,-0.10848835691300397,0.801856462289054,-0.46463095494134016,0.13408035056604173,0.08857557252403599,-0.1208148021151606,0.17498251152968752,0.7603123001095877,0.36027251894837614,0.4336345987566671,0.20280242804132373,0.20891080384818173,-0.020762045076324072,-0.0022860372134078954,-0.07873634115043587,0.7102050440450167,0.7639038315591656,-0.043681370602194305,0.15936493802052945,0.06799907872044078,0.033582157155208125,0,0,1,1,0,train
e52fc7da-6ea0-48b5-849d-ee9ecba4dbb0,7,6,-1,0.17321575424280006,0.14624367997342752,-0.1086447258459534,0.8399689246973812,-0.39974458639453436,0.13430040470441115,0.08858846681824185,-0.12115277881967185,-0.3678925205785789,0.08006709113452597,0.3666073868905314,0.4336345987566671,0.20280210627797696,0.2089150118028855,-0.02078126682431765,-0.002286037271878172,-0.07875863480452916,1.0748986573025876,1.03053258055597,0.07538747918033564,0.8177647768190556,0.6875143668217031,0.033582156919265534,0,0,1,1,0,train
e52fc7da-6ea0-48b5-849d-ee9ecba4dbb0,8,7,-1,0.17322690134809568,0.14624197266643837,-0.10866477314504948,-1.5446088598901582,-0.2581292132550338,0.13433323045985854,0.08857373048200658,-0.12122076263954479,-0.9559548156826264,-1.4788064907110785,0.307827199052105,0.23024439400419308,0.2027937404309605,0.20891468811406214,-0.020815591374306178,-0.0022860373762893134,-0.07876309353534781,1.702589668903446,1.4303051819673795,0.2613661776804816,1.9620091189232203,2.0289419435329283,0.033582157275345415,0,0,1,1,0,train
7d550071-9178-4091-af22-a1cc0085f18d,1,0,-1,0.16923128338324478,0.14596538893419905,-0.10252228070201036,1.232394779180297,0.5646861130430069,0.13077953849050042,0.08780744099777194,-0.11635117874178809,-0.412089988529299,-0.20811049458194394,0.315361730938101,0.362448027093303,0.20267790562611712,0.20778663256462362,-0.016525022625739922,-0.0022860243222077928,-0.07367122294044355,-0.4299397122556413,-0.3479442783959393,-0.38881340041046986,-0.5867594696140316,-0.5739460436047789,0.03358215545637466,1,2,0,0,0,train
7d550071-9178-4091-af22-a1cc0085f18d,2,1,-1,0.17195489277714035,0.14604904697666649,-0.10683245000766771,0.12798546492770585,-0.3236559851477712,0.131970991836368,0.08824768904280098,-0.11779049332824111,-0.4604782135668289,0.41261998926866317,0.01689163108088887,0.31160047590518675,0.2027303530516434,0.20878974422824198,-0.02055609777639289,-0.002286036586925442,-0.07825628446562734,-0.13105294172833573,-0.21927991585859224,-0.24043439714070994,0.47001643727184034,0.351864226817459,0.03358215736559431,1,1,1,1,0,train
7d550071-9178-4091-af22-a1cc0085f18d,3,2,-1,0.17248128386054445,0.14615319270300353,-0.10756217169476504,1.5007311991732255,-0.19711691383877297,0.13335939971491984,0.08849820675880075,-0.11974454255087504,-0.2360562078002868,1.4906754474893353,-0.3541731917226583,0.2810919451923161,0.2027882704540651,0.208842505506451,-0.02053275708240069,-0.0022860365159315297,-0.07845692735246682,0.020461036864361223,0.10835604330685235,-0.25403918358366523,-0.37952324089737827,-0.39981593581277014,0.03358215711776221,0,0,1,1,0,train
7d550071-9178-4091-af22-a1cc0085f18d,4,3,-1,0.17310676032435404,0.14615319270300353,-0.10857456029911712,-0.592774456029283,-0.3984893906344331,0.13423718473095697,0.08850557492691839,-0.12113918205569725,0.7677865770975119,0.07693470442560882,0.2391660089143811,0.1387188018655811,0.20275384177595887,0.2089007694946573,-0.020926802916269017,-0.0022860377145825566,-0.0787140474963426,0.1812728106476934,0.27444378153498444,-0.20874126874121426,-0.32361927443254157,-0.35239220101577756,0.03358215788262349,0,0,1,1,0,train
7d550071-9178-4091-af22-a1cc0085f18d,5,4,-1,0.17289496532373733,0.14617709500085138,-0.10820368526583962,0.5415896578336786,-0.28550232946864024,0.13401226751770645,0.08852031126315367,-0.12076429984896928,0.5514879649391314,0.95504105433433,0.3389013722499837,0.33193949638043235,0.2027731475767661,0.2088661347905569,-0.020697514922345634,-0.0022860370171127547,-0.07858623054620782,0.4041828180460635,0.4507236471698708,-0.12703305544171506,0.04261453004088135,-0.03565795360114388,0.03358215735280538,0,0,0,0,0,train
7d550071-9178-4091-af22-a1cc0085f18d,6,5,-1,0.17311914599690473,0.1462385580524601,-0.10849437110273279,0.48365388751558475,-0.09418775884409417,0.13423353742479613,0.08857188843997715,-0.12106342865641025,0.8361772073608046,0.08737591047600315,0.3284389377325057,0.27092243495468876,0.20276059880624142,0.208885556119959,-0.020833440140300214,-0.0022860374305839837,-0.0787066162783115,0.6982317899613767,0.6950748238803475,-0.03324805931922094,0.44352280346062684,0.3271888630702061,0.03358215656165656,0,0,1,1,0,train
7d550071-9178-4091-af22-a1cc0085f18d,7,6,-1,0.173214515675545,0.1462385580524601,-0.10864873530577261,-0.9200009776971741,-0.25974185661878607,0.1342858154797679,0.08854978393562424,-0.12117026037335346,0.12045939816296733,2.233625895318077,0.2515574067057536,0.1285492916279538,0.20270461198390044,0.20887293225584763,-0.021018792710238276,-0.0022860379944088594,-0.07876309353534781,1.2000454030035075,1.017407648398203,0.12479981969854763,1.4654034621857235,1.386899798724552,0.03358215732081784,0,0,0,0,1,train
ab56b445-1f5e-4f50-90b6-ebf101b808c3,1,0,-1,0.16978987721528066,0.14559148870357919,-0.10386544974144776,0.7320532672139707,-0.07838273914888617,0.13322201784952897,0.08836557973268322,-0.119664904361881,-0.09629950558778333,-0.7442669729332678,-1.785916240353433,0.06753223020221023,0.2019214399978206,0.2081135582762256,-0.0211396151261979,-0.002286038362092032,-0.07673437101285968,0.07883478773534955,0.33537805298524953,-0.6234143225206116,-1.2971266001576982,-1.158406743261118,0.0335821564131928,1,1,0,0,0,train
ab56b445-1f5e-4f50-90b6-ebf101b808c3,2,1,-1,0.17270051026469158,0.14566661021110097,-0.10848835691300397,-0.8256863226227201,-0.5134475437026664,0.13407184018499982,0.08837294790080086,-0.12101486878507244,0.5865504200751658,-0.6565607051940617,-0.3720577523578304,0.34210900661805516,0.2019021341970134,0.20802875180450311,-0.02086227276229058,-0.002286037518329466,-0.0785356982635964,0.11969125083741046,0.3384323609657817,-0.3478024562173116,-1.059628727301339,-0.9642285261446826,0.03358215799114288,0,0,1,1,0,train
ab56b445-1f5e-4f50-90b6-ebf101b808c3,3,2,-1,0.172255864620122,0.1456785613600249,-0.10775462576608742,-0.19422331627517334,-0.33284559991420043,0.1339247321698468,0.08840242057327143,-0.12074876069014118,0.41606680146103353,-1.456357875531691,0.35252187359118076,0.3421090066180529,0.20197356566000013,0.208009330475101,-0.02047509183841996,-0.002286036340376315,-0.07730806104485999,0.14396304521835768,0.3832187074907056,-0.392101301635015,-1.1630129966466094,-1.0488192183464473,0.03358215834679665,0,0,1,1,0,train
ab56b445-1f5e-4f50-90b6-ebf101b808c3,4,3,-1,0.17180502613927706,0.14593807202237294,-0.10672018513272966,-0.43708738342812536,-0.3720519884380352,0.13403293558595109,0.08847426021241842,-0.12084588043281681,-0.007268773700672998,-0.27754465173295995,0.2566404223116422,0.3217699861428028,0.20213219498996618,0.20808118939388878,-0.020103013716544296,-0.002286035208398072,-0.07758747484282905,0.2246727230753034,0.40982514650651874,-0.25773681196151316,-0.8122515768169353,-0.7609557879747932,0.03358215696623905,1,2,0,0,0,train
ab56b445-1f5e-4f50-90b6-ebf101b808c3,5,4,-1,0.1717170878641672,0.14518514964016582,-0.10746193519928464,-1.3231212374961707,-0.15898194847328184,0.13415572822669866,0.08834900135441853,-0.12117414516306048,-0.647913499028447,-0.17261031932920665,0.3424622264101178,0.4132955782814215,0.20183231155076056,0.20824076798380936,-0.022059513065890508,-0.0022860411606322427,-0.07878984592025974,0.3708572995671382,0.49829809120039786,-0.16901081307320137,-0.4116941868731725,-0.42699874062572,0.033582158154068564,0,0,0,0,0,train
ab56b445-1f5e-4f50-90b6-ebf101b808c3,6,5,-1,0.16843983890725603,0.14438100804828477,-0.10310164764588708,0.4885172368290741,-0.20015440564553086,0.13290591798225798,0.08802480195724234,-0.11951922474786754,-0.9533734369259252,0.23981756859935818,0.2913744737988734,0.37261753733092806,0.2020514323899226,0.2079390900004301,-0.019844893100630548,-0.0022860344230313367,-0.0778014939221245,0.5893452011857787,0.6585438051528694,-0.08203785197665725,0.01698598034169663,-0.05821306128445418,0.033582157513607346,0,0,1,1,0,train
ab56b445-1f5e-4f50-90b6-ebf101b808c3,7,6,-1,0.16571870664787058,0.1460439250556991,-0.0967446491025199,1.3050742595366331,-0.14774171275488496,0.13361957422105825,0.08850925901097721,-0.1201485606804057,-0.9721043899265114,0.7670990964892435,0.34775600283157243,0.4438041089942922,0.20192948408149028,0.2081595220891439,-0.02130025402014422,-0.0022860388507948597,-0.0785594781612959,0.9306817982322186,0.8980475245265204,0.03500186180988534,0.6968848615690608,0.5683810755698817,0.03358215715309212,0,0,1,1,0,train
ab56b445-1f5e-4f50-90b6-ebf101b808c3,8,7,-1,0.173033684856305,0.14621294844762314,-0.10838611568761396,0.9013157692618275,-0.12905667550581265,0.13427365779256514,0.08857004639794774,-0.12112947008142969,-0.4914799778033872,0.4966716606336393,0.3706733979260698,0.4438041089942922,0.20183971210773669,0.20803684402508732,-0.0211629558201901,-0.002286038433118558,-0.07858771678981404,1.219439693108199,1.272216455370391,0.09642773654998996,0.41448081653342567,0.30020153659559135,0.03358215661239473,0,0,1,1,0,train
ab56b445-1f5e-4f50-90b6-ebf101b808c3,9,8,-1,0.17321203854103487,0.1462385580524601,-0.1086447258459534,-1.01799898055254,-0.20338039836897806,0.13431620969777472,0.08856820435591833,-0.12119939629615616,-0.20552926491586684,2.233625895318077,0.1680994691513881,0.453973619231915,0.2004503379763099,0.20794653484336756,-0.026708430116337018,-0.0022860553048096996,-0.07877052475337891,1.7581180262710818,1.588749267068202,0.2684675821094607,1.6206261932172357,1.574929613807246,0.03358215779787653,0,0,1,1,0,train
1e2e59f4-c6b7-4a5d-9185-b56fc1a62656,1,0,-1,0.0006882898807817905,-0.08445617693300052,-0.10028299739297815,-1.4562562241080133,-0.5410341505165982,0.09832216096537094,0.03608842693802263,-0.11903168363963582,-0.25665185782456,-0.11466153862122211,-0.0790460230828006,0.2404139042418136,0.15915716062973206,0.16481791232895268,-0.01997120744458834,-0.0022860347876427,-0.06603341704808717,-1.1050590920378283,-0.9639294803761365,-0.8740687937287046,-1.2883586437699883,-1.151251431866208,0.03358216045115644,1,2,0,0,0,train
1e2e59f4-c6b7-4a5d-9185-b56fc1a62656,2,1,-1,-0.016677661602533294,-0.031959901631177394,-0.010533244069734524,-0.12894530173636146,-0.10743410061239014,0.08928048899270032,0.05056687728918656,-0.08931886956544985,-0.7200237956776118,0.05553014489400446,0.34995862062472566,0.34210900661805516,0.16940274911812744,0.1650085650459166,0.02293859898707285,-0.0022859031973726796,-0.02536979198195158,-1.0094598892674553,-0.9593373802819273,-0.5522418827611548,-0.7202264110302109,-0.6850112370065383,0.033582156525607885,0,0,1,1,0,train
1e2e59f4-c6b7-4a5d-9185-b56fc1a62656,3,2,-1,0.019541760637434114,-0.03482134814496221,-0.0725174881449064,-1.0743303839753353,-0.4758120495654091,0.10373962638290764,0.049861375191922463,-0.11316370878717352,-1.0949325866827337,0.0054124554273070205,0.38304673050467947,0.362448027093303,0.1688467420548793,0.17531546455960983,-0.023152406737525305,-0.0022860445295332485,-0.07355529593915852,-0.8340426757940338,-0.8545427236302989,-0.45663567782323977,-0.23610566694623833,-0.27789663682504356,0.03358215589390147,1,1,1,1,0,train
1e2e59f4-c6b7-4a5d-9185-b56fc1a62656,4,3,-1,-0.0315008345111928,0.14269077412904435,0.21853521432172182,1.5953933324804561,1.6090003648651772,0.09035401277270141,0.08712772748891959,-0.05248135116857876,-0.9037805414213963,0.1803027190059093,0.3808427745476179,0.25058341447944094,0.2019413893253214,0.1747561302728294,0.12043679673849268,-0.0022856049844961973,0.0758864986661022,-0.7564561188779589,-0.6622525567249578,-0.507634192463847,-0.8314960614391391,-0.7768853773238865,0.033582153294146246,0,0,1,1,0,train
1e2e59f4-c6b7-4a5d-9185-b56fc1a62656,5,4,-1,0.16626615337461084,0.1444253980300022,-0.09953122367687511,0.7309801000960864,0.18164533900166469,0.13215214137568868,0.08797138273838945,-0.11837126938944145,-0.5793577529652072,-0.06819813435626902,0.33491431288503826,0.23024439400419308,0.20222261049041335,0.20804882051155196,-0.019579907574719096,-0.002286033616906265,-0.07733184094255949,-0.8289482166214969,-0.5772031383492447,3.769618961181744,-1.7660147085689393,-1.5423668889445636,0.033582158312216316,0,0,1,1,0,train
1e2e59f4-c6b7-4a5d-9185-b56fc1a62656,6,5,-1,0.17096403897308557,0.14484539554932863,-0.10664200066625494,-0.17606382118174194,-0.3504290048101196,0.13325484360497633,0.08762692087888975,-0.1204962493591845,-0.5887690487780959,0.023684503780999996,0.38242180795947744,0.1895663530536951,0.20234005411199066,0.20833172454317583,-0.02027875541248557,-0.0022860357431354872,-0.07794714579553391,-0.7929307626425096,-0.6566680739642166,-0.5888172063392538,-1.089742618821084,-0.9889100641467256,0.033582154056070554,0,0,0,0,0,train
1e2e59f4-c6b7-4a5d-9185-b56fc1a62656,7,6,-1,0.16906407680381053,0.14164419494470656,-0.10732561356543129,-0.47924878603173976,-0.49576682051734916,0.1317229750174323,0.08690852448741977,-0.11880636583662833,-0.7919432060495084,0.6036940848846784,0.3719346174096949,-0.023993361936408504,0.20203244835246217,0.20844987096370526,-0.022092464633879497,-0.0022860412607255826,-0.07850745963507824,-0.685504478275919,-0.6171861890340682,-0.460688877290052,-0.6476350071867749,-0.6246867870115177,0.033582156921673,1,2,0,0,0,train
1e2e59f4-c6b7-4a5d-9185-b56fc1a62656,8,7,-1,0.1660283484616377,0.13911396598681333,-0.10538303028302107,-0.6303367071816757,-0.4586300358758612,0.1327515153547833,0.08672616232650818,-0.12064192897319796,-0.023587278092948607,0.5154656074801595,0.3690736229736307,0.20990537352894748,0.2015395069051843,0.20814042444856518,-0.02288330226561523,-0.0022860436669288994,-0.07771083306214518,-0.42949786847714155,-0.4994268326867378,-0.32621875945583395,0.23199455787846263,0.13315244313670827,0.03358215732535343,0,0,1,1,0,train
1e2e59f4-c6b7-4a5d-9185-b56fc1a62656,9,8,-1,0.1661150481694925,0.1429297971075228,-0.1010427900287196,0.3659244936038286,-0.3218677717403846,0.13222144019274426,0.0873119316918606,-0.11917736325364928,-0.17940455579955375,0.8678569962604367,0.375484097176608,0.362448027093303,0.20198354032375052,0.20764453317116496,-0.018885178682951247,-0.0022860315028585872,-0.07431922515275478,-0.25817716003513436,-0.21879557220592855,-0.3139617874819971,-0.26069875254146907,-0.2987910063202986,0.03358215587893258,0,0,0,0,0,train
1e2e59f4-c6b7-4a5d-9185-b56fc1a62656,10,9,-1,0.16080035607799367,0.14567002482507924,-0.08922290248167043,1.3616335763774405,0.46804738189739764,0.13028107331518848,0.08829926621962446,-0.1150361774259599,-0.543557878505658,0.9315482784864456,0.3858649036956763,0.29126145542993664,0.202551130867483,0.2080912237474132,-0.018357953595127426,-0.002286029899334442,-0.07603435027433082,0.025288803532441995,-0.030995943148166265,-0.20479933633071354,0.38535154168005487,0.27320985289121935,0.03358215619932851,0,0,1,1,0,train
1e2e59f4-c6b7-4a5d-9185-b56fc1a62656,11,10,-1,0.17270794166822198,0.1461890461497753,-0.10788693794012155,0.5814013762867329,-0.20608083284963927,0.13409737132812555,0.08852399534721249,-0.12089638269900815,0.33078345826606786,0.9226731413215156,0.3536338877990242,0.33193949638043235,0.2026257799639376,0.20866221083183487,-0.020461362018424547,-0.0022860362987213233,-0.0783350553767569,0.2703196946556588,0.27973591929047303,-0.15363340385324914,0.16962778550492233,0.07717039997442773,0.03358215732194392,0,0,1,1,0,train
1e2e59f4-c6b7-4a5d-9185-b56fc1a62656,12,11,-1,0.17315382588004663,0.14622831421052535,-0.10856253191965946,-0.12391292411532068,-0.3070942306962384,0.1342712262551246,0.08855346801968306,-0.12114306684540428,0.21748548004542462,0.5050245258987593,0.23681552400935457,0.19973586329132242,0.2025186327694575,0.2087373066388563,-0.021237096848165327,-0.002286038658503573,-0.07871553373994883,0.5341283932415299,0.5483357335167253,-0.08204098479294883,0.2758209331069941,0.17294727426768333,0.033582158629355596,0,0,1,1,0,train
1e2e59f4-c6b7-4a5d-9185-b56fc1a62656,13,12,-1,0.17320832283926965,0.1462385580524601,-0.10863871165622457,-0.5171961458065463,-0.0967851550748087,0.13429067855464896,0.08856820435591833,-0.12115860600423238,1.0116164080685977,2.2800314215007105,0.31960772501931317,0.118379781390331,0.20240022385783984,0.20862951826067466,-0.021285151218149268,-0.0022860388047144667,-0.07876309353534781,1.0262598566789705,0.8375195466539923,0.0801551110841656,1.4232888297877966,1.3375156505793984,0.03358216087300091,0,0,0,0,1,train
07078abc-aed2-4463-abc7-4c178cb9e0f3,1,0,-1,0.17304359339434555,0.14605758351161216,-0.10858458394866516,-1.0076192180100219,-0.44759063742430955,0.13403779866083218,0.08826242537903625,-0.12107702542038484,-0.13117210192980422,-1.3227103140066148,-0.30996293251840723,0.24041390424182038,0.20271072548748942,0.20886937167879058,-0.02097760325025204,-0.002286037869114922,-0.07870364379109908,-0.48147630499280036,-0.36283804258460534,-0.43650833671265254,-0.8201639226472144,-0.7675099235932504,0.03358214369408391,1,1,0,0,0,train
07078abc-aed2-4463-abc7-4c178cb9e0f3,2,1,-1,0.1728132198849028,0.14612075387021004,-0.10813752917882255,1.2231039425328436,0.28318397925075967,0.1335903957717717,0.08826979354715389,-0.12035445453487806,-0.19361160192090382,-1.4297327732645586,0.1847917257442154,0.33193949638043235,0.20278408753055688,0.20882276048822554,-0.02046685394642271,-0.002286036315456015,-0.07842422999313002,-0.336333191141358,-0.2757736876095751,-0.3472193554719643,-0.4179441193406214,-0.4323107578347777,0.03358216081645835,1,2,1,1,0,train
07078abc-aed2-4463-abc7-4c178cb9e0f3,3,2,-1,0.17304359339434555,0.1461241684841883,-0.10850639948219044,-0.6294380082339281,-0.5240629068246927,0.1338736698835953,0.08828637192541858,-0.12078955098206494,-0.1334695219559847,-0.5390970126581311,-0.8157280034189794,0.33193949638043235,0.20278376576721008,0.2088965615399535,-0.02078126682431765,-0.0022860372718781882,-0.07870364379109908,-0.23408478052643603,-0.1166696120458418,-0.35171962425654296,-0.6794820962056114,-0.6510967160943577,0.03358217022038403,0,0,1,1,0,train
07078abc-aed2-4463-abc7-4c178cb9e0f3,4,3,-1,0.172997766405908,0.1460917296513948,-0.1084703143438175,0.1260766900518534,-0.5032290095204676,0.1339247321698468,0.08818505961380102,-0.12097796328285569,-0.35795753153720244,-0.3939642361107505,-0.10744922111960158,0.3421090066180529,0.20278730516402474,0.20889623785113015,-0.020764791040323152,-0.002286037221760671,-0.07870364379109908,-0.13717718261074494,-0.004586176483070082,-0.3321458273758042,-0.712329139019917,-0.6783377210697998,0.033582156501553696,0,0,1,1,0,train
07078abc-aed2-4463-abc7-4c178cb9e0f3,5,4,-1,0.17295193941747047,0.14610709541429698,-0.10837809676797552,-0.5128977570671355,-0.5169759302803679,0.13350164465519176,0.08794927823403652,-0.12055063641508286,0.34813761877015015,-0.7954288950270996,0.30623210767334513,0.3522785168556802,0.20278151342378256,0.2088997984281872,-0.02080460751830985,-0.002286037342877956,-0.07872296495797991,-0.03639333315292618,0.10164272664807752,-0.3033522824233147,-0.6884930361076291,-0.6585667623240697,0.033582157207667884,1,1,1,1,0,train
07078abc-aed2-4463-abc7-4c178cb9e0f3,6,5,-1,0.1725655064338891,0.14617538769386224,-0.10767243183979348,0.2926282337762084,1.0720249043252683,0.132683432306448,0.08849452267474194,-0.11866845580202892,-0.16895352517256032,-0.7019800013008748,0.38502520584318317,0.3522785168556802,0.20279309690426692,0.20889397202936658,-0.020730466490334623,-0.002286037117349113,-0.07868135013700579,0.07324282365728835,0.21212072849219582,-0.26839984308157994,-0.634161424725986,-0.6134152540778656,0.03358215612371281,0,0,1,1,0,train
07078abc-aed2-4463-abc7-4c178cb9e0f3,7,6,-1,0.17315011017828144,0.1461941680707427,-0.1085966123281228,-0.3845737540812654,-0.34530445894498485,0.13425055818687998,0.08851846922112426,-0.1211469516351113,-0.17817648474687153,-0.9567456903153846,0.35987842967736544,0.362448027093303,0.20278987927079903,0.20890562482700784,-0.020793623662313517,-0.0022860373094662537,-0.07876606602256025,0.3024854263398112,0.33230251951745665,-0.1504759051085562,0.07917909423736814,-0.003358326305113162,0.03358215724730412,0,0,1,1,0,train
07078abc-aed2-4463-abc7-4c178cb9e0f3,8,7,-1,0.17315011017828144,0.14620782652665576,-0.10858057448884594,0.6646160197961463,0.05845428624114964,0.13426879471768405,0.08855715210374188,-0.12113529726599023,0.434942860134739,-0.4346848899196907,0.25244460937699337,0.2810919451923161,0.20278891398075868,0.20890238793877414,-0.02078401278831673,-0.002286037280231094,-0.07876309353534781,0.4240598217015778,0.5835954083895976,-0.17130124620526943,-0.5611531810521487,-0.5525238440818404,0.033582157135542925,0,0,1,1,0,train
07078abc-aed2-4463-abc7-4c178cb9e0f3,9,8,-1,0.1731984143012291,0.14622831421052535,-0.10863470219640536,0.7249762863956145,-0.3034089876120932,0.13431499392905444,0.08857004639794774,-0.12119551150644912,0.9949832081633745,-0.12249250539351497,0.3830219744723749,0.3929565578061691,0.2027879486907183,0.20890141687230404,-0.02078401278831673,-0.0022860372802310956,-0.07876160729174159,0.5195673005928977,0.7168637479820066,-0.16849921356252712,-0.7209635352715826,-0.685479077911353,0.033582157822587326,0,0,0,0,1,train
07078abc-aed2-4463-abc7-4c178cb9e0f3,10,9,-1,0.1732182313773102,0.1462385580524601,-0.10865474949550144,-0.7040082053655754,0.3794633213038755,0.13432593584753688,0.08857004639794774,-0.12121299306013074,0.04381153311665081,-1.4788064907110785,0.3407125770999429,-2.973151330847332,0.2027786175536615,0.20890044580583395,-0.0208197103203048,-0.0022860373888189695,-0.07876309353534781,1.0767575559488212,0.8215578580586261,0.09891071857158885,1.6955103838332644,1.6693503308337467,0.03358216414177281,0,0,0,0,1,train
29e826b4-e054-4550-b516-f97243ee5e0e,1,0,-1,0.057000988699725065,0.012942272182987692,-0.0770642155798975,-1.414691075308608,-0.5410210444055239,0.07383414740163127,0.0029482487869042853,-0.11485359230972969,-0.0851505755682705,0.05291990561590299,-0.40462866188720475,0.31160047590518225,0.1755500378584953,0.1799843521478741,-0.01435296510246574,-0.00228601761305752,-0.04738997725168348,-2.8196309407894726,-3.099822201427101,-0.9215712406710184,0.1764345047446806,0.04177370846029918,0.03358215670665047,0,0,0,0,0,train
29e826b4-e054-4550-b516-f97243ee5e0e,2,1,-1,0.03324526874751172,0.027551698088988098,-0.0214590220770985,-0.0896660168439884,-0.43293250813794704,0.02426360936993842,0.004138207937903255,-0.0344015398720812,-0.07267542135168717,0.24033971603017387,0.22987513689866845,0.22007488376657028,0.1795209193211951,0.1814995395300611,-0.003835922985980131,-0.0022859854646736437,-0.04605830298051179,-2.6099681933301544,-2.838829708539708,-0.8819562602086175,-0.010911342295054376,-0.10322607370440993,0.03358215771438429,1,2,1,1,0,train
29e826b4-e054-4550-b516-f97243ee5e0e,3,2,-1,0.01981424543354918,0.13693202765470294,0.12871529545164193,1.1100427358541924,-0.5396294361844962,-0.00924540809822724,0.054700419603182976,0.07245154341451386,0.12367847727835864,0.5614069887832911,0.358405111214266,0.29126145542993437,0.2009201124626191,0.18549418329924922,0.07053164701916909,-0.0022857583059341293,0.02737104862831477,-2.44040788751884,-2.6090000133547866,-0.8576244812130124,-0.25928078458703013,-0.3077700024997367,0.03358215712572586,1,2,1,1,0,train
29e826b4-e054-4550-b516-f97243ee5e0e,4,3,-1,0.14473118451073527,0.14456368989612187,-0.06451260161584138,0.48178638829811243,0.25124130429830893,0.05394295536924399,0.08645538214818488,0.004982458177745224,-0.24413468555518067,0.8626362687662453,0.21312533925778188,0.28109194519231384,0.2023831704004601,0.207021432186181,-0.014536944690404261,-0.0022860182707808313,-0.07072102938210002,-2.3284491096140085,-2.4231301157582292,-0.8641432700795262,-0.6142782798219815,-0.6015686426429351,0.033582157334299485,0,0,1,1,0,train
29e826b4-e054-4550-b516-f97243ee5e0e,5,4,-1,0.17042773935164093,0.14485905400524166,-0.10575791477611778,-0.024078547029440425,-0.49730363898791813,0.13076981234073823,0.08661748184677297,-0.11759042665832929,-0.16653690284988193,0.7039295882870675,0.31269811567851924,0.22007488376657028,0.20161254718490498,0.20849324526603663,-0.024068185731219285,-0.0022860472710653818,-0.07726198749306722,-2.304799363050622,-2.3004022963866144,-0.9886020063056081,-1.1658705277354724,-1.051991995346394,0.03358215710287348,0,0,1,1,0,train
29e826b4-e054-4550-b516-f97243ee5e0e,6,5,-1,0.16354749824973555,0.13906445408412849,-0.10142569344145475,-0.47339549388981733,-0.4358509281553238,0.12064853774446514,0.07413580505548967,-0.1145816570302379,0.11013715454872834,0.6188338709984484,0.3170933150355131,0.23024439400418856,0.19585620091088346,0.20771801053406955,-0.04534254181411021,-0.002286112000782294,-0.07417654576655781,-2.135747838790086,-2.274477738449023,-0.7841449738085654,-0.26874833779218044,-0.3103650608806737,0.0335821571621323,0,0,1,1,0,train
29e826b4-e054-4550-b516-f97243ee5e0e,7,6,-1,0.1154564088699368,0.06811731215075853,-0.10689259190495595,-0.7976648613914228,-0.5246274202514988,0.03223054179388768,-0.013020413566052467,-0.06522346140762302,0.28171735763574535,0.4068772388126503,0.37716683829136516,0.2505834144794432,0.18449988534937894,0.20192721748401077,-0.0692379205341253,-0.002286184861081106,-0.05214298430436994,-1.8970062220945578,-2.089165560858275,-0.6988717496934882,0.13824089090487796,0.04509173224633771,0.03358215724983665,0,0,1,1,0,train
29e826b4-e054-4550-b516-f97243ee5e0e,8,7,-1,-0.03050998070713802,0.13981908377332472,0.2135594746860746,1.9631872648523156,1.5000775272634317,0.006513386053951966,0.083797315499746,0.07795629042936926,-0.23761270545924365,0.9519084186874244,0.3806949074357446,0.12854929162795606,0.20172838198974835,0.19050294415205019,0.05273505434111602,-0.002285812883352406,0.002026136411472294,-1.6264017896147291,-1.82745997100982,-0.6224352399219755,0.31653100451195304,0.2076091565021498,0.03358215737146678,0,0,0,0,0,train
29e826b4-e054-4550-b516-f97243ee5e0e,9,8,-1,0.16412714772510759,0.14588856011968812,-0.09435100159044787,0.8251464768542942,0.17227625263507595,0.1285789971068062,0.08793085781374242,-0.11270530360174448,-0.04018813991396885,0.6976650638072217,0.3465777495102653,0.27092243495468427,0.202601004186235,0.20783453851048214,-0.017056366659562366,-0.002286025938928012,-0.07406953622691008,-1.3600753587757881,-1.530826758929094,-0.5569070133294082,0.2912791964732819,0.18578905710020702,0.03358215702041089,0,0,0,0,0,train
29e826b4-e054-4550-b516-f97243ee5e0e,10,9,-1,0.17256426786663404,0.1456734394390575,-0.10825981770330866,-0.20767222685596803,-0.4212001560898374,0.1335587857850446,0.08806348483985996,-0.12052150049228016,0.25748090409407864,1.2338214799240483,0.34984487669251546,0.30143096566755717,0.20262191880377617,0.20871238259945696,-0.02069065001234793,-0.0022860369962226733,-0.07828006436332682,-1.1701209130382135,-1.238883039021109,-0.5346066666773999,-0.149540763747768,-0.2037489670342685,0.033582157193493646,0,0,0,0,0,train
29e826b4-e054-4550-b516-f97243ee5e0e,11,10,-1,0.17254940505957322,0.14558295216863354,-0.10834201162960258,-0.9701171418324144,-0.27766679634138564,0.13374115109308557,0.08805980075580114,-0.12081674451001412,1.0318207340988412,-0.2801548910110614,0.25579403363960734,0.08787125067745583,0.2024063373614288,0.2087334223729759,-0.021699791782010713,-0.0022860400660137266,-0.07870513003470529,-0.8782666590074375,-1.030657338977002,-0.4296861792055452,0.4319367163886522,0.3159946265037417,0.0335821572430913,0,0,1,1,0,train
29e826b4-e054-4550-b516-f97243ee5e0e,12,11,-1,0.17225710318737705,0.14623002151751446,-0.10710910273519361,1.6803574806621897,0.9241083501879929,0.13350286042391205,0.08853688964141837,-0.11993295485166577,1.4472979727963813,0.1583761365124835,0.2769276562442667,-0.09517993359977713,0.20247776882441554,0.20851655086131912,-0.02047509183841996,-0.0022860363404628684,-0.07822061461907809,-0.5773041938444189,-0.7107303368979557,-0.35203581915069376,0.4814705578191983,0.36245138107342095,0.0335821574611159,0,0,0,0,1,train
29e826b4-e054-4550-b516-f97243ee5e0e,13,12,-1,0.17321203854103487,0.14623343613149273,-0.10865074003568222,-0.6150966237027775,-0.013924380642315852,0.13426393164280298,0.08857004639794774,-0.12111393092260159,2.032248678799408,-0.5547589462027169,0.3198566235062673,-0.054501892649281417,0.2023657951797336,0.2085884097801069,-0.021257691578158443,-0.0022860387211921765,-0.07876457977895403,-0.23825989859363086,-0.38081902709820037,-0.259041469451186,0.6849681015883993,0.5566891087968171,0.033582157967879264,0,0,0,0,1,train
29e826b4-e054-4550-b516-f97243ee5e0e,14,13,-1,0.17319346003220884,0.1462385580524601,-0.10861465489730927,-0.04633465121710352,0.14449895374429864,0.13419098551958658,0.08852583738924191,-0.12104400470787513,1.1125941517176847,-0.8773924745447899,0.30614178160953115,-0.2578920974017532,0.20231270422751374,0.20847576606957474,-0.021006435872242404,-0.002286037956871014,-0.07876309353534781,0.37070214640263066,-0.009162888962384704,-0.07446845234062374,1.8941161410074052,1.9334141837719119,0.033582157240096,0,0,0,0,1,train
3dc38bcf-d9a4-4ee4-8fbb-288ec92ce92c,1,0,-1,0.17314887161102635,0.14621977767557967,-0.10856453664956908,0.97461012233349,-0.38372708049942733,0.13406211403523763,0.08850189084285957,-0.12086336198649843,-0.3106954697919771,-1.3952767722941144,0.21709500249191865,0.34210900661805516,0.2028033933313641,0.20891371704759204,-0.020770282968321317,-0.0022860372384666022,-0.07875268983010428,0.7962371247516152,0.7346734416891427,0.003878717937551917,0.7727576403654238,0.6428170966834021,0.03358215454931115,0,0,0,0,1,train
3dc38bcf-d9a4-4ee4-8fbb-288ec92ce92c,2,1,-1,0.17318850576318856,0.14623514343848185,-0.10861064543749006,-0.8740787232910701,-0.2521973610294713,0.13425055818687998,0.08852952147330073,-0.12113529726599023,0.398873827614377,1.0270854507634475,-1.474157503804296,0.2404139042418136,0.20272906599825627,0.20891598286935562,-0.021097052684212123,-0.0022860382324604374,-0.07876309353534781,1.3200731998021913,1.1248398770334174,0.15708484948035678,1.559111222150823,1.499226148837885,0.03358215741481122,0,0,0,0,1,train
aeb8c811-2f9b-4da1-a9de-cf9b4ee32ece,1,0,-1,0.17237972134562884,0.14513222312350274,-0.1085966123281228,-1.0805871232455009,-0.45931058809632125,0.1340633298039579,0.0883268968500656,-0.12104983189243566,0.5101250051884167,-1.1812318382196028,-0.0455544567844776,0.3319394963804301,0.20257751546191954,0.2086894006929978,-0.02078263980631719,-0.0022860372760549934,-0.07875714856092293,-0.7308866192183125,-0.578738356426415,-0.6012099897473802,-1.1461615455978837,-1.0350568919921486,0.033582158832942764,1,1,0,0,0,train
aeb8c811-2f9b-4da1-a9de-cf9b4ee32ece,2,1,-1,0.17226453459090746,0.14513905235145927,-0.10840215352689082,-1.0314554620761083,-0.42771910896766085,0.13403293558595109,0.08826795150512448,-0.12106342865641025,-0.4878308412129575,-1.1822759774949914,0.37255887087294276,0.2505834144794432,0.20258008956869383,0.20868875331535106,-0.020768909986321776,-0.002286037234288801,-0.07869918506028042,-0.7028213786559552,-0.5491741709526987,-0.590327573678177,-1.1393314831115728,-1.0294706112858127,0.033582156904496466,1,1,1,1,0,train
aeb8c811-2f9b-4da1-a9de-cf9b4ee32ece,3,2,-1,0.17212457649108473,0.14515783272833974,-0.10815356701809942,-0.016653415005616685,-0.5089395575639131,0.1340049729053848,0.08832137072397737,-0.12096242412402758,-0.7849651325109936,0.4763110225566836,0.38537714295108066,0.27092243495468654,0.20259424715595248,0.20869134282593801,-0.020719482634338295,-0.00228603708393059,-0.07868729511143067,-0.7173728292643757,-0.5184094034300866,3.910269445024531,-1.4053870801846076,-1.2468385591240176,0.033582157336364354,1,1,0,0,0,train
aeb8c811-2f9b-4da1-a9de-cf9b4ee32ece,4,3,-1,0.17226081888914227,0.14508783314178533,-0.10845628123445024,-0.9537941892126701,-0.48431172050745697,0.134041445966993,0.08828268784135976,-0.12106148626155674,-0.18072640758868047,0.4935391494557279,0.3861539470998811,0.362448027093303,0.2025884554157103,0.20870558513416623,-0.02080460751830985,-0.00228603734288067,-0.07875268983010428,-0.74987035853372,-0.5343605225409369,3.8355668284008235,-1.5173589681134814,-1.3383731711058788,0.03358215779746968,0,0,1,1,0,train
aeb8c811-2f9b-4da1-a9de-cf9b4ee32ece,5,4,-1,0.17204530818676037,0.1449512485826548,-0.10826783662294708,-0.8124810281560606,-0.38750059165524525,0.1339332425508887,0.0882366367906245,-0.12093717299093192,-0.5121250887335617,-0.0796835107993005,0.3871241159334389,0.3726175373309258,0.20256561021808842,0.2086997587353456,-0.02087737556428553,-0.0022860375642411303,-0.07874377236846697,-0.6020674639194886,-0.5699839097985405,-0.41242301052396346,-0.40182644585406824,-0.41874445153027956,0.03358215658645875,0,0,0,0,0,train
aeb8c811-2f9b-4da1-a9de-cf9b4ee32ece,6,5,-1,0.1718979186834072,0.14480442018158945,-0.10820168053593002,-0.37258732532008754,-0.5079953692730376,0.13383962835942767,0.0881813755297422,-0.12084588043281681,-1.2473968885468898,0.14219230447507056,0.3836274936409058,0.3726175373309258,0.2025633578746609,0.20867677682888644,-0.020789504716314897,-0.0022860372969381575,-0.07874674485567941,-0.45330523848014387,-0.407964215655073,-0.3745365157055339,-0.3960679582425669,-0.41385135056387184,0.03358215737388806,0,0,1,1,0,train
aeb8c811-2f9b-4da1-a9de-cf9b4ee32ece,7,6,-1,0.17170346362436145,0.14567685405303576,-0.10686252095631182,1.0700863282725772,0.05130210144986476,0.13364267382674344,0.08835821156456558,-0.12034474256061051,-1.309052178250541,1.377388249820462,0.3872258163904739,0.4031260680437987,0.20269721142692435,0.20867451100712286,-0.020208733330508967,-0.0022860355302235322,-0.07813144000270499,-0.38797250028108726,-0.24489291499690935,-0.43098805871565266,-0.9074548403354535,-0.8393864151690312,0.03358215721527889,1,1,1,1,0,train
aeb8c811-2f9b-4da1-a9de-cf9b4ee32ece,8,7,-1,0.17274014441685376,0.1461344123261231,-0.10800321227487882,1.1219895713887174,-0.1670842923303388,0.1341277655461324,0.08851662717909485,-0.12095271214976001,-1.220919364422259,1.0234310410927088,0.3870050193455952,0.4336345987566671,0.20278022637039542,0.20880916555764406,-0.020425664486436478,-0.0022860361901578296,-0.0783350553767569,-0.152232893955299,-0.17327598023934618,-0.2626082948267821,0.11656146097503564,0.02977987166935371,0.033582157259729004,0,0,0,0,0,train
aeb8c811-2f9b-4da1-a9de-cf9b4ee32ece,9,8,-1,0.17287762538216636,0.14597904739011208,-0.10840816771661965,0.4657476544781925,-0.15410793827358715,0.13417274898878248,0.08848531246459489,-0.12105760147184971,-1.0505351247870134,1.1048723487105894,0.3862603311305954,0.40312606804379647,0.2027705734699918,0.2088926772740731,-0.020821083302304342,-0.0022860373929956064,-0.0787214787143737,0.15358108146566762,0.08513884319218402,-0.16739659485371322,0.5076291879071742,0.38719668155815834,0.03358215705146744,0,0,1,1,0,train
aeb8c811-2f9b-4da1-a9de-cf9b4ee32ece,10,9,-1,0.17233513292444638,0.14624367997342752,-0.10721936288022206,1.0913013437072927,1.1290215173985394,0.13417761206366358,0.08859030886027126,-0.12095465454461353,-0.6526621808432952,0.8135626252231908,0.351672139509375,0.34210900661805516,0.20280178451463016,0.20888296660937206,-0.02064671458836261,-0.002286036862584138,-0.07861892790554463,0.40514986162944056,0.4203683181752277,-0.11785083882890013,0.2067714842213025,0.1105171353707703,0.03358215722888252,0,0,0,0,0,train
aeb8c811-2f9b-4da1-a9de-cf9b4ee32ece,11,10,-1,0.17322690134809568,0.14624367997342752,-0.10866276841513987,-1.0565025522564424,-0.2443384371419061,0.13434174084090045,0.08858662477621244,-0.12122076263954479,-0.5990536041697085,2.697679912454473,0.3561436142091451,0.4234650885190421,0.20279888864450907,0.20891436442523878,-0.020792250680313977,-0.00228603730528974,-0.07876309353534781,0.9440378779120798,0.6961348850246918,0.06399886083359566,1.6214940537871896,1.5759991100113306,0.03358215716668283,0,0,1,1,0,train
a39edc0a-39de-4f2e-83e7-68c32e175681,1,0,-1,0.17300024354041815,0.14605929081860128,-0.10851241367191927,-0.550581087222847,-0.5378932108726608,0.13407548749116063,0.08837663198485968,-0.12101681117992595,-0.12705113177775842,0.05396407600854012,-0.14055673437622654,0.32176998614280955,0.2027560941193864,0.20887875865466826,-0.020823829266303426,-0.0022860374013488755,-0.07876309353534781,-0.31502725517160524,-0.10585261616724707,-0.581315099517924,-1.243105490800815,-1.1142779180226374,0.03358215271435155,1,2,0,0,0,train
a39edc0a-39de-4f2e-83e7-68c32e175681,2,1,-1,0.17237105137484335,0.14561197638744877,-0.10801925011415568,-0.482121930773768,-0.4987436988566619,0.13380072376037894,0.08810032568044816,-0.12086918917105897,-0.2283841725819173,-1.1749671270362656,-0.008326067772071694,0.33193949638043235,0.20275898998950748,0.20886840061232048,-0.020767537004322236,-0.0022860372301134017,-0.07870513003470529,-0.3865637583281318,-0.093314310119791,3.6600715337851986,-1.7600490067547256,-1.5374928447933747,0.03358215717524058,0,0,1,1,0,train
a39edc0a-39de-4f2e-83e7-68c32e175681,3,2,-1,0.1717455749110338,0.14548563567025302,-0.10715521152311461,-0.4112257158864164,-0.4619925552094298,0.1335818853907298,0.08815927102538929,-0.12045740146211424,-1.0553673092289872,0.4857081826834351,0.35523165550560076,0.3827870475685486,0.20269721142692435,0.2088713138117308,-0.021043506386230017,-0.002286038069585698,-0.07885821312614578,-0.3736865567633081,-0.17173173483778867,-0.584279022336565,-1.2341206307026071,-1.1069377439487131,0.03358215655285996,1,1,1,1,0,train
a39edc0a-39de-4f2e-83e7-68c32e175681,4,3,-1,0.17189915725066227,0.14492734628480694,-0.10805934471234785,-0.6121366654836127,-0.531222008750567,0.13380801837270057,0.08801006562100706,-0.12097602088800218,-1.5536295222988148,0.1557657727653878,0.38743189363236064,0.4132955782814215,0.20264186813127696,0.20880916555764406,-0.021016046746239192,-0.0022860379860643472,-0.07880024962550328,-0.37801281987556884,-0.15761590669787323,3.948210973672993,-1.3415396639036155,-1.1946846269148186,0.03358215744058679,1,1,0,0,0,train
a39edc0a-39de-4f2e-83e7-68c32e175681,5,4,-1,0.1701973658421982,0.14490515129394824,-0.10533090730537126,0.6759596474753221,-0.3277214256258776,0.13224697133587,0.08738192928897819,-0.11914434254113956,-1.4671997004614417,0.887695113499594,0.3887312507873739,0.4336345987566694,0.20260454358304966,0.20875349108002472,-0.020939159754264886,-0.0022860377521838216,-0.07871107500913017,-0.36902379617821934,-0.16235830249507413,-0.618697533623818,-1.2583956663196707,-1.1267695333407137,0.03358215687899472,0,0,0,0,0,train
a39edc0a-39de-4f2e-83e7-68c32e175681,6,5,-1,0.166901538376461,0.14603709582774257,-0.09866718508583404,1.549840484000643,1.254326284853687,0.13229924939084173,0.08845768183415373,-0.11809350692538911,-1.3928705894989395,0.4194066611793247,0.3887667121309453,0.4234650885190466,0.20272938776160307,0.208715943176514,-0.02024717682649612,-0.0022860356471815406,-0.07816562360564801,-0.2362476437749369,-0.15250464655758939,-0.3295934260598029,-0.4929075033565125,-0.4953888842010027,0.03358215774814797,0,0,1,1,0,train
a39edc0a-39de-4f2e-83e7-68c32e175681,7,6,-1,0.17289001105471705,0.1459739254691447,-0.10843422920544456,-0.20751587286743012,-0.4193997828312806,0.1341229024712513,0.08839505240515379,-0.12107314063067781,-1.2113791415007005,-0.19192666254453097,0.38684243243073,0.4234650885190466,0.20272681365482875,0.2088415344399809,-0.020790877698314437,-0.0022860373011137514,-0.0787452586120732,-0.2297775495417835,-0.006957080266185283,-0.616545339339431,-1.2741241629484419,-1.1396174225911335,0.03358215768483129,0,0,0,0,0,train
a39edc0a-39de-4f2e-83e7-68c32e175681,8,7,-1,0.17267945462135542,0.14586807243581854,-0.10821771837520688,-0.30721386082127156,-0.42519245167251646,0.1340049729053848,0.08831584459788915,-0.12096825130858813,-1.5729491883372873,-0.19923548188600818,0.38502587492513735,0.453973619231915,0.20271426488430405,0.20883894492939395,-0.020833440140300214,-0.002286037430585388,-0.07876012104813537,-0.1395715993019493,0.0001353565326403849,-0.3391566653896516,-0.7536121416002284,-0.7125197132051854,0.03358215681211139,0,0,1,1,0,train
a39edc0a-39de-4f2e-83e7-68c32e175681,9,8,-1,0.1718186503790828,0.14592782818043815,-0.106754265541193,0.5517748751874458,-0.3191942022632256,0.1339064956390427,0.08840610465733025,-0.12071573997763145,-1.6059588478914357,0.5963852655432011,0.38594318628431507,0.4743126397071628,0.2027757216835404,0.2088263210652826,-0.020517654280405737,-0.002286036469987642,-0.07837964268494346,-0.017689815109881726,0.0990179968620102,-0.2820345535054177,-0.5592643314424433,-0.5509559964288364,0.03358215723645828,1,1,0,0,0,train
a39edc0a-39de-4f2e-83e7-68c32e175681,10,9,-1,0.172852854037065,0.14622489959654708,-0.10807939201144393,1.2505885958809684,0.7254196891000806,0.1341946328257474,0.0885626782298301,-0.1210109839953654,-1.4481269174533635,0.5629733066067439,0.3885947580687216,0.46414312946954,0.20280242804132373,0.20888814563054595,-0.020665936336356185,-0.0022860369210550486,-0.0786323040980006,0.15097528174940553,0.23262329226572767,-0.21246626921656606,-0.2765914183977985,-0.31233604757368927,0.033582156959652186,0,0,1,1,0,train
a39edc0a-39de-4f2e-83e7-68c32e175681,11,10,-1,0.1731872671959335,0.14623514343848185,-0.10860864070758046,0.9071836424787212,-0.1823388581363619,0.13429675739825034,0.08857373048200658,-0.12116249079393941,-1.2132333926627528,0.6757383568448017,0.38572774189506986,0.4336345987566671,0.20279727982777515,0.2089150118028855,-0.020801861554310765,-0.0022860373345248526,-0.07875566231731672,0.3530301330117269,0.4175118729470754,-0.14738924277121287,-0.07887707956728891,-0.14203041862833665,0.03358215751129272,0,0,0,0,0,train
a39edc0a-39de-4f2e-83e7-68c32e175681,12,11,-1,0.1731984143012291,0.14624367997342752,-0.10861665962721888,0.23126950002755475,0.29329651650264693,0.13427973663616652,0.08859215090230067,-0.1211158733174551,0.3170111996961697,0.4778773403801364,0.388283634960029,0.4438041089942922,0.2027937404309605,0.2089098327817116,-0.02079499664431306,-0.0022860373136426707,-0.07876012104813537,0.7889327469367096,0.6390018869766994,0.014047205678675992,1.1677013203926585,1.0507184053674792,0.03358215738376609,0,0,1,1,0,train
a39edc0a-39de-4f2e-83e7-68c32e175681,13,12,-1,0.17322318564633046,0.14624026535944926,-0.10866076368523027,-1.2805320766258514,-0.15788620561259772,0.13433201469113826,0.08858109865012422,-0.12121105066527722,-0.4065299861443816,2.233625895318077,0.3875168670405412,0.4132955782814193,0.20278183518712936,0.20890627220465458,-0.02083069417630113,-0.0022860374222304558,-0.07876012104813537,1.258442942617952,1.1168329089522564,0.13602218630555127,1.3227065442425046,1.2221350704691571,0.03358215729089939,0,0,1,1,0,train
5f5c28f1-3835-400a-bb39-c843e4a535ce,1,0,-1,0.17256302929937897,0.14563587868529662,-0.10830191703141041,0.0457522399259731,-0.5014790847811947,0.13314542442015176,0.08752560856727218,-0.12042826553931155,-0.21097585869913535,0.25025889911874677,-0.18869785006127204,0.3217699861428073,0.20276252938632214,0.20886063208055963,-0.020719482634338295,-0.0022860370839362966,-0.0786650014573374,-2.5767169810183455,-2.6879238088939883,-0.9267309940563235,-0.6511818428254783,-0.6357887696431069,0.0335821580910584,0,0,0,0,0,train
5f5c28f1-3835-400a-bb39-c843e4a535ce,2,1,-1,0.1724243097668113,0.14556587909874222,-0.10815958120782825,-0.010013081301591956,-0.513654467862162,0.13267005885052502,0.08741692808753698,-0.1197833904479453,0.007664046229796852,0.2001410851830551,0.1506999929329949,0.3726175373309258,0.20276445996640285,0.20887487438878782,-0.02077165595032086,-0.0022860372426428744,-0.07863824907242546,-2.520425653275138,-2.5725504481232,-0.9643457393025029,-0.9592506507370496,-0.885502450514787,0.033582157933658464,0,0,1,1,0,train
5f5c28f1-3835-400a-bb39-c843e4a535ce,3,2,-1,0.1721691649122672,0.14549758681917693,-0.10782679604283331,-0.1860437818647599,-0.4889123616466188,0.13254483467233688,0.08672432028447877,-0.1203136642429543,0.23120453787400835,-0.06454372468553043,0.2077191570680254,0.34210900661805516,0.2027306748149902,0.20887681652172804,-0.020924056952269933,-0.002286037706231581,-0.07873336866322345,-2.3592662806744653,-2.5108445950160037,-0.8421582700213321,-0.3123329824432815,-0.35061926089488754,0.03358215551676709,1,2,1,1,0,train
5f5c28f1-3835-400a-bb39-c843e4a535ce,4,3,-1,0.1717455749110338,0.14542758723262253,-0.10722337234004128,-0.18798115807997903,-0.5264198742792515,0.13130475057765836,0.08773007523253672,-0.11727187390235318,-0.1692424186358395,-0.3334050916556702,0.3696289609955983,0.15905782234082444,0.20270461198390044,0.2088428291952744,-0.020891105384280944,-0.0022860376059983087,-0.07860406546948244,-2.148380733446452,-2.3341836958823006,-0.7702129477542318,-0.01986486585697867,-0.09698914002804629,0.033582157074189135,0,0,1,1,0,train
5f5c28f1-3835-400a-bb39-c843e4a535ce,5,4,-1,0.17196603988243597,0.14502807739716572,-0.1080493210627998,-0.2362499000163612,-0.47493839816521227,0.13217037790649278,0.08696746983236091,-0.11945901050740865,-0.11506668815998854,-0.3307947279085745,0.371954020786366,0.05736271996459195,0.2026434769480109,0.20881661040058155,-0.021040760422230936,-0.002286038061240741,-0.0787378273940421,-2.0442035876592444,-2.1030135828047545,-0.8017478584278548,-0.6650974951947863,-0.6412591338042846,0.033582157409321155,0,0,0,0,0,train
5f5c28f1-3835-400a-bb39-c843e4a535ce,6,5,-1,0.17160685537846612,0.14587319435678592,-0.10647560808375747,0.8650564493202317,-0.27517450061192394,0.1319211453188368,0.08799348724274236,-0.11797890562903186,-0.29263012751127054,0.18134688939854643,0.37721233586424924,0.16922733257845401,0.20265956511535024,0.20875510952414156,-0.020711244742341046,-0.0022860370588733293,-0.07819534847777238,-1.7758859805869573,-1.9888158917430419,-0.660351788407898,0.3049192702475985,0.19594512224126073,0.03358215721650842,0,0,1,1,0,train
5f5c28f1-3835-400a-bb39-c843e4a535ce,7,6,-1,0.17275748435842472,0.1458817308917316,-0.10832797852023532,0.4650255547807699,-0.19470307655314914,0.13375087724284773,0.08836557973268322,-0.1205098461231591,-0.1582331325470985,0.6846134940097316,0.3245549169885037,0.22007488376657028,0.2026363981543816,0.20877129396531,-0.020878748546285072,-0.002286037568413771,-0.07848070725016631,-1.5890083203664684,-1.6946894692218608,-0.6407199735642727,-0.16671230830869438,-0.2194422209076662,0.03358215706633901,0,0,1,1,0,train
5f5c28f1-3835-400a-bb39-c843e4a535ce,8,7,-1,0.17291106669805323,0.14588685281269897,-0.1085705508392979,-0.5645347273218775,-0.45907328056538566,0.13411560785892965,0.08836742177471263,-0.12109062218435944,-0.034826863734988986,0.7138490203136288,-0.14285971446250645,0.19973586329132695,0.20263028465079264,0.20874798837002748,-0.02080598050030939,-0.002286037347056651,-0.07858474430260161,-1.3428911902484848,-1.4898365031808618,-0.5582683463740276,0.1769701863972197,0.08271080057024377,0.03358215730686749,0,0,0,0,0,train
5f5c28f1-3835-400a-bb39-c843e4a535ce,9,8,-1,0.1728206512884332,0.1460644127395687,-0.10821571364529727,0.5040664951784205,-0.390440795363221,0.13404752481059437,0.08848531246459489,-0.1208575348019379,0.23004106417126638,0.20692788156271083,-2.6685510890919986,-0.26806160763937825,0.20250833634236032,0.20874183828238346,-0.02130025402014422,-0.002286038850625026,-0.07823844954235272,-1.1310584628952658,-1.2200459672833044,-0.5163653418163039,-0.021141852831001277,-0.09215801413833125,0.03358215714762685,1,2,0,0,0,train
5f5c28f1-3835-400a-bb39-c843e4a535ce,10,9,-1,0.17297423362806172,0.14603026659978605,-0.10850439475228084,-0.4648033150577174,-0.37654695313188574,0.13417882783238386,0.08844847162400668,-0.12110616134318754,1.384045823986949,0.032559640945929995,0.35646544262910457,-0.16636650526313898,0.20253214683002255,0.20861916021832688,-0.020678293174352057,-0.0022860369586279686,-0.07860555171308867,-0.9876897444268896,-0.9878375671371243,-0.5117271866830814,-0.4284633422631578,-0.4413611245449726,0.033582157206971275,0,0,0,0,0,train
5f5c28f1-3835-400a-bb39-c843e4a535ce,11,10,-1,0.17308322754650773,0.14617197307988397,-0.10851441840182888,1.4628255637052598,-0.34523077526318025,0.13422989011863531,0.08850557492691839,-0.12112752768657618,-0.21644518326920317,-0.4132803303880863,0.38853520977479983,0.3217699861428073,0.20260550887309,0.20864311319125614,-0.02046685394642271,-0.002286036315424536,-0.07836180776166884,-0.8597652748379089,-0.8306785617156525,-0.4892811762973118,-0.5222852518801021,-0.5201350648155546,0.03358215723867172,0,0,1,1,0,train
5f5c28f1-3835-400a-bb39-c843e4a535ce,12,11,-1,0.17316001871632197,0.1461941680707427,-0.10861265016739967,0.8426206614240767,0.25613118082787273,0.13415572822669866,0.08852583738924191,-0.12098767525712326,0.5383296317752428,-0.33914771764268886,0.388848340129355,0.40312606804379647,0.20258749012566993,0.2087169142429841,-0.020856780834292415,-0.0022860375015912255,-0.07876755226616647,-0.685649078481494,-0.6904493497616647,-0.4199890652639722,-0.24392643019908655,-0.284532520866178,0.033582157288536044,0,0,1,1,0,train
5f5c28f1-3835-400a-bb39-c843e4a535ce,13,12,-1,0.17318850576318856,0.1461941680707427,-0.10865875895532065,0.5796794634947429,0.04435788820021402,0.1342809524048868,0.08856452027185951,-0.1211469516351113,1.0758775211832197,-0.7374801765536121,0.3887372725249615,0.4438041089942922,0.20257461959179845,0.20869878766887548,-0.020834813122299754,-0.0022860374347662216,-0.07876012104813537,-0.31238754562374565,-0.4995853416330038,-0.27164189135493494,0.8615112424830813,0.731215345231082,0.03358215738675148,0,0,0,0,0,train
5f5c28f1-3835-400a-bb39-c843e4a535ce,14,13,-1,0.17316868868710747,0.1462061192196666,-0.10861265016739967,-0.8763268446463497,0.06228450001846724,0.1342529897243205,0.08852952147330073,-0.12113918205569725,-0.11650533182869344,-0.6156659192621868,0.3870859782620507,0.31160047590518225,0.20248452585469806,0.20868584011594074,-0.021164328802189644,-0.0022860384371558144,-0.07876309353534781,0.26896135808551935,-0.09042069335614052,-0.10205911646446761,1.7901983127592855,1.7925723753154983,0.033582157214776934,0,0,1,1,0,train
72b685bb-222f-4399-8079-b35cc06e99b8,1,0,-1,0.10947908329697635,0.09437569364360489,-0.06638501935141532,-0.3030274098727939,-0.23176411061681612,0.06575901156157771,0.030923341087556518,-0.07245305505239781,-0.04652089110976091,-0.5678104537657098,-0.04572707992865547,0.33193949638043235,0.19311928188311225,0.19219001029944574,0.008843565779782871,-0.0022859468783395427,-0.0466082131148126,-0.6905095834218894,-0.5749559594778364,-0.5089577937123436,-0.9163380014685997,-0.8467117921364135,0.033582053434628036,1,2,0,0,0,train
72b685bb-222f-4399-8079-b35cc06e99b8,2,1,-1,0.13422937275500968,0.1005441937953379,-0.0992024479716994,-1.1798688775899706,-0.4562456181843215,0.093656040616963,0.03637762753664003,-0.111271816199852,-0.9721327955659382,0.06779868024876233,-0.48493723068325545,0.20990537352894748,0.19418689266775188,0.19917392035244005,-0.016224339567840397,-0.0022860233853558426,-0.0729726884455209,-0.6121875184282046,-0.5049133666752809,-0.4705840266867418,-0.826968615094174,-0.7731338922353842,0.033581900172753004,0,0,1,1,0,train
72b685bb-222f-4399-8079-b35cc06e99b8,3,2,-1,0.13810484969611894,0.10231979306403492,-0.10339032875287064,-1.2664454683392947,-0.5216472836480165,0.09409979619986265,0.039348841330078634,-0.10884770742266797,-0.6062183755657347,0.773233177463131,-0.15291802347966105,0.20990537352894295,0.19473421212063677,0.20024791986837606,-0.01844445146109852,-0.002286030152213109,-0.07569251424490059,-0.5755442535852829,-0.4190576934959293,-0.5327087253878622,-1.0858578028025885,-0.9857180935950189,0.03358214795747035,1,1,1,1,0,train
72b685bb-222f-4399-8079-b35cc06e99b8,4,3,-1,0.14074795221843506,0.14462686025471974,-0.05799121521988633,2.0000289304958403,-0.19386409326950482,0.10107587711678939,0.08546067945230339,-0.07136919872413765,-0.8546468365674454,1.5223903961583931,0.2752007557205339,-0.0646714028868997,0.2024156684984856,0.20079851455692552,0.011997305432729012,-0.0022859374141823642,-0.04277667709798155,-0.5872270389733444,-0.3788898024829437,3.9001307912687424,-1.3874748636766034,-1.232206830220299,0.03358217699449442,1,1,1,1,0,train
72b685bb-222f-4399-8079-b35cc06e99b8,5,4,-1,0.17087114642895543,0.14496149242458958,-0.10635532428918099,-0.9950905415030861,-0.5273586526439809,0.129464076735165,0.08535568305662701,-0.1168348350603128,-0.08042665648767607,0.37516191673660987,0.28846998903578763,-0.3595871997779925,0.20168301335785135,0.2085259378371968,-0.023906173855273424,-0.0022860467781492867,-0.07754437377824872,-0.36878538258410093,-0.391696326470568,-0.32270215399528596,0.01679980727760019,-0.05844893672046774,0.03358215583308271,0,0,0,0,0,train
72b685bb-222f-4399-8079-b35cc06e99b8,6,5,-1,0.1557358545720187,0.14413174122787153,-0.0828318235298399,0.3824230920959189,-0.3625280102773958,0.1026539449157038,0.08464465483327469,-0.07475090816410351,0.00032772830225161567,0.47892151077277356,0.35646945712082967,-0.2782311178769988,0.20202343897875213,0.2077888983863872,-0.019327278886803516,-0.00228603284810619,-0.07459863895072384,-0.14600842201458025,-0.1522433005420088,-0.2652690353331251,0.04188434811635583,-0.03633656367993864,0.03358215222132885,0,0,0,0,0,train
72b685bb-222f-4399-8079-b35cc06e99b8,7,6,-1,0.16621041784813276,0.14602002275785125,-0.09756859309536882,0.53358487199869,-0.44834048872019344,0.12276275954901997,0.08815190285727165,-0.1031797992401175,1.1560669808213107,0.7392991955648524,0.37497894030120377,-0.7460285888076995,0.2027303530516434,0.20813136116151087,-0.017763452389326084,-0.0022860280907270585,-0.07528825598400918,0.13391219952963715,0.09196203189002394,-0.17839073285704563,0.3657225559007487,0.2551267099059068,0.033582140998851484,0,0,0,0,0,train
72b685bb-222f-4399-8079-b35cc06e99b8,8,7,-1,0.17296927935904144,0.14624026535944926,-0.1082497940537606,-0.1663385806622603,0.3410245175792737,0.1339101429452035,0.08850557492691839,-0.1206166778401023,0.7682493410767035,0.14414995281639809,0.3594375046695623,-1.0307748754611672,0.20277153876003218,0.208842505506451,-0.02060415214637683,-0.0022860367331095895,-0.07855353318687101,0.5504877538924655,0.3988075345130599,-0.04841075164641767,1.0755799464858748,0.9521400512212781,0.03358218278239202,0,0,1,1,0,train
72b685bb-222f-4399-8079-b35cc06e99b8,9,8,-1,0.17322690134809568,0.14624197266643837,-0.10866477314504948,-1.5671229369426973,7.628102095743478,0.1341946328257474,0.08847426021241842,-0.12110421894833402,3.761424992957254,2.697679912454473,-4.193660509936557,-4.05111941603547,0.20276478172974963,0.20888393767584215,-0.020808726464308473,-0.002286037355407585,-0.07876309353534781,1.456035102245152,0.8554524742598097,0.21193988045851372,2.7459725883434607,3.446158063657242,0.03358215251934777,0,0,1,1,0,train
ce342958-927d-4297-86ed-b9390c5ed473,1,0,-1,0.17295689368649075,0.14618050961482965,-0.10829991230150081,0.9358655142441012,-0.5411060052190458,0.13349921311775123,0.08833610706021267,-0.12013884870613814,-0.5284386154771649,-1.3237544221647548,-0.19422981965841393,0.40312606804379647,0.2028033933313641,0.2089179250022958,-0.020788131734315353,-0.002286037292760385,-0.07876309353534781,0.6787264292133226,0.911605142678281,-0.14796707100117848,-0.8351154768863728,-0.7798095241148958,0.03358215394811299,0,0,0,0,0,train
ce342958-927d-4297-86ed-b9390c5ed473,2,1,-1,0.17316992725436253,0.14618221692181876,-0.10864272111604378,-0.7156431180578308,-0.541048146788187,0.13409858709684583,0.0884521557080655,-0.12097407849314866,-0.64605134520286,0.5593188969360053,0.31675676681256165,0.3217699861428073,0.20280435862140445,0.20891598286935562,-0.020775774896319484,-0.0022860372551723926,-0.07875714856092293,0.7903632764797723,0.9960261146277984,-0.08669745369350981,-0.6219149566302469,-0.6032106613048457,0.03358215713969945,1,1,0,0,0,train
ce342958-927d-4297-86ed-b9390c5ed473,3,2,-1,0.17307579614297733,0.1461788023078405,-0.10849437110273279,-0.6572351452348985,-0.17029166905550858,0.13398187329969963,0.08848531246459489,-0.1207526454798482,-0.5278849383918012,0.9879307413709774,0.35163266367407847,0.2404139042418136,0.20280435862140445,0.2089169539358257,-0.020779893842318105,-0.002286037267701726,-0.07876012104813537,0.8544973231803796,1.1184010376390128,-0.12068488210015538,-0.9149147709540547,-0.8455003837562427,0.03358215679953149,1,1,0,0,0,train
ce342958-927d-4297-86ed-b9390c5ed473,4,3,-1,0.173142678774751,0.14617197307988397,-0.10861064543749006,-0.6581669880876768,-0.5371442777779145,0.13417882783238386,0.0884337352877714,-0.12112170050201564,-0.6248688569921782,0.9049231159296441,0.3536251897336199,0.33193949638043235,0.20280435862140445,0.2089169539358257,-0.020779893842318105,-0.002286037267701726,-0.07876012104813537,0.8659477746298987,1.1887039816898444,-0.284878621672774,-1.243031623362049,-1.1142149336159943,0.033582157208076995,0,0,0,0,0,train
ce342958-927d-4297-86ed-b9390c5ed473,5,4,-1,0.17309065895003814,0.14614294886106874,-0.10856052718974986,-1.1213608561603123,-0.5203670610284546,0.1339648525376158,0.08833242297615383,-0.12088667072474059,-1.0696879426315042,1.0077691075481232,0.3877550602162285,0.4031260680437987,0.20279406219430726,0.2089169539358257,-0.020823829266303426,-0.0022860374013479305,-0.07876309353534781,0.9419295765257967,1.201255824104689,-0.08308868288791238,-0.8414987836956416,-0.7850704873344475,0.033582157223918344,0,0,1,1,0,train
ce342958-927d-4297-86ed-b9390c5ed473,6,5,-1,0.17303244628904993,0.14612246117719915,-0.10849036164291358,0.46503677099228624,-0.34294308830520476,0.13383719682198714,0.08844110345588904,-0.12056811796876447,-0.14865290997577488,0.5081567881386823,0.37232134677920964,0.26075292471706374,0.20280178451463016,0.20890659589347793,-0.02074694227432912,-0.002286037167466883,-0.07872296495797991,1.004633735802546,1.2845461299933099,-0.08507028000600356,-0.9237879346889519,-0.8527935753772949,0.03358215729321495,0,0,0,0,0,train
ce342958-927d-4297-86ed-b9390c5ed473,7,6,-1,0.17313277023671048,0.1462385580524601,-0.10851642313173848,1.582578810823026,-0.3888476319138339,0.1342347531935164,0.0885608361878007,-0.12107702542038484,-0.39009748725704,1.3095200370859161,0.35405540943015623,0.1997358632913179,0.20280468038475125,0.20891436442523878,-0.020767537004322236,-0.002286037230113714,-0.07874971734289185,1.0590497776545311,1.353281649240468,-0.08467001666283583,-0.9752647818671364,-0.895067412847304,0.03358215724574452,0,0,1,1,0,train
ce342958-927d-4297-86ed-b9390c5ed473,8,7,-1,0.1732219470790754,0.14624367997342752,-0.10865474949550144,0.007861073370863501,-0.5399750650328786,0.13431256239161388,0.08858846681824185,-0.12117220276820698,-0.6241849022488103,0.3927813741535289,0.3560593098829187,-0.09517993359975906,0.20280403685805767,0.2089172776246491,-0.02078263980631719,-0.0022860372760546135,-0.07876160729174159,1.2723772896375964,1.4129318372856206,0.08771220358538125,-0.013017110481563794,-0.08453381201180474,0.033582157296422,0,0,0,0,0,train
ce342958-927d-4297-86ed-b9390c5ed473,9,8,-1,0.17322813991535074,0.14624197266643837,-0.10866677787495908,-1.5677658501868146,7.628102095743478,0.13432958315369772,0.08857004639794774,-0.12121882024469129,2.0435974983728356,2.697679912454473,0.2547455822174107,-5.546037420966191,0.20279148808753297,0.20891663024700236,-0.020833440140300214,-0.002286037430583048,-0.07876309353534781,2.18392950280422,1.6467788017452407,0.39495343539450734,2.7587492375732294,3.47678609004298,0.03358215768967658,0,0,1,1,0,train
2a73ea4d-ecfe-470b-8853-7f7ceb5a5b7b,1,0,-1,-14.972672045561072,-10.670911941767528,11.70473747264654,0.024379188070992236,-0.4487818848150785,-16.600683083730836,-19.309901804660377,6.160492934397834,0.08251512186516653,0.7571052320041296,0.32542003995525554,0.3726175373309258,0.20280532391144482,0.2089179250022958,-0.020779893842318105,-0.002286037267701726,-0.07876309353534781,0.9661753834455458,0.9309778207010695,0.0449261136516816,0.725364666540969,0.5961934563586977,-31.155994944996145,0,0,0,0,1,train
2a73ea4d-ecfe-470b-8853-7f7ceb5a5b7b,2,1,-1,-10.137258416218055,0.13832519015783445,16.570465549774116,1.2614387102534248,7.628102095743478,-14.659412890015892,0.09509455926611857,23.521150989133364,5.690194659733208,-1.4161591960638713,-10.825517192741243,-10.101978007421714,0.20280532391144482,0.2089179250022958,-0.020779893842318105,-0.002286037267701726,-0.07876309353534781,1.8426259156717657,1.311124081877488,0.3081575828571767,2.6818081310719797,3.297748718954938,-1.485865003771097,0,0,0,0,1,train
9293ca7e-7a30-4b07-bd7e-0e5bfa69447b,1,0,-1,0.17322566278084062,0.14624197266643837,-0.10866276841513987,-0.9490597141695036,-0.27011717299206633,0.13433687776601935,0.08858109865012422,-0.12121882024469129,-0.5772401153046363,-1.3743943290760772,0.11583480138274493,0.23024439400419308,0.20280178451463016,0.2089179250022958,-0.02079499664431306,-0.002286037313642601,-0.07876309353534781,1.664030033021546,1.5868900221814903,0.2351632211478156,1.216293968170867,1.1036814842843101,0.03358215780911879,0,0,0,0,1,train
5493ae6c-5a4b-4906-acd4-6f2d11593f9d,1,0,-1,0.15397585050256637,0.1462385580524601,-0.07750926561983049,2.187299733105888,3.7938280242866202,0.12208800790926842,0.08856820435591833,-0.10166278885952397,0.01508790559102439,0.5572306806197254,-0.10593642682120562,0.2709224349546933,0.20279695806442835,0.20401339195061943,-1.2168117257883077e-05,-0.002285974037718527,-0.05627771401686955,0.952215982994033,0.9974950786941357,0.025180868435755878,0.3224890141180904,0.21548976415835874,0.03358215571091703,0,0,0,0,0,train
5493ae6c-5a4b-4906-acd4-6f2d11593f9d,2,1,-1,0.173214515675545,0.146236850745471,-0.10865074003568222,-1.4455886675982497,-0.1403659130381839,0.13430405201057197,0.08854425780953601,-0.12120522348071669,2.743224748215224,0.609436710871697,0.3405707317256572,-1.5697589180552365,0.20277926108035507,0.20890950909288825,-0.02085540785229287,-0.0022860374974064557,-0.07876309353534781,1.5968986387720296,1.2958219607824761,0.23591674579221633,2.0218755542279565,2.115608428511332,0.03358215838040022,0,0,1,1,0,train
58c9bf92-a376-48c8-98a9-f104afbcf296,1,0,-1,0.0681691496386775,0.13672032158805061,0.05020004854184191,1.942650605890109,1.220313778428092,0.01042451402707035,0.07090486333590423,0.05811278460588205,0.2516519931266521,-1.4181169221983203,0.21399313855235047,0.29126145542993664,0.20093620062995846,0.18052523617172253,0.09167694279410313,-0.0022856933898871322,0.04437813421427199,-1.5323471482326345,-1.6068203760614204,-0.6373095822821243,-0.3070546127454403,-0.33929277166990973,0.03358215558820895,1,1,0,0,0,train
58c9bf92-a376-48c8-98a9-f104afbcf296,2,1,-1,0.16352768117365446,0.13712666065146395,-0.10366898621030617,-0.6426123459568026,-0.5017967876001004,0.10996314646198535,0.0710614369084041,-0.10075180567322645,0.2938652753058553,-1.3352397674905376,-0.2259643767450661,0.36244802709330076,0.20148416360953691,0.2070376166273494,-0.01844170549709944,-0.0022860301527557955,-0.07549335760166732,-1.29312463859042,-1.4277252312541875,-0.5478774496933707,0.13745919190156247,0.04754454381099498,0.03358215667509274,1,1,1,1,0,train
58c9bf92-a376-48c8-98a9-f104afbcf296,3,2,-1,0.16641478144521907,0.14076322453831458,-0.1040719369221374,-0.7203003134036496,-0.4755025818175978,0.11913247415028465,0.07942430772192627,-0.106582875023472,0.3008193964118399,-1.4142014699294223,0.3647854767293053,0.32176998614280955,0.20200863786479992,0.2075888586935456,-0.018541933183065948,-0.002286030458433099,-0.07524664116303506,-1.271676782255169,-1.1654924925407444,-0.7579019825920301,-1.1805638319464122,-1.0632228147062712,0.03358215684822219,1,2,1,1,0,train
58c9bf92-a376-48c8-98a9-f104afbcf296,4,3,-1,0.1687073694343508,0.14075980992433632,-0.10778670144464114,-1.3494924855675963,-0.481180837513732,0.12790059816089386,0.0795403563697791,-0.12046905583123532,0.36024800152417996,-0.9299900842526247,-0.14508775736991847,0.19973586329132242,0.2009204342259659,0.20811647147563592,-0.02542331896476645,-0.0022860513945173865,-0.07806455904042515,-1.1917830690120572,-1.1419816192757775,-0.6140076936035139,-0.8170740857304335,-0.7651176444855899,0.033582157049750525,1,1,1,1,0,train
58c9bf92-a376-48c8-98a9-f104afbcf296,5,4,-1,0.16648166407699277,0.13808958179333428,-0.10731959937570247,-1.1419643637431565,-0.5311206449186291,0.119757379272505,0.07198061588107978,-0.115430483581223,-0.9102690510830803,0.27662292572564334,-0.34996132082110915,-0.0341628721740313,0.200847715709592,0.20702175587500435,-0.021090187774214418,-0.002286038211907804,-0.07783567752506752,-1.0157649534627522,-1.0544031248395225,-0.5019523430766699,-0.23239790983795033,-0.27483171443200466,0.033582157037884426,1,2,0,0,0,train
58c9bf92-a376-48c8-98a9-f104afbcf296,6,5,-1,0.16599862284751607,0.14609002234440566,-0.0971435903545319,0.8322701171125585,1.249888022781336,0.11993123419950404,0.08833610706021267,-0.0984617221409348,0.1309992328291187,0.20288189243610905,0.3609242047717453,-0.04433238241165636,0.2016720734040606,0.20694860220092312,-0.017262313959493545,-0.0022860265637730352,-0.07465511620776014,-0.7469392395612169,-0.8614542565548954,-0.402439056227805,0.3042173763443656,0.19853673918105832,0.03358215702178655,1,1,1,1,0,train
58c9bf92-a376-48c8-98a9-f104afbcf296,7,6,-1,0.17303863912532527,0.14606953466053607,-0.10856253191965946,-1.1713151703633717,-0.3925873667374479,0.13400132559922398,0.08826610946309507,-0.12101486878507244,-0.19322017149455364,-0.08881965944514121,0.37590561880774004,0.15905782234082444,0.20158133614026663,0.20777789296639268,-0.021167074766188725,-0.002286038445706135,-0.07907817717986611,-0.7132916518598964,-0.5667708536492508,-0.5754222492250171,-1.1045210201113322,-1.0009976513168108,0.0335821575445914,0,0,1,1,0,train
58c9bf92-a376-48c8-98a9-f104afbcf296,8,7,-1,0.17294450801394007,0.1460114862229056,-0.10847833326345593,-0.2159973476918637,-0.33925544855062256,0.1334007358514091,0.08798611907462472,-0.12035056974517104,-0.038892428653570066,-0.17365448972184377,0.3772551571093166,0.3522785168556802,0.20147579776252045,0.20768661271820282,-0.021230231938167622,-0.0022860386378859058,-0.07827857811972061,-0.5705617132289136,-0.529886786647301,-0.4074323233099914,-0.43249762390704277,-0.4446192438067004,0.03358215712329002,0,0,1,1,0,train
58c9bf92-a376-48c8-98a9-f104afbcf296,9,8,-1,0.17281445845215787,0.14615490000999268,-0.10809943931054,0.7709593887491948,0.25548575190555994,0.13343842468173758,0.08837663198485968,-0.11999899627668521,0.9110638459806335,-0.4346848899196907,0.36269125021272886,0.22007488376657028,0.20154529864542647,0.20758044278413804,-0.020483329730417207,-0.0022860363653679477,-0.07825777070923355,-0.4649877842639587,-0.37342800373601487,-0.40686965666416075,-0.6590386198592022,-0.6341347915669886,0.033582157525323196,0,0,0,0,0,train
58c9bf92-a376-48c8-98a9-f104afbcf296,10,9,-1,0.17310552175709898,0.14610709541429698,-0.10862668327676693,-0.9074895741559736,-0.4344178121282528,0.1340463090418741,0.08828084579933035,-0.12107119823582431,0.5969955005418388,-0.04313928962292031,0.380621308420785,0.3827870475685486,0.20148577242627086,0.2076503595699856,-0.02103389551223323,-0.0022860380405242573,-0.07899197505070545,-0.31599721218326965,-0.2576991763333398,-0.33993118041596754,-0.39471093470828306,-0.41268666040466023,0.03358215704903509,0,0,1,1,0,train
58c9bf92-a376-48c8-98a9-f104afbcf296,11,10,-1,0.17306341047042664,0.14623514343848185,-0.10840816771661965,1.2738687401800743,0.5863720789405437,0.13398916791202126,0.08857004639794774,-0.12067494968570769,0.2733535393129571,-0.6304576900680758,0.3742556627087376,0.3522785168556757,0.20151633994421564,0.20759047713766243,-0.020649460552361693,-0.0022860368708427915,-0.07858623054620782,-0.10592353499380874,-0.09437756492797555,-0.2596639323254676,-0.03193927005441531,-0.1011301120121041,0.03358215713068734,0,0,0,0,0,train
58c9bf92-a376-48c8-98a9-f104afbcf296,12,11,-1,0.173214515675545,0.1462385580524601,-0.10864873530577261,0.5397607423838227,0.012393996211802342,0.13432350431009635,0.08858478273418303,-0.12119356911159561,0.3333338755230975,-1.0931340843762791,0.3597921181052765,0.34210900661805516,0.2014944600366341,0.20762122757588244,-0.020873256618286908,-0.0022860375517678557,-0.07878390094583487,0.2827297851626955,0.13590258631442637,-0.11972742155685845,0.9387203560522954,0.8097217033452193,0.03358216103901783,0,0,1,1,0,train
58c9bf92-a376-48c8-98a9-f104afbcf296,13,12,-1,0.17320460713750443,0.146236850745471,-0.10863470219640536,1.180519800917178,0.49891716596309765,0.1342858154797679,0.08853688964141837,-0.12118385713732804,1.1607677164189407,-0.06141146244560752,0.38529016229703755,0.31160047590518225,0.20145327432824536,0.20759921673589338,-0.020955635538259382,-0.002286037802416463,-0.07876309353534781,0.764999758096279,0.5619395203267924,0.013484242267300906,1.3798229288612454,1.287216767804585,0.0335821609507369,0,0,1,1,0,train
a04f9a94-8a08-4f23-914b-fb5dfc668a66,1,0,-1,0.17215182497069625,0.146146363475047,-0.10703693245844773,0.9846392100229495,0.58693130204249,0.13342991430069565,0.08843557732980081,-0.11992324287739821,0.3478800742617195,-1.3383721386408307,-0.06891478413264064,0.16922733257844952,0.2026859497097868,0.20880657604705713,-0.020816964356305718,-0.0022860373804680176,-0.07835586278724396,1.3370871102086221,1.378445365156644,0.13068395633236124,0.5275195543929765,0.4059856904376698,0.03358215790944734,0,0,0,0,1,train
a04f9a94-8a08-4f23-914b-fb5dfc668a66,2,1,-1,0.1730844661137628,0.1462385580524601,-0.10843823866526377,-0.18766272983502985,-0.18022008999708727,0.13415572822669866,0.08850189084285957,-0.12101292639021892,1.6867199389568255,-1.4788064907110785,-0.14863656805487743,-1.1629785085502817,0.202130907936579,0.20879783644882619,-0.02314828779152668,-0.0022860444722254776,-0.07876309353534781,1.8330489183321843,1.717712901949167,0.28320750716367327,1.440011554168096,1.3570524597746203,0.03358215632040734,0,0,0,0,1,train
20657346-701b-40f3-80b1-eea9e1c4a4ad,1,0,-1,0.17318231292691322,0.14623514343848185,-0.10860062178794203,0.8625092476848686,-0.2252247674614383,0.1341229024712513,0.08853688964141837,-0.12092357622695733,-0.2779464193261219,-0.11936024315359206,0.21652026109327993,0.3421090066180529,0.20280403685805767,0.2089172776246491,-0.02078263980631719,-0.0022860372760546135,-0.07876160729174159,0.8098779032042925,0.8448609749270016,-0.01138015483645398,0.3051950915779852,0.19969230986675193,0.033582156866057124,1,1,0,0,0,train
20657346-701b-40f3-80b1-eea9e1c4a4ad,2,1,-1,0.17319965286848418,0.14624026535944926,-0.1086226738169477,1.3501174433651433,-0.2842591449289845,0.13425177395560023,0.0885774145660654,-0.12108673739465241,-0.7216854472989946,0.4225389234192476,0.09985578615307117,0.3827870475685486,0.20280500214809802,0.20891663024700236,-0.020775774896319484,-0.002286037255172394,-0.07875714856092293,0.9691236302398364,1.139792728657534,-0.011651480648170962,-0.3330327534205349,-0.3603798781073972,0.03358215686735789,0,0,1,1,0,train
20657346-701b-40f3-80b1-eea9e1c4a4ad,3,2,-1,0.17322690134809568,0.14624026535944926,-0.10866677787495908,-1.5675612664887564,0.40046090399964107,0.13433566199729907,0.08857557252403599,-0.1212227050343983,0.5777847009570581,1.7788527842678168,-1.4067468278389303,0.14888831210320166,0.20280081922458978,0.20891760131347245,-0.02079774260831214,-0.00228603732199549,-0.07876160729174159,1.7335383541891245,1.3143559133319205,0.27655539639061893,2.39768883067895,2.7263060972844424,0.03358215869986137,0,0,1,1,0,train
7a8f6f52-9417-4379-a2ae-6733fbc5cd3b,1,0,-1,0.16386828716879828,0.13339107295924368,-0.10860663597767084,-1.5345959971516703,-0.5409434323784653,0.1319029087880327,0.08509042900439194,-0.1210109839953654,-0.27969189405785416,-1.363953123025683,-0.7094644074564642,0.34210900661805516,0.20032420674436935,0.20645950838881363,-0.020939159754264886,-0.0022860377523888646,-0.07876012104813537,-0.3214527180750049,-0.19731595525451465,-0.3865928968153116,-0.7644295006612188,-0.721474403274304,0.03358215545664875,0,0,0,0,0,train
7a8f6f52-9417-4379-a2ae-6733fbc5cd3b,2,1,-1,0.16270155681452378,0.14470539637621982,-0.09343283529184737,1.2959404498504086,-0.3329103100159971,0.1315418254781116,0.08797322478041886,-0.11739424477812449,-0.3683058926749263,-1.0507166381206792,0.3572215052373255,0.3827870475685486,0.20254244325711973,0.2064219604853029,-0.011314555937481059,-0.002286008462063628,-0.06848423275474132,-0.1805185470759294,-0.10035782261023425,-0.3105582009415066,-0.4434250562757653,-0.45377862043164213,0.03358215684917491,1,1,0,0,0,train
7a8f6f52-9417-4379-a2ae-6733fbc5cd3b,3,2,-1,0.17168364654828036,0.1460763638884926,-0.10636133847890981,0.8057772011867094,0.3914058000391285,0.1337800556921343,0.08849083859068312,-0.12042438074960453,-0.2852207325243408,-0.45034663676078507,0.3594147558831203,0.29126145542993664,0.20277668697358076,0.20865347123360392,-0.01978036294665211,-0.002286034227103085,-0.07759193357364771,-0.11395617809182494,0.05413246216551978,-0.36046773704659363,-0.899840567443652,-0.8331146396509965,0.0335821566928381,1,1,0,0,0,train
7a8f6f52-9417-4379-a2ae-6733fbc5cd3b,4,3,-1,0.17282312842294337,0.1461241684841883,-0.10814955755828021,0.41819697440308706,-0.40281036448609997,0.13411196055276883,0.08850189084285957,-0.12094300017549246,-0.07114233114777478,0.1943985836650307,0.3719847985562582,0.28109194519231384,0.20277475639350004,0.20888911669701604,-0.020788131734315353,-0.002286037292760522,-0.07869026759864312,0.05244031132578607,0.12709730289084376,-0.23831387876678511,-0.29015183986075627,-0.32390716045224555,0.033582157601405,0,0,1,1,0,train
7a8f6f52-9417-4379-a2ae-6733fbc5cd3b,5,4,-1,0.17290239672726773,0.1461941680707427,-0.10819566634620119,0.15934688962434193,-0.2526947351710729,0.1341982801319082,0.08854057372547719,-0.1210401199181681,-0.1679814599661045,-0.11570570901385924,0.38574580710783263,0.3522785168556757,0.20278730516402474,0.20888717456407582,-0.020726347544336,-0.0022860371048195258,-0.07866797394454983,0.21961692677534406,0.30949906432016455,-0.19594474825381172,-0.28549309837242653,-0.3199280999020038,0.0335821558801345,0,0,1,1,0,train
7a8f6f52-9417-4379-a2ae-6733fbc5cd3b,6,5,-1,0.17312286169866992,0.1462266069035362,-0.10851441840182888,0.3821639976098912,-0.29666330785305367,0.13425906856792189,0.08857004639794774,-0.12110616134318754,0.23637275100833982,0.36615646053471584,0.3857484834356494,0.1692273325784563,0.2027705734699918,0.2088997984281872,-0.02085128890629425,-0.002286037484877497,-0.07870958876552395,0.4526848992049122,0.4927559901995409,-0.11151609029584478,0.10118140378581082,0.016153108036550512,0.03358215744670947,1,1,0,0,0,train
7a8f6f52-9417-4379-a2ae-6733fbc5cd3b,7,6,-1,0.17318355149416828,0.14624026535944926,-0.1085966123281228,1.0103972397702474,0.046078734731598694,0.13430040470441115,0.08858662477621244,-0.12115472121452536,0.6122192325809108,0.08737591047600315,0.38535773957440955,0.03702369948933506,0.20276445996640285,0.20888296660937206,-0.02080598050030939,-0.002286037347054661,-0.07873188241961722,0.744610078321291,0.7482422017939439,-0.022094315158173467,0.43188320589474644,0.31635638242340997,0.03358215805208989,0,0,1,1,0,train
7a8f6f52-9417-4379-a2ae-6733fbc5cd3b,8,7,-1,0.17322318564633046,0.14624026535944926,-0.10866076368523027,-0.7297367925576429,-0.1266846406115303,0.13432228854137607,0.08856820435591833,-0.12120910827042372,0.5260103511302354,2.001599011218873,0.38739843953465175,-0.13585797455027057,0.20268916734325468,0.20887681652172804,-0.021101171630210747,-0.0022860382449968247,-0.07876309353534781,1.3253703902807978,1.0682469510693926,0.16325091935110841,1.7878827281806415,1.78957024217835,0.0335821567456299,0,0,1,1,0,train
7f3de386-3e7d-42ac-b6f0-86ac1a642cfa,1,0,-1,0.1024836554403496,0.13978323032655296,-0.0017445081460127517,1.3005085884767877,-0.5392360280736936,0.04569274883347111,0.07938378279727924,0.010706695811047575,0.19130728054188104,-1.3540339632750464,-0.15777355122112918,0.31160047590518675,0.1971364972677494,0.18518052882940533,0.05571717124411951,-0.002285803551413821,0.009548015302543646,-0.050450775327286285,0.06185080682329708,-0.28945687048933094,-0.5522775453113302,-0.5451163564488274,0.033582160604653064,1,3,0,0,0,train
7f3de386-3e7d-42ac-b6f0-86ac1a642cfa,2,1,-1,0.1634273572259939,0.1415741953581522,-0.0982842816730989,-0.12490129667414145,-0.4281938912390974,0.11529672383782319,0.07731701164028103,-0.10267671897305768,0.45669029318588816,-1.4667990922786396,-0.08552875813682913,0.39295655780617367,0.19798402192318665,0.2032151753121932,-0.01716345925552658,-0.0022860262553870336,-0.07223402537323036,0.1009787010000224,0.19671113528041304,-0.23386267713796982,-0.38003662768699203,-0.4002469426204437,0.03358214873011579,0,0,1,1,0,train
7f3de386-3e7d-42ac-b6f0-86ac1a642cfa,3,2,-1,0.16832465215253464,0.1411985878205432,-0.10665202431580298,-1.0428986336324917,-0.4838487497339295,0.11930997638344451,0.07690071014163433,-0.10952754562139747,0.3261025677574198,-1.4788064907110785,-0.06554328016553881,0.4132955782814193,0.1963771357693318,0.2040677716729453,-0.02763656594802687,-0.0022860581435039154,-0.07711039064523294,0.37916807847701417,0.36270624317658595,-0.1172206682931453,0.3561059031017751,0.2462964380156775,0.03358215999726149,0,0,1,1,0,train
7f3de386-3e7d-42ac-b6f0-86ac1a642cfa,4,3,-1,0.1522381406437053,0.13658715164289834,-0.08602936773566477,-0.17373511134671732,-0.26080588539857247,0.10009596752824931,0.06478744175623306,-0.09160312591318094,0.004451046834914654,-0.500464575165471,0.3789874102886829,0.4132955782814215,0.19455756404325064,0.20245126968904403,-0.028544107049723606,-0.0022860609136456825,-0.06933139161028581,0.6379096409211003,0.6676539775929052,-0.05735912318179671,0.2473105984319728,0.14710216629947373,0.03358215789613936,0,0,1,1,0,train
7f3de386-3e7d-42ac-b6f0-86ac1a642cfa,5,4,-1,0.1521675423101664,0.13991127835073786,-0.08201188899681021,1.2079346894296712,0.4386740862840423,0.09694226346786104,0.08122029870060117,-0.06923644917498055,0.14335006376304288,-0.3783023025661647,-0.45470275533786986,0.18956635305369962,0.19561166076732525,0.20062080939289634,-0.016282004811821127,-0.0022860235647390492,-0.06689543833969384,0.8538308104628337,0.9512832591357939,-0.01650040709013254,0.002074717342777985,-0.07130476945982665,0.033582155107669175,0,0,1,1,0,train
7f3de386-3e7d-42ac-b6f0-86ac1a642cfa,6,5,-1,0.16577568074160373,0.14489490745201344,-0.0981860499075281,1.4303481259627469,0.9765159896339967,0.12584473325491213,0.08793269985577183,-0.10833491518134059,0.7378057584850655,0.07119195396959596,-0.23345541830404054,-0.003654341461158391,0.19646562068969825,0.20168121397825087,-0.017135999615535757,-0.002286026168632152,-0.06628459221753807,0.9482120195585538,1.187973358741482,-0.06189145227413245,-0.7279010661481415,-0.6912236570294416,0.033582150467418026,0,0,1,1,0,train
7f3de386-3e7d-42ac-b6f0-86ac1a642cfa,7,6,-1,0.17212086078931954,0.14485222477728513,-0.10850639948219044,-1.315736708158036,-0.5353256287460987,0.13379464491677756,0.08815190285727165,-0.12080509014089305,1.0237929584903598,-0.7599287197743623,-2.365570707781674,-0.7460285888077017,0.1958903078256429,0.20254028411547031,-0.023234785657497776,-0.0022860447439629356,-0.07048917537952995,0.9582487734253644,1.291432865880978,-0.27479572860821344,-1.251857372420363,-1.1214255483769047,0.0335821569773085,0,0,0,0,0,train
7f3de386-3e7d-42ac-b6f0-86ac1a642cfa,8,7,-1,0.1721220993565746,0.146236850745471,-0.1068825682554079,0.9070508425343676,1.0597441420604392,0.13393202678216842,0.08858478273418303,-0.12056811796876447,0.585496225985084,-0.021212707129494506,-0.6384774884460185,-0.5528078942928437,0.19505211430726246,0.2019615284992878,-0.024356511951122938,-0.002286048161291298,-0.07808239396369979,0.9130271644742302,1.3024350305945867,3.383278201440665,-1.596595270163494,-1.4032727917140833,0.03358215602887263,0,0,1,1,0,train
7f3de386-3e7d-42ac-b6f0-86ac1a642cfa,9,8,-1,0.17322442421358555,0.146236850745471,-0.10866677787495908,-1.0988325064786186,-0.09812569273918867,0.13432593584753688,0.08859399294433008,-0.12118774192703508,1.5709413316379988,-1.0721211354177864,0.21290119680313233,-0.7867066297581906,0.19329078174694977,0.2011183191144134,-0.028295597307806647,-0.0022860601624346737,-0.07932489361849837,0.9196149069953508,1.2528636655001388,-0.3264802948543685,-1.273391059867878,-1.1390173533173453,0.033582156734490054,0,0,0,0,0,train
7f3de386-3e7d-42ac-b6f0-86ac1a642cfa,10,9,-1,0.17322442421358555,0.14624026535944926,-0.10866276841513987,-0.48466722565317333,-0.3445656527698354,0.13431256239161388,0.0885792566080948,-0.12118191474247454,-0.7932954463172546,-1.269982167441076,0.3831751942398816,-1.9562003070849345,0.19196543852153364,0.19934644649529537,-0.026435206698428318,-0.0022860545008458397,-0.08187231515955672,1.193121603881211,1.2600850668884789,0.08604322888076414,0.3300523829239194,0.22241225924644445,0.03358215968941289,0,0,1,1,0,train
7f3de386-3e7d-42ac-b6f0-86ac1a642cfa,11,10,-1,0.17322070851182034,0.14624026535944926,-0.10865675422541105,-0.23234082597868286,-0.005473163316542968,0.1342894627859287,0.08854609985156542,-0.12117997234762103,1.1321853300681308,-1.4788064907110785,0.38745664966466525,-1.2341650802136368,0.18964327244777102,0.19801317223184137,-0.030688704933006964,-0.00228606746973961,-0.07875268983010428,1.7031248857699857,1.5598997051017307,0.2519807202552992,1.5005874815247193,1.4286714957231716,0.03358216357839487,0,0,0,0,1,train
043ab0db-4bbe-4332-ba1c-1506227a516b,1,0,-1,0.17265716041076418,0.1462385580524601,-0.10774660684644899,-0.23359311599448335,-0.19121229819352456,0.1342858154797679,0.08857373048200658,-0.1211450092402578,-0.19750997017217248,-1.4602443284697602,-0.3828667713275724,-0.05450189264928367,0.20262224056712294,0.2089172776246491,-0.02155837463605797,-0.00228603963574527,-0.07876309353534781,1.6564858923878871,1.6374004906656363,0.2259525804867487,0.9586180202811416,0.8301782768168442,0.0335821569698811,0,0,0,0,1,train
c73bf130-1553-4d14-9f2c-a7b06a02224e,1,0,-1,0.029146849700490137,-0.015863411337643234,-0.06580364767762897,-0.8466902489566979,-0.427378400899387,0.11679455090119958,0.06674553243349607,-0.11621715349689571,-0.4075682945103558,-1.444350478071666,0.13165323694341602,0.26075292471706596,0.1742867949590091,0.17350539665933432,0.007738315270152203,-0.002285949949409596,-0.04729039893006685,-0.10269325577827418,-0.006671309105816464,-0.2957233856490311,-0.4897735279524696,-0.492749152547312,0.03358215295031448,1,1,0,0,0,train
c73bf130-1553-4d14-9f2c-a7b06a02224e,2,1,-1,0.04648555270419372,-0.019986557716396413,-0.09870928441393581,-1.0909807938902993,-0.5037791382799421,0.11668634748509528,0.06280908861664654,-0.12019517815689001,0.1436237597972248,0.1547217268417449,-0.16900208457614072,0.31160047590518675,0.16657509282656224,0.18022873720951715,-0.0536861534253221,-0.0022861378961259813,-0.07730954728846622,0.10725887470558065,0.13944357820003805,-0.20616495310704602,-0.032667033729008726,-0.10175006530360232,0.03358215569322371,0,0,1,1,0,train
c73bf130-1553-4d14-9f2c-a7b06a02224e,3,2,-1,0.009847494732013162,0.14587490166377506,0.15534813230078512,1.9612219602704206,1.1235517580962862,0.11215031438975656,0.08851662717909485,-0.08584004038280833,0.16628112530999872,1.0970415064072907,-0.202310322419019,0.24041390424182038,0.2019819315070166,0.17247088717984926,0.13030304538719575,-0.0022855745866547203,0.0871358765215693,0.32373256793353117,0.36959049145601325,-0.14945745334137162,0.0052975148476019284,-0.06848660276256409,0.03358215673804812,1,2,1,1,0,train
c73bf130-1553-4d14-9f2c-a7b06a02224e,4,3,-1,0.17277110859823047,0.14592953548742726,-0.10829389811177198,-0.29177037134652434,-0.3860604621158492,0.13424326357455832,0.08854794189359483,-0.12110421894833402,0.8138225749208435,0.7138490203136288,0.23145885388420726,0.27092243495468654,0.20194042403528104,0.20808960530329634,-0.020957008520258922,-0.0022860378065451873,-0.07677004085940893,0.5785820391677697,0.6068862606521486,-0.07335133831025467,0.22533867220559944,0.1272504167656251,0.03358215640141689,0,0,0,0,0,train
c73bf130-1553-4d14-9f2c-a7b06a02224e,5,4,-1,0.1728404683645143,0.14623343613149273,-0.1080493210627998,0.6681511453418695,0.19250273913073576,0.13426514741152323,0.0885774145660654,-0.12110810373804105,1.0461883698448073,0.400612465394816,0.3316324658997963,-0.10534944383739316,0.2021045233421425,0.20804784944508184,-0.020079673022552095,-0.0022860351373745207,-0.07686070171938825,0.8681624317932699,0.8862490802353861,0.00838697813751881,0.4190064700678052,0.30439671559712833,0.03358215722252841,0,0,1,1,0,train
c73bf130-1553-4d14-9f2c-a7b06a02224e,6,5,-1,0.1731909828976987,0.14624026535944926,-0.10860864070758046,-1.4239484455849494,-0.09289106724352128,0.13429675739825034,0.08855162597765365,-0.12118579953218156,1.2822123892978725,2.101039282217095,0.3624276319227828,-0.7765371195205769,0.20082808814543798,0.20821293074499966,-0.026226513434498055,-0.002286053837802874,-0.07876309353534781,1.4204397879902828,1.203683503732876,0.1848264301029836,1.675834118379868,1.6442919140779972,0.033582160812729155,0,0,1,1,0,train
bff0b8ed-7bdb-4d16-8d3f-11de9b94ce59,1,0,-1,0.17310304462258883,0.1462146557546123,-0.1084963758326424,-0.15021695903923452,0.18745895548567282,0.13409372402196473,0.08853688964141837,-0.12087695875047302,-0.10527026348039736,-0.35741989046537603,0.02587004182400051,0.36244802709330526,0.20278730516402474,0.20888167185407858,-0.0207030068503438,-0.002286037033819354,-0.07863676282881925,0.6526123389769685,0.7654812260878845,-0.07939773180688105,-0.18414291076961825,-0.23309414074454401,0.03358215737583537,1,1,0,0,0,train
bff0b8ed-7bdb-4d16-8d3f-11de9b94ce59,2,1,-1,0.17313896307298582,0.1462061192196666,-0.10856453664956908,0.07067286732146032,-0.4316570149944945,0.1341946328257474,0.08851478513706544,-0.12106148626155674,-0.13487437286098325,0.3123839879902971,0.007098947599542866,0.3827870475685486,0.20279953217120264,0.2088997984281872,-0.02072772052633554,-0.0022860371089963596,-0.07869918506028042,0.7917898074829324,0.9674001738167474,-0.0674020073938376,-0.4540977876873951,-0.4627387439278497,0.03358215718535798,1,1,0,0,0,train
bff0b8ed-7bdb-4d16-8d3f-11de9b94ce59,3,2,-1,0.17318231292691322,0.14624197266643837,-0.10859260286830359,1.0920846839195946,-0.3174466207802229,0.1342675789489638,0.08858478273418303,-0.12110421894833402,-0.32260280620454973,0.784849121881115,0.006550300397117086,0.39295655780617367,0.2028033933313641,0.20891209860347518,-0.020763418058323612,-0.0022860372175843554,-0.07874079988125454,0.9046795451531984,1.119964783176077,-0.05700866930430967,-0.614243559015876,-0.5968202492746774,0.03358215685324427,0,0,1,1,0,train
bff0b8ed-7bdb-4d16-8d3f-11de9b94ce59,4,3,-1,0.17322318564633046,0.14624367997342752,-0.10865675422541105,-0.08713575168801498,-0.43811705436878734,0.13432593584753688,0.08859030886027126,-0.1211916267167421,-0.35492738445040917,0.6183115990986385,0.37579990385897993,0.4336345987566694,0.20280274980467053,0.20891598286935562,-0.02078263980631719,-0.0022860372760546157,-0.07876160729174159,1.191900529373934,1.2437131090597546,0.08914265833256745,0.406022074719056,0.2923624691794347,0.033582157716337706,0,0,1,1,0,train
bff0b8ed-7bdb-4d16-8d3f-11de9b94ce59,5,4,-1,0.17322813991535074,0.14624367997342752,-0.10866477314504948,-1.5462431512872759,-0.05365393073849973,0.13432715161625716,0.0885626782298301,-0.1212227050343983,-1.0405495476567308,-0.6435091976310688,0.3325076250958608,0.4438041089942922,0.2027856963472908,0.20891533549170888,-0.02085266188829379,-0.0022860374890533186,-0.07876309353534781,1.8151729043942983,1.5585611784192068,0.28935027798857615,1.9461657983417497,2.006404530623607,0.03358215735079787,0,0,1,1,0,train
9385b1c6-364f-4393-b7b0-d7e0aa012eae,1,0,-1,0.17321203854103487,0.14624026535944926,-0.10864272111604378,1.0927484593171322,-0.03007043353550814,0.13426879471768405,0.08857188843997715,-0.12111975810716212,-0.23163937862149675,-0.45092678674291425,-0.22074486842052524,0.34210900661805516,0.2028030715680173,0.20891177491465182,-0.020763418058323612,-0.0022860372175843523,-0.07873485490682966,1.4230148720553473,1.6045653484345948,0.11621324243788488,-0.1548792834076455,-0.20786779667884253,0.0335821573298939,0,0,0,0,0,train
9385b1c6-364f-4393-b7b0-d7e0aa012eae,2,1,-1,0.17322690134809568,0.14624026535944926,-0.10866677787495908,-1.566263214329969,-0.07077474108241352,0.13431377816033416,0.08855899414577129,-0.12120522348071669,-0.42689034805682863,-1.4788064907110785,-2.3712773077688563,0.24041390424182038,0.20277700873692756,0.20891565918053223,-0.020891105384280944,-0.002286037605993762,-0.07876309353534781,2.022724643744726,1.8119058453903345,0.33983704962535277,1.8597511322935394,1.886222634960765,0.033582157494501004,0,0,1,1,0,train
c4a9cbc5-a7f8-4d91-8513-867ab86609e7,1,0,-1,0.17260390201879625,0.14559319601056833,-0.10841819136616769,-0.8974273986425408,-0.46753214772877405,0.13347854504950657,0.08773007523253672,-0.12074487590043415,-0.10125458748908775,-1.4574019973036272,-0.521328598170985,0.34210900661805516,0.20199512380423484,0.2087547858353182,-0.02354507958939409,-0.0022860456793109257,-0.07876755226616647,-0.2321004132840832,0.05158532879508767,3.6617345181567864,-1.6217235884020378,-1.4238617567991863,0.03358215916670665,1,1,0,0,0,train
c4a9cbc5-a7f8-4d91-8513-867ab86609e7,2,1,-1,0.16356731532581664,0.13603569148540878,-0.10501415997965319,-0.9952101623989079,-0.5309782311383938,0.12043091514353627,0.07099880747940415,-0.11754186678699147,0.15432974130102198,-1.4584461190755635,0.057723695498496305,0.362448027093303,0.19731990237541805,0.20810287654505447,-0.04072932229565177,-0.0022860979605297356,-0.07877498348419756,-0.18819991554652302,-0.0024109378010844815,-0.41824299698025996,-1.0406687810474147,-0.9487023193067241,0.03358215956568158,0,0,1,1,0,train
c4a9cbc5-a7f8-4d91-8513-867ab86609e7,3,2,-1,0.13654673208924278,0.13167352212817715,-0.06640105719069218,0.17068132001007433,-0.12775582224494622,0.09386393706812969,0.06701815465384878,-0.07929416972647005,0.21287855088252153,-1.017304741418719,-0.10049946686155697,0.31160047590518675,0.20011795643907881,0.20339967794151315,-0.008840442374307813,-0.002286000912410812,-0.06401509823084257,-0.018599088161296583,0.04571224161803247,-0.2546088218213076,-0.27099094650646655,-0.3075633207719324,0.033582157816351176,0,0,1,1,0,train
c4a9cbc5-a7f8-4d91-8513-867ab86609e7,4,3,-1,0.15541011138393568,0.12596940947748797,-0.10363089634202362,-0.9708532617942325,-0.5371977096525861,0.11263297457170496,0.062298842974499925,-0.11425727708970125,-0.06806171491758442,-1.4788064907110785,-0.46060338909176374,0.23024439400419308,0.19892196207907112,0.20621447594952383,-0.025883267934612753,-0.0022860527992731292,-0.07342153401459886,-0.13685980265919453,0.23162655845975155,3.540641077624621,-2.0476733871922947,-1.7758113452356763,0.033582157047753844,0,0,0,0,0,train
c4a9cbc5-a7f8-4d91-8513-867ab86609e7,5,4,-1,0.14479435144074376,0.1426771156731313,-0.0668300693913483,1.182549037904716,-0.48679167988676275,0.09938352705816932,0.08541278635953872,-0.0687158873542391,-0.6090637941341442,-0.2671034456825656,0.2342301913384116,0.3217699861428073,0.20168494393793207,0.20501132459306387,-0.008990097412257803,-0.002286001378767604,-0.06252885462462417,0.030641799643399758,0.10199063460219221,-0.24325110344487058,-0.2835403399084269,-0.31827049290863557,0.03358215551411179,1,1,0,0,0,train
c4a9cbc5-a7f8-4d91-8513-867ab86609e7,6,5,-1,0.16167602312732707,0.1442256431122738,-0.09233624803129176,0.36196853580201194,-0.028497363102225826,0.12719180499697466,0.08665616472939058,-0.11183316831251722,0.44811827796648457,-0.135544075191005,0.3731570301399777,0.2505834144794432,0.20235067230243461,0.20779084051932742,-0.017939194085267358,-0.002286028624847244,-0.07528082476597808,0.15170840822143242,0.28560380702644866,-0.24006840437119736,-0.5642462266105017,-0.5551138286181176,0.03358215703924968,1,1,0,0,0,train
c4a9cbc5-a7f8-4d91-8513-867ab86609e7,7,6,-1,0.1702208986200445,0.14614294886106874,-0.10391556798918797,1.6839027007982776,0.40881551135431354,0.13227614978515653,0.088472418170389,-0.11804106226434427,1.047308773213943,0.08319947784344311,0.37632044961933026,0.09804076091508314,0.20235067230243461,0.20846055269487643,-0.020779893842318105,-0.002286037267701785,-0.07810914634861171,0.24377823382044878,0.4183155170643053,-0.24104695480243127,-0.7421343075320542,-0.7030129506968508,0.03358215797989372,0,0,1,1,0,train
c4a9cbc5-a7f8-4d91-8513-867ab86609e7,8,7,-1,0.17312657740043513,0.1461190465632209,-0.10864673057586301,-1.2551117950478397,-0.49027121804782664,0.1342262428124745,0.08848531246459489,-0.12114306684540428,1.0270484313547148,-0.5636339588986528,0.38751352163077035,-0.2680616076393715,0.20177761178180675,0.20846055269487643,-0.023225174783500988,-0.002286044706573533,-0.07867986389339958,0.4820527675707412,0.5192413143724638,-0.10250369023562263,0.1310392813087082,0.04270935908486404,0.033582157812938725,0,0,1,1,0,train
c4a9cbc5-a7f8-4d91-8513-867ab86609e7,9,8,-1,0.17268688602488583,0.14623514343848185,-0.1077987298240988,1.7826935215646769,0.6084241966285509,0.1337934291480573,0.08854425780953601,-0.1203894176422413,0.32943796948678505,-0.2597945018720942,0.34789717912390394,-0.19687503597600736,0.2020440318329465,0.2078840629004575,-0.01964306474669799,-0.0022860338089484705,-0.07582776241306646,0.8220647493852278,0.7804348937076996,0.007470041363650599,0.6899446090148236,0.5616248285048264,0.03358215652766531,0,0,0,0,0,train
c4a9cbc5-a7f8-4d91-8513-867ab86609e7,10,9,-1,0.17321327710828993,0.1462385580524601,-0.10864673057586301,-1.5354340864964362,0.08340711831144536,0.13429189432336924,0.0885424157675066,-0.12118774192703508,0.3385628900154784,1.7746763516352566,0.3776860458878071,-2.2511161039760452,0.20096322875108857,0.20815207724620644,-0.025391740378777006,-0.0022860512983530054,-0.07876606602256025,1.4271470017236914,1.153151797814888,0.19062145655873725,1.8797440409292208,1.913625163439861,0.033582157230865085,0,0,1,1,0,train
dfdd8784-0ee9-4f57-944f-f3593ec6cd24,1,0,-1,0.12975195212793714,0.09558958891287755,-0.09777307554614885,-1.342621252129243,-0.5315819226953072,0.1064520063978368,0.048039595624835806,-0.11941822021548487,-0.07076316573614394,-1.306526435293329,-0.23884487344494257,0.31160047590518,0.19614385734291115,0.20150577463598526,-0.017764825371325628,-0.0022860280836984187,-0.07541607293414396,-2.319079190802952,-2.391060376372002,-0.8782152267071464,-0.7376589005209012,-0.7029967997513143,0.0335821569671148,1,1,0,0,0,train
dfdd8784-0ee9-4f57-944f-f3593ec6cd24,2,1,-1,0.13487838199666555,0.1323001037931885,-0.06296495012562395,0.39631952951621596,-0.22237651972499353,0.10331897040569316,0.07460368373095985,-0.08640139249547354,-0.07904563752562704,-1.4652329105931492,-0.35331944314912744,0.31160047590518675,0.20135095358396704,0.20221659529210204,0.0014390738562571675,-0.0022859695968176965,-0.05450611163825721,-2.1780419259870705,-2.2901311079645015,-0.8090077694858793,-0.43780680485623785,-0.4532527867552513,0.03358215741857244,0,0,0,0,0,train
dfdd8784-0ee9-4f57-944f-f3593ec6cd24,3,2,-1,0.15848051960925041,0.1427368714177509,-0.08891216934568118,0.605107063650769,0.6515242085126582,0.12072999424872344,0.08738008724694878,-0.1007459784886659,-0.4848928644266106,-0.3871773152621005,0.3042348980401245,0.33193949638043235,0.2027383971353131,0.20745485152067114,-0.014859595460296443,-0.002286019254025969,-0.07216565816734431,-1.9188498651884265,-2.1355278130294364,-0.6983874280936154,0.25511412606635914,0.1493999491668089,0.033582157791582946,1,2,1,1,0,train
dfdd8784-0ee9-4f57-944f-f3593ec6cd24,4,3,-1,0.16938238858836313,0.14109785670818442,-0.10848234272327514,0.04618395190723741,-0.5024377994030614,0.13101418185351313,0.0866045875525671,-0.11799444478785996,-0.26448934803121754,-0.2665812982517499,0.35839708223081584,0.3827870475685486,0.20265924335200347,0.2088505977270352,-0.021117647414205243,-0.0022860382951194855,-0.0786412215596379,-1.7139913775655744,-1.8514047007952874,-0.6647693469701147,-0.06005512865771178,-0.12773037173518362,0.03358215763129091,1,1,1,1,0,train
dfdd8784-0ee9-4f57-944f-f3593ec6cd24,5,4,-1,0.16819955685977273,0.14166297532158703,-0.10590426005951917,-0.7375258345641146,-0.534961992066174,0.13012788645643406,0.08685142118450806,-0.11631815802927838,-0.31520270434768366,0.3980021016477203,0.3721989047815951,0.4031260680437987,0.2027483717990635,0.2087709702764866,-0.020399577828445193,-0.002286036110795688,-0.0782696606580833,-1.5464356487931232,-1.626841375469506,-0.6387854755594922,-0.2819816936097471,-0.3179944189255714,0.033582157012888504,1,1,1,1,0,train
dfdd8784-0ee9-4f57-944f-f3593ec6cd24,6,5,-1,0.16803854311661384,0.14412661930690415,-0.10275081991170568,0.058206384707382715,-0.5188100520028678,0.13212296292640213,0.0868053701337728,-0.11955418785523077,-0.2486322218109078,-0.49472182470945814,0.38672132859702385,0.4234650885190466,0.20264025931454302,0.20886063208055963,-0.02124121579416395,-0.0022860386710014343,-0.07866351521373117,-1.322707994790094,-1.4431688702824224,-0.5602640401718749,0.048334394485584985,-0.0314875180363686,0.0335821558986811,0,0,0,0,0,train
dfdd8784-0ee9-4f57-944f-f3593ec6cd24,7,6,-1,0.16910371095597274,0.14287516328387057,-0.10594435465771133,0.03820227146797238,-0.1195365431651766,0.12994308961095258,0.08686615752074335,-0.11600737485271632,0.864954220665355,-0.4346848899196907,0.2964193517333738,0.3319394963804301,0.2024935352284081,0.2087518726359079,-0.021405973634108896,-0.002286039172218055,-0.0783826151721559,-1.0156554383632572,-1.197921399536906,-0.4607284774070052,0.5149724036100994,0.3935141079955713,0.033582157740417756,0,0,1,1,0,train
dfdd8784-0ee9-4f57-944f-f3593ec6cd24,8,7,-1,0.16833208355606508,0.14016566709211847,-0.10787691429057351,-1.1840111647056026,-0.5024963297180047,0.13270896344957375,0.08658248304821418,-0.12072545195189902,0.38442384496339327,-0.6560386199977432,0.33075329221200667,0.362448027093303,0.20246328947381012,0.20860427053245195,-0.02090895415027498,-0.002286037660310098,-0.07881362581795924,-0.8104622219628842,-0.8613342074653931,-0.4383767750684475,-0.060251392132062404,-0.1260230757097705,0.0335821577467497,0,0,1,1,0,train
dfdd8784-0ee9-4f57-944f-f3593ec6cd24,9,8,-1,0.16441449532828348,0.13759275545949692,-0.10455708156026254,-0.9261932798321784,-0.5303188018985142,0.13202570142878028,0.08617170767565571,-0.12006698009655817,0.46618375750774865,0.5848997646311755,0.3761284230984812,0.4438041089942922,0.20246007184034223,0.20857384378305532,-0.020793623662313517,-0.002286037309468849,-0.07876309353534781,-0.6887918787005349,-0.6364039566183184,-0.450683004215387,-0.5604706263331704,-0.5520344584051005,0.03358215669698478,0,0,0,0,0,train
dfdd8784-0ee9-4f57-944f-f3593ec6cd24,10,9,-1,0.16577072647258345,0.1456785613600249,-0.09725785995937956,1.0468479082803122,0.43373196605472186,0.13254483467233688,0.08854794189359483,-0.11839069333797658,-0.026618395555352045,0.04456691588178867,0.1191782039077713,0.36244802709330526,0.20270139435043258,0.20857060689482165,-0.019750157342662205,-0.002286034135169071,-0.07761868595855964,-0.5748298539010681,-0.5030304401310544,-0.4277493968110148,-0.6076095533963827,-0.5913510106650048,0.03358215721129521,0,0,1,1,0,train
dfdd8784-0ee9-4f57-944f-f3593ec6cd24,11,10,-1,0.1729358380431546,0.14579807284926413,-0.10871489139278968,0.6354500563417206,-0.23903560872240995,0.13431256239161388,0.08855899414577129,-0.12120328108586317,1.0624960545884137,-0.4346848899196907,0.23453127821779163,0.4234650885190421,0.20269270674006934,0.20881337351234786,-0.020816964356305718,-0.0022860373804678754,-0.07876160729174159,-0.4859610064655135,-0.37810668643751855,-0.4274662104136592,-0.7618327882217036,-0.7193396535766767,0.033582157245507824,0,0,1,1,0,train
dfdd8784-0ee9-4f57-944f-f3593ec6cd24,12,11,-1,0.1725184408781965,0.14602855929279693,-0.10776865887545467,1.2469509541619859,0.7553831973214968,0.13426150010536242,0.08855531006171247,-0.12112558529172267,0.10119780388797865,-1.0183488806941077,0.37478557561644643,0.4336345987566694,0.20267179212252817,0.2088046339141169,-0.020869137672288283,-0.0022860375391762083,-0.07877498348419756,-0.31863938696256344,-0.28068976156624703,-0.3310576214578686,-0.2845824364559184,-0.3191885015744904,0.03358215727168478,0,0,0,0,1,train
dfdd8784-0ee9-4f57-944f-f3593ec6cd24,13,12,-1,0.17294946228296035,0.14603880313473172,-0.10845427650454063,-0.3424577771342922,-0.23071353291762142,0.13431377816033416,0.08854057372547719,-0.12122464742925182,-0.44021947019882357,-0.9160249742719472,0.3824980833022537,0.4031260680437987,0.20265666924522918,0.20878359414059797,-0.020844423996296543,-0.0022860374639994264,-0.07876457977895403,-0.1169043841128415,-0.09727388404765226,-0.2655442416785809,-0.0807225220124554,-0.14366181682364573,0.033582157065944473,0,0,0,0,1,train
dfdd8784-0ee9-4f57-944f-f3593ec6cd24,14,13,-1,0.17290982813079814,0.14591758433850335,-0.10853246097101535,0.21427357471682948,0.8824440367897994,0.13430040470441115,0.08859215090230067,-0.12114889402996482,0.9514540331968597,-0.8821655493012153,0.38860077980630925,0.23024439400419308,0.202655382191842,0.20876838076589968,-0.020785385770316273,-0.002286037284407978,-0.07876309353534781,0.4791468306457663,0.12386551613156714,-0.04815792629036037,1.8460732391860528,1.8675620353167408,0.03358215730899805,0,0,0,0,1,train
e20b03a0-6de5-43ea-907d-6e15e7dd99ca,1,0,-1,0.17320956140652471,0.1462385580524601,-0.10864071638613418,0.03307612631865491,-0.4305955500947104,0.13428703124848815,0.08857557252403599,-0.1211450092402578,0.15379973884862277,-1.3972344984285634,-0.7541952124210657,0.16922733257844724,0.20280532391144482,0.2089169539358257,-0.020775774896319484,-0.002286037255172395,-0.07875863480452916,0.7064598533571858,0.8409800301831983,-0.0726968414829935,-0.27356065135071167,-0.3097371818919998,0.033582157632390426,0,0,0,0,1,train
e20b03a0-6de5-43ea-907d-6e15e7dd99ca,2,1,-1,0.17321203854103487,0.14623343613149273,-0.10865074003568222,-0.4764715398981763,-0.034231499306163295,0.13431742546649497,0.08856452027185951,-0.12120522348071669,3.6848852372691097,1.352851179110946,0.288283315170572,-3.939254803421613,0.20280468038475125,0.2089179250022958,-0.02078263980631719,-0.0022860372760546126,-0.07876309353534781,1.2953683758267456,1.0264271491208476,0.15633549458601856,1.819048423281092,1.8311304794578307,0.033582156922526196,0,0,0,0,1,train
bf8de6c2-4468-4453-9067-4e0041202883,1,0,-1,0.15523423483371596,0.12794305635692427,-0.10102875691935234,-1.1297405999462926,-0.5353848888611242,0.11966011777488315,0.06998568436322855,-0.11737870561929639,-0.18931338871475584,0.4987597524809251,0.23756824120780456,0.2810919451923161,0.1995587317423628,0.20411632499645055,-0.014266467236494643,-0.0022860174371223726,-0.06698758544327939,-0.37963196214180817,-0.4421618140632802,-0.3143679242726789,0.21855407924024114,0.1210424537823314,0.03358215493958783,1,1,0,0,0,train
bf8de6c2-4468-4453-9067-4e0041202883,2,1,-1,0.152033777046619,0.14313125933224033,-0.07801445755705172,0.5409664851218303,0.06993404037251305,0.10606296040734942,0.08287997856909973,-0.08205819760301883,-0.010158906479143316,0.30246492937071845,0.005760114609233127,0.1895663530537064,0.20202987424568786,0.20565190477450973,-0.010235392085841673,-0.002286005173316906,-0.06542554341314384,-0.30272202306851803,-0.16413318610229677,-0.39457057393497086,-0.8357328712750915,-0.7803364906768087,0.03358215751018912,1,2,1,1,0,train
bf8de6c2-4468-4453-9067-4e0041202883,3,2,-1,0.166684789106824,0.14148200078073905,-0.10366497675048696,-1.1354044222351751,-0.32351259365604956,0.12258282577841956,0.07818645547816262,-0.11340068095930209,0.36617790140590384,0.03360368686957289,0.04218961976835076,0.26075292471706596,0.20043971978586594,0.20813783493797824,-0.02756517088405073,-0.0022860579106491357,-0.07727684992912941,-0.08491408310176637,-0.07982546778750689,-0.251630220134156,0.013075459617396623,-0.06168122985454507,0.033582159048942274,1,1,0,0,0,train
bf8de6c2-4468-4453-9067-4e0041202883,4,3,-1,0.15848299674376054,0.13813226446806257,-0.09432293537171335,0.11760441252086322,-0.4490558391090902,0.07682250691606242,0.07564812156163542,-0.04296750117607284,0.6962420694917226,1.0296958145105433,0.26018655666878443,0.09804076091507863,0.20160257252115457,0.2065381647728921,-0.0158179368959762,-0.002286022167419373,-0.07250006297874345,0.2061491445806813,0.15893288608328388,-0.15754864465174942,0.42717568588594584,0.3119599685024184,0.033582157397548475,0,0,1,1,0,train
bf8de6c2-4468-4453-9067-4e0041202883,5,4,-1,0.16243402628742898,0.14296906516827282,-0.09503862394944344,0.8186125849975597,-0.25649436817676907,0.11933672329529052,0.08391336414759884,-0.10217558110085136,0.4465689802037888,0.9184967086889556,0.25822815378890607,-0.34941768954037195,0.20216951953819348,0.20770797618054512,-0.018360699559126507,-0.002286029907169124,-0.0755082200377295,0.3506440412198364,0.47799277492107645,-0.17505975760126682,-0.42190552885138344,-0.43561701276253945,0.03358215808055665,0,0,1,1,0,train
bf8de6c2-4468-4453-9067-4e0041202883,6,5,-1,0.1697527201976286,0.14623514343848185,-0.10304952466823727,1.066703518879246,0.9166949468979251,0.12958322206975176,0.0884889965486537,-0.1137211761101317,0.8370037831362208,0.3729432569143716,-0.41439792750015453,-0.7358590785700722,0.20266439156555205,0.20827831588732007,-0.018668247527023736,-0.002286030843575631,-0.07608488255694225,0.6987689276094657,0.6363862828416832,-0.021999309347445397,0.7323211229442423,0.6030049866085884,0.03358215765006047,0,0,1,1,0,train
bf8de6c2-4468-4453-9067-4e0041202883,7,6,-1,0.17322442421358555,0.14624026535944926,-0.10866276841513987,-0.9938804244425871,-0.15595623565146194,0.1342359689622367,0.08851478513706544,-0.12112752768657618,1.4178570851149621,2.697679912454473,-1.8115808859517843,-1.000266344748292,0.20236000343949145,0.2087761492976605,-0.022078734813884084,-0.0022860412187201053,-0.07876309353534781,1.2089130424382448,1.0179964520050842,0.12785423744176513,1.5011923435699248,1.4293898191386172,0.033582156594282424,0,0,1,1,0,train
df3ab73e-9956-4038-9a0b-c0a2aa1625b8,1,0,-1,0.1732070842720146,0.146236850745471,-0.10863871165622457,-1.553001875608922,-0.030390472643618695,0.1343076993167328,0.08855346801968306,-0.12120133869100966,-0.32912182758284253,-1.3743943368553893,-1.3252372569351305,0.19973586329132018,0.2026910979233354,0.20884023968468743,-0.020937786772265345,-0.0022860377479995684,-0.07876309353534781,2.3238326460251337,2.035191026371747,0.4215633508818107,2.1962239147060556,2.3830938812949687,0.03358215737462081,0,0,0,0,1,train
dcaf313b-05d7-44a2-9c4f-80350f2a25cf,1,0,-1,0.1715251099396316,0.14558807408960092,-0.10667808580462788,0.4235065046106969,-0.013551912046042747,0.13323295976801142,0.08799901336883059,-0.12006892249141167,-0.07366929775363193,-1.3968429500899486,0.23180209292670045,0.34210900661805516,0.2026457292914384,0.2084466340754716,-0.019461831122758552,-0.0022860332579683887,-0.07719362028718117,0.20587058681579104,0.3797212182619223,-0.2532399347319802,-0.7587784946227436,-0.7167838652705668,0.0335821563661254,0,0,0,0,0,train
dcaf313b-05d7-44a2-9c4f-80350f2a25cf,2,1,-1,0.17248499956230967,0.14589197473366639,-0.1078749095606639,0.5279330230156012,0.01194568878821545,0.13365969458882726,0.08823295270656568,-0.12050401893859855,-0.18800953807210669,-0.89775280144926,0.12274307255963052,0.3827870475685486,0.20271876957115909,0.20875737534590513,-0.020468226928422255,-0.0022860363196211247,-0.07836180776166884,0.34502310274465847,0.4776874233649611,-0.17963572359335953,-0.45424286427071686,-0.462866015434101,0.033582157236248786,0,0,1,1,0,train
dcaf313b-05d7-44a2-9c4f-80350f2a25cf,3,2,-1,0.1729123052653083,0.14591075511054682,-0.10854448935047299,-1.2276163460961302,-0.47135199451303894,0.13397457868737797,0.088216374328301,-0.12102458075934,-0.3173092460648819,-0.3850890989458205,0.3768195847571469,0.4132955782814193,0.20270750785402153,0.20883085270880974,-0.02082794821230205,-0.002286037413879591,-0.07870810252191773,0.5666738150345461,0.6302246800197322,-0.08664555083829328,0.03532087247701864,-0.04208103305507425,0.0335821568837846,0,0,1,1,0,train
dcaf313b-05d7-44a2-9c4f-80350f2a25cf,4,3,-1,0.1727661543292102,0.1462385580524601,-0.1079230230784945,1.856898855335697,0.4080509549060977,0.13382382336606413,0.08856452027185951,-0.12041661117019048,-0.43824801139569103,1.0270854507634475,0.07835684480143071,0.40312606804379647,0.20279663630108158,0.20881952359999187,-0.020399577828445193,-0.002286036110806026,-0.07834694532560665,0.7619098669852772,0.8731954331001763,-0.04735901733882257,-0.11895568221429148,-0.17680994684514176,0.03358215723775619,0,0,0,0,0,train
dcaf313b-05d7-44a2-9c4f-80350f2a25cf,5,4,-1,0.17322318564633046,0.14624197266643837,-0.10865875895532065,0.591412293713536,-0.297129859698106,0.13432593584753688,0.08858294069215362,-0.12119939629615616,0.18689757080068897,0.8464523122598381,0.18628913115766527,0.40312606804379647,0.20279438395765406,0.2089091854040649,-0.020789504716314897,-0.0022860372969368764,-0.07876309353534781,0.9661969421343195,1.0872107641625077,0.007478055906452628,-0.0658066209665602,-0.13064488136483718,0.033582157026308956,0,0,1,1,0,train
dcaf313b-05d7-44a2-9c4f-80350f2a25cf,6,5,-1,0.17322566278084062,0.1462385580524601,-0.10866677787495908,-0.7466779266751108,-0.1810559520355114,0.13432472007881663,0.08857004639794774,-0.12121105066527722,-0.11734020414702506,1.86238268160896,0.3255123732649321,0.4438041089942899,0.2027583464628139,0.2089069195823013,-0.02093366782626672,-0.0022860377354643074,-0.07876309353534781,1.4646029083463274,1.3111477142438932,0.19090828881209831,1.450641918406433,1.3695189749657837,0.03358215728217672,0,0,0,0,1,train
76a076c3-94dd-44d5-b7bb-ffd9ab279b39,1,0,-1,0.12365696266574518,0.14345394035318623,-0.031705196645105335,1.7381032483571968,0.9262865334594943,0.09759391550192739,0.08519358335803891,-0.06608782711743623,-0.10229749922537648,-1.3993372309412961,-0.0064593291199156865,-0.023993361936399473,0.202601004186235,0.19865537085740406,0.021878656883427043,-0.002285907259930464,-0.03202073211977895,-0.1453526971491807,0.11560314280153931,3.7298278310778983,-1.4450693098475027,-1.2792753664194185,0.033582157714037615,1,2,0,0,0,train
76a076c3-94dd-44d5-b7bb-ffd9ab279b39,2,1,-1,0.17066306713010393,0.1434471111252297,-0.10779672509418918,-0.7927804816813402,-0.49617470502850886,0.13092664650565347,0.08574619596686196,-0.11875974836014402,0.5707574314897552,-0.9381835047361299,0.3855129665877788,0.32176998614280955,0.20246522005389084,0.20871238259945696,-0.021359292246124494,-0.0022860390302274687,-0.0786248728799695,-0.10963360026285365,0.09268082932908352,-0.418277378246925,-1.0916316316257613,-0.9904318451009207,0.03358215695895174,1,1,1,1,0,train
76a076c3-94dd-44d5-b7bb-ffd9ab279b39,3,2,-1,0.16995460666020476,0.14294857748440323,-0.10723540071949893,-0.9302230403057725,-0.5235369410085912,0.1303029571521534,0.08489701459130387,-0.11865874382776136,1.0142073012661144,-0.6365483935974726,0.3428509630254951,0.18956635305369962,0.20066849352543156,0.20857578591599554,-0.02844662532775618,-0.002286060590429656,-0.07823696329874649,-0.020160755669103962,0.13183565892635424,-0.3099031976887109,-0.758137795335108,-0.7162589446063143,0.033582155880930345,0,0,1,1,0,train
76a076c3-94dd-44d5-b7bb-ffd9ab279b39,4,3,-1,0.16821813536859875,0.14324052697954476,-0.10408196057168544,0.11055255601630361,-0.39604177701660537,0.12846106754093972,0.0843572962766867,-0.11628513731676865,0.6344039758700835,0.3994522898995519,0.2522197978403896,-0.20704454621362792,0.20180946635313868,0.20676830752630698,-0.015911299671945003,-0.0022860224521701247,-0.07294593606060897,0.06800861264934252,0.2299146779676331,-0.289081255872532,-0.7661808024257367,-0.7229073716717344,0.03358215695021259,1,1,1,1,0,train
76a076c3-94dd-44d5-b7bb-ffd9ab279b39,5,4,-1,0.17030016692436886,0.14359564683328416,-0.10703492772853812,-0.8641971287830504,-0.2831511771911881,0.1294045040678716,0.08475333531300988,-0.11737482082958936,0.8161028876548735,-0.009495320481209064,-0.8953146327864723,-0.7358590785700699,0.20103916490093032,0.20791610809397096,-0.024066812749219745,-0.002286047267951547,-0.07747897905957511,0.09791437313538741,0.3265648425335033,-0.38334070611725296,-1.127873217773087,-1.0200829740062294,0.03358215699087064,0,0,1,1,0,train
76a076c3-94dd-44d5-b7bb-ffd9ab279b39,6,5,-1,0.1697254717180171,0.1457110001928184,-0.10362087269247558,-0.04955830256901769,-0.16834505245319858,0.12886713429351093,0.08800269745288941,-0.11308989778274003,1.2345291652378303,-0.6498899761515301,-1.7645169922129649,-0.4409432816789794,0.20174736602720877,0.20714119705082726,-0.01775796046132792,-0.0022860280723421555,-0.07340221284771802,0.28671132512405934,0.35934716509709846,-0.16935425401785448,-0.15693354681581698,-0.2096528050358217,0.03358215697422277,0,0,0,0,0,train
76a076c3-94dd-44d5-b7bb-ffd9ab279b39,7,6,-1,0.1724639439189735,0.1455163671960574,-0.10828186973231434,-0.6574231850209701,-0.13861641793459986,0.13381409721630194,0.08805980075580114,-0.1209332882012249,1.4449906142403626,-0.2386219525457438,-1.3975282166742689,-0.4511127919166044,0.20172516435628046,0.20785363615106087,-0.02087462960028645,-0.002286037555932928,-0.07842720248034245,0.5048888037043736,0.5663040348949534,-0.10335958082712883,0.015186361258841319,-0.05979638502332169,0.03358215727199619,0,0,0,0,0,train
76a076c3-94dd-44d5-b7bb-ffd9ab279b39,8,7,-1,0.17208370377166748,0.14624026535944926,-0.10681641216839084,0.24849109551398896,2.2452379631582446,0.13314785595759232,0.08857188843997715,-0.11932887005222328,1.9312553347828652,-0.5582392859850179,-0.011288093583216731,-0.6646725069067125,0.2011447032786765,0.20783130162224844,-0.023256753369490436,-0.002286044803513156,-0.07877201099698512,0.9473595742466889,0.8054674723962095,0.05467149496967783,1.198513880595707,1.084219521614826,0.03358215812112623,0,0,1,1,0,train
76a076c3-94dd-44d5-b7bb-ffd9ab279b39,9,8,-1,0.17321327710828993,0.14624026535944926,-0.1086447258459534,-0.20657101920929277,0.07179801829185103,0.13423353742479613,0.08852399534721249,-0.12111393092260159,1.1389694369845869,1.5043981541037403,0.3705442651089135,-2.1189124708869196,0.20086541269366529,0.20724736698489205,-0.02197164221791987,-0.0022860408939701,-0.07876309353534781,1.4797275006646438,1.2904984259360577,0.19797301710163553,1.5946336861670303,1.5427431599440733,0.03358215758937781,0,0,1,1,0,train
ca288fb3-8b08-433f-9df9-f7f36a1e658a,1,0,-1,0.17316621155259732,0.14623002151751446,-0.10858057448884594,0.734322082479498,-0.31922474587716576,0.1342128693565515,0.08856820435591833,-0.12103429273360757,-0.06534543585008479,-0.023300923445774526,0.21511920348123167,0.34210900661805516,0.2027905227974926,0.20890335900524426,-0.02078126682431765,-0.0022860372718781826,-0.07871999247076748,1.1886079924318311,1.1982641714242048,0.09669746215818653,0.6126998570832812,0.4870416307372922,0.03358215723262527,0,0,0,0,0,train
ca288fb3-8b08-433f-9df9-f7f36a1e658a,2,1,-1,0.17320956140652471,0.14624197266643837,-0.10863670692631497,-1.5464455373088901,-0.23765743032698206,0.13430891508545306,0.08855899414577129,-0.12119745390130264,0.19027254300186852,2.5139143872419463,-0.8577430047315732,0.02685418925171452,0.2027332489217645,0.20890303531642088,-0.02102428463823644,-0.002286038011110646,-0.07876309353534781,1.8198910545376792,1.5549519403883285,0.2910681786828203,1.9748040756648713,2.0472633247887346,0.0335821574279503,0,0,1,1,0,train
2875fd14-6e50-4614-bc78-b617a9727c78,1,0,-1,0.17308570468101786,0.14624026535944926,-0.10843823866526377,2.011809317451463,0.9484849780960374,0.1340864294096431,0.0885608361878007,-0.12084005324825628,-0.5211169066019034,-1.3117470383185261,-1.4237970432772427,0.36244802709330526,0.20280242804132373,0.20888652718642908,-0.02065907142635848,-0.0022860369001726087,-0.07862933161078815,-0.4644937202440848,-0.36766991333524757,-0.41081824001790845,-0.6882690683954424,-0.6584070628957824,0.03358215719046223,1,1,0,0,0,train
2875fd14-6e50-4614-bc78-b617a9727c78,2,1,-1,0.17319717573397403,0.146236850745471,-0.1086226738169477,0.2569423987294436,-0.4111533879336608,0.13418612244470549,0.08858294069215362,-0.12097602088800218,-0.12435659767344011,-1.3935365557270911,-0.8480051859704698,0.31160047590518225,0.2028030715680173,0.2089150118028855,-0.020777147878319024,-0.002286037259348836,-0.07875268983010428,-0.43892825802150953,-0.25715758950179507,-0.533288656072456,-1.1549347875335558,-1.0422208195455616,0.03358215699102581,0,0,0,0,0,train
2875fd14-6e50-4614-bc78-b617a9727c78,3,2,-1,0.17322070851182034,0.14624367997342752,-0.10865274476559184,0.6451170847234323,0.25620995511200073,0.13432228854137607,0.08859030886027126,-0.12118579953218156,0.4947409469689925,-0.3859591372155229,0.3491510387060331,-0.07484091312452476,0.20280371509471087,0.20891565918053223,-0.020777147878319024,-0.002286037259348837,-0.07875863480452916,-0.3882645316208878,-0.22913304789353353,-0.4548637847165804,-0.998576010951902,-0.9142062311576221,0.03358215693482643,0,0,0,0,0,train
2875fd14-6e50-4614-bc78-b617a9727c78,4,3,-1,0.17322813991535074,0.14624367997342752,-0.10866477314504948,0.14885266564329933,-0.40903941313526,0.13434417237834098,0.08859583498635949,-0.12121493545498425,0.4617334726575618,-0.30358953983863807,0.3582445315452633,-0.5324688738176027,0.2028033933313641,0.20891630655817897,-0.02078126682431765,-0.002286037271878171,-0.07876309353534781,-0.33397695476841466,-0.17359610136064277,-0.43472916210822277,-0.9760460218871849,-0.8957226531427334,0.03358215803166285,1,1,1,1,0,train
2875fd14-6e50-4614-bc78-b617a9727c78,5,4,-1,0.17322690134809568,0.14624026535944926,-0.10866677787495908,-0.8801649200651295,-0.23294732265902726,0.13435025122194236,0.08859399294433008,-0.12122658982410534,0.44954870055797086,-0.7827254027719875,0.3753670078346269,-1.549419897579993,0.2028030715680173,0.20891598286935562,-0.02078126682431765,-0.002286037271878171,-0.07876309353534781,-0.18573066496838433,-0.11408673504962069,-0.3076349388677234,-0.3992168179513645,-0.41648289862763294,0.03358215701397163,0,0,1,1,0,train
2875fd14-6e50-4614-bc78-b617a9727c78,6,5,-1,0.17321946994456527,0.14624197266643837,-0.10865274476559184,1.0243717420226983,0.47979329649914254,0.13433566199729907,0.08860320315447713,-0.12119356911159561,1.0716569547417774,-0.0396588876061222,0.3887225527219696,-1.9358612866097025,0.20280274980467053,0.20891565918053223,-0.02078126682431765,-0.0022860372718781713,-0.07876309353534781,-0.06870483640534643,0.04841900337988966,-0.29836269947218275,-0.5889212371113416,-0.5757239706867564,0.0335821574211673,0,0,0,0,0,train
2875fd14-6e50-4614-bc78-b617a9727c78,7,6,-1,0.17322566278084062,0.14624367997342752,-0.10866076368523027,-0.2934943030565873,0.7004466804088975,0.13435025122194236,0.0885976770283889,-0.1212227050343983,0.12174693966958744,-0.8558139695937421,0.3888403111459049,-1.7324710818572102,0.20280210627797696,0.20891533549170888,-0.02078263980631719,-0.0022860372760546165,-0.07876160729174159,0.043533280292504556,0.17670126063984756,-0.27381019031573184,-0.6182198397147023,-0.6001438652019342,0.033582157276420575,0,0,1,1,0,train
2875fd14-6e50-4614-bc78-b617a9727c78,8,7,-1,0.17322690134809568,0.14624367997342752,-0.10866276841513987,0.9462992828450707,0.3239524209554032,0.13434417237834098,0.08859399294433008,-0.12121687784983777,-1.8193329054019078,-0.3186713234010946,0.3889333135375356,0.16922733257845401,0.20280210627797696,0.20891468811406214,-0.020779893842318105,-0.002286037267701727,-0.07876309353534781,0.25794237807227455,0.2997352877208956,-0.1667117099759127,-0.0067046010899003096,-0.07901714521807078,0.033582157243571165,0,0,1,1,0,train
2875fd14-6e50-4614-bc78-b617a9727c78,9,8,-1,0.17322690134809568,0.14624197266643837,-0.10866477314504948,-0.7588734817000109,0.09335623608144822,0.13434174084090045,0.08858846681824185,-0.12121882024469129,-3.5493212543312564,1.1314975112673908,0.3889326444555814,0.3827870475685486,0.20280210627797696,0.20891468811406214,-0.020779893842318105,-0.002286037267701727,-0.07876309353534781,0.7362281193958553,0.5347678730739995,0.005824203579842,1.362096014021902,1.2668950528852383,0.03358215719671664,0,0,0,0,1,train
179482b7-19f9-49e5-b643-f9339f34250c,1,0,-1,0.14701881823084675,0.1279823244176743,-0.08768527464100104,-0.20681351370227627,-0.23621753302309348,0.13122937291700146,0.08570014491612671,-0.11929196455000654,0.008542866367958219,-1.3279889351417498,-1.6238920234116956,0.20990537352894972,0.19115330783424295,0.19227772997057854,8.256764071045988e-05,-0.0022859736115981286,-0.051322577833737386,0.0426434632479781,0.3341214132616485,3.6375547286118364,-1.5158465083370143,-1.3371547642048973,0.03358215494989102,1,1,0,0,0,train
179482b7-19f9-49e5-b643-f9339f34250c,2,1,-1,0.15214524809957516,0.14470368906923067,-0.07634852700216742,0.9766936457847671,-0.37163526504346195,0.1300500772583366,0.08721430346430187,-0.11581119297251152,-0.8108030126426191,-0.7572025376281308,0.29642202806119056,0.39295655780617367,0.20235421169924928,0.19719618164165978,0.02701498254371068,-0.0022858915670515667,-0.02657364930298849,0.11080578490607475,0.298759881347603,-0.30182870523833716,-0.8899256949521479,-0.8249540241778178,0.0335821484306596,1,1,1,1,0,train
179482b7-19f9-49e5-b643-f9339f34250c,3,2,-1,0.17030264405887902,0.14437247151333912,-0.10612678507948567,-0.8438851305375163,-0.44142202574360906,0.1327381418988603,0.08761402658468387,-0.11968432831041613,-0.5384534286653432,-0.014716047975400468,0.2709808558355346,0.362448027093303,0.20203083953572823,0.20846411327193348,-0.022159740751857015,-0.002286041465377924,-0.07823250456792784,0.08763537568308942,0.3734785702878812,3.6607370303591584,-1.4591655241801218,-1.2907998638401144,0.03358215628041323,0,0,1,1,0,train
179482b7-19f9-49e5-b643-f9339f34250c,4,3,-1,0.1648071211481402,0.14392344977519747,-0.09775904243678159,0.7211674852888923,-0.15264663814533175,0.13149562626674124,0.08746113709624283,-0.11786041954296757,-0.6053766032928141,0.31418231601900387,0.3772892802889797,0.4031260680437987,0.2021617972178706,0.20813880600444834,-0.020221090168504836,-0.0022860355676455634,-0.0775265388549741,0.2391926042639247,0.34807945597902246,-0.19907808029826274,-0.3792720804513166,-0.3995953377112428,0.03358215451409371,1,1,1,1,0,train
179482b7-19f9-49e5-b643-f9339f34250c,5,4,-1,0.1695409251970119,0.1441129608509911,-0.10519859513133713,0.4387423820102765,-0.46607701577559657,0.1317995684468095,0.08703746742947849,-0.11879276907265374,-0.6853415568255573,0.7718555546349384,0.3163051364934916,0.4438041089942922,0.20180303108620296,0.20827054735555922,-0.022310768771806547,-0.0022860419249911054,-0.0779382283338966,0.42863440620135923,0.5142146043060445,-0.13343754946904526,-0.15312717567044073,-0.20636372495533412,0.03358215700296971,0,0,0,0,0,train
179482b7-19f9-49e5-b643-f9339f34250c,6,5,-1,0.16257398438725174,0.1448283224794373,-0.09308200755766596,1.3427593842861874,0.48755650219995605,0.13183847304585825,0.08825874129497743,-0.11756711792008713,-0.6957381655707785,0.9307942453193702,0.35201671671577656,0.32176998614280955,0.20143557734417206,0.2079096343175036,-0.02234783928579416,-0.0022860420380856343,-0.07621121326347081,0.8383174066736074,0.721878350594645,0.022926573077005366,1.0421940761051112,0.9169843351532279,0.033582158942229136,0,0,1,1,0,train
179482b7-19f9-49e5-b643-f9339f34250c,7,6,-1,0.1711200984472242,0.1446183237197741,-0.10716122571284342,-0.17497382974658302,-0.3379821105526791,0.1336803626570719,0.08829005600947741,-0.12047682541064937,-0.18984505052486,1.0305658527802455,0.3327197240753352,0.19973586329132242,0.2013670417513064,0.20753998168121698,-0.02107233900822038,-0.0022860381575100707,-0.0773333271861657,1.0740066927068248,1.1709677585222524,0.04538001246885539,0.11621801473908702,0.029523211228801728,0.03358215783910121,0,0,1,1,0,train
179482b7-19f9-49e5-b643-f9339f34250c,8,7,-1,0.17069031560971545,0.1462266069035362,-0.10457712885935863,1.2829621715048398,-0.054004624933594064,0.13387731718975615,0.08857188843997715,-0.12049430696433099,-0.016340145301943065,1.188344243500419,0.3589102680896702,0.4132955782814215,0.20254533912724082,0.20747103596183955,-0.015752033759998223,-0.0022860219694911827,-0.07303808316419451,1.284718256395574,1.429327421475141,0.08986867842531575,-0.028261616864295017,-0.09787654925312937,0.033582156774024506,0,0,1,1,0,train
179482b7-19f9-49e5-b643-f9339f34250c,9,8,-1,0.17319965286848418,0.14624026535944926,-0.1086226738169477,-1.4545372625816784,0.0756864953132784,0.13430648354801253,0.08855162597765365,-0.12120133869100966,0.12043816932675253,2.697679912454473,0.36869358442365774,0.29126145542993664,0.20174479192043449,0.20865638443301424,-0.024195873057176617,-0.002286047659192757,-0.07876309353534781,1.8406982256756403,1.6603068159616123,0.2907025536936348,1.6906715658226503,1.6631772236924165,0.033582159017112936,0,0,0,0,1,train
88ad2e71-a8d5-4fd2-92d0-3ebb23caaaf1,1,0,-1,0.1402438553456222,0.14459954334289363,-0.057207365825229575,1.7245103216205322,1.7414272193898437,0.10195974097642789,0.08708904460630197,-0.07106424273213613,-0.2973867987958544,-1.20420249775392,-0.18637011394268754,0.34210900661805516,0.20266889625240708,0.20065641516346686,0.013680581364166526,-0.002285932283444944,-0.04145094780123473,-1.5592477236405569,-1.5088879474843515,-0.7540457961002563,-1.0201883637540765,-0.9321774540294433,0.03358215862354832,1,2,0,0,0,train
88ad2e71-a8d5-4fd2-92d0-3ebb23caaaf1,2,1,-1,0.171984618391262,0.14466442100848065,-0.10850639948219044,-1.0022442972892718,-0.5283723873410957,0.13313205096422875,0.08729903739765474,-0.120645813762905,-0.5197493796429027,0.31812673844630995,0.2923700677466899,0.3827870475685486,0.20267243564922174,0.20878068094118765,-0.020764791040323152,-0.002286037221759708,-0.07869918506028042,-1.4767560857617568,-1.457213307325028,-0.6822284008460315,-0.8007642792632119,-0.7518668375556248,0.033582158925282594,1,1,0,0,0,train
88ad2e71-a8d5-4fd2-92d0-3ebb23caaaf1,3,2,-1,0.17180254900476694,0.14471734752514373,-0.10814955755828021,-1.036686703127334,-0.5082895048326469,0.13298494294907573,0.08713693769906664,-0.12058171473273907,-0.17221544296179042,-0.3495889236930832,0.20240932267967054,0.4132955782814193,0.2027583464628139,0.2087842415182447,-0.020413307648440605,-0.0022860361525639736,-0.07824736700399003,-1.2777582472696998,-1.3667870002259652,-0.5579470603855158,-0.09605013301962732,-0.15762282090388388,0.033582158057128206,0,0,0,0,0,train
88ad2e71-a8d5-4fd2-92d0-3ebb23caaaf1,4,3,-1,0.17172328070044254,0.14554709872186175,-0.10704695610799576,0.5791058664377967,-0.28754388394639696,0.13266519577564392,0.08812979835291872,-0.11902391406022177,0.37924469253963805,0.19178809544894077,0.27947418216186737,0.34210900661805516,0.20276156409628177,0.20887066643408406,-0.020766164022322696,-0.0022860372259369374,-0.0787214787143737,-1.1275318593195527,-1.1486480455603925,-0.5428940521778954,-0.386916504058257,-0.4063833376437847,0.03358215601294779,1,1,0,0,0,train
88ad2e71-a8d5-4fd2-92d0-3ebb23caaaf1,5,4,-1,0.17267821605410033,0.14572465864873146,-0.10838411095770435,-0.7193725644680747,-0.49396693495335803,0.13373628801820447,0.08806164279783055,-0.12080703253574655,1.0318949088968368,-0.3302727049467531,-0.23056766058980924,0.31160047590518675,0.2026708268324878,0.20887390332231773,-0.021167074766188725,-0.0022860384454682454,-0.07876012104813537,-0.9417060127140722,-0.9839717481746906,-0.4790568534358779,-0.17421104014397604,-0.22480703363060786,0.033582157048429505,1,1,1,1,0,train
88ad2e71-a8d5-4fd2-92d0-3ebb23caaaf1,6,5,-1,0.17269803313018145,0.14570246365787276,-0.10844224812508298,-1.2325292430239931,-0.25701492871143466,0.13393445831960898,0.0881611130674187,-0.12101875357477945,-0.15552282765865372,-1.0611578441710736,-0.20981006204339775,0.18956635305370187,0.20241502497179203,0.20878262307412787,-0.021871414531953362,-0.002286040588056767,-0.07879133216386597,-0.7789157727610861,-0.7802717671320193,-0.4488478330504321,-0.31159120414597985,-0.34230096400627774,0.03358215725261645,0,0,0,0,0,train
88ad2e71-a8d5-4fd2-92d0-3ebb23caaaf1,7,6,-1,0.17269431742841623,0.14602002275785125,-0.10806335417216706,1.0721110787755088,-0.49503758244510676,0.13365239997650563,0.08824768904280098,-0.12047682541064937,0.023627280862506813,0.07902292074188884,0.34549918940013075,0.3319394963804301,0.20260132594958177,0.20852529045955007,-0.019984937264583752,-0.002286034849366351,-0.07783567752506752,-0.7111579645549615,-0.60182313149762,-0.5087047388163023,-0.8923832506548254,-0.8270172594152924,0.033582157246045956,0,0,1,1,0,train
88ad2e71-a8d5-4fd2-92d0-3ebb23caaaf1,8,7,-1,0.17311047602611923,0.14613782694010136,-0.1085986170580324,-0.3109053403555327,-0.37604093982940695,0.13406089826651738,0.08847610225444782,-0.12088861311959409,0.9060078362278595,-1.0611578441710736,0.3839653800277656,0.3726175373309258,0.2023889621407023,0.20871270628828031,-0.0216860619620153,-0.0022860400242583952,-0.07875120358649806,-0.5979080880454362,-0.527547865170522,-0.4340880153070541,-0.6119645302444011,-0.5949833483263388,0.033582157237490626,0,0,1,1,0,train
88ad2e71-a8d5-4fd2-92d0-3ebb23caaaf1,9,8,-1,0.17311914599690473,0.1461566073169818,-0.10859059813839399,0.20721689524131784,-0.09213197297444076,0.13415086515181757,0.08849268063271253,-0.12101486878507244,-0.7876070332277072,-0.7902082297674052,0.3729991267987917,0.4132955782814215,0.20238735332396834,0.20849907166485726,-0.020786758752315813,-0.0022860372885856067,-0.07875863480452916,-0.3779856871858999,-0.40340475957202,-0.32450113599559827,0.025391328702144063,-0.05089634692670575,0.033582157329064825,0,0,1,1,0,train
88ad2e71-a8d5-4fd2-92d0-3ebb23caaaf1,10,9,-1,0.17316001871632197,0.14619246076375356,-0.10861465489730927,1.3621878815505786,-0.23923796945418405,0.1341994959006285,0.08856636231388892,-0.12101486878507244,1.371508352353631,-1.131636078362981,0.38634396637486756,0.40312606804379647,0.20239539740763804,0.2084974532207404,-0.020745569292329576,-0.002286037163282617,-0.07871999247076748,-0.2001474365102295,-0.16232855997823825,-0.29638658958766234,-0.22187575358905862,-0.2655480505356029,0.033582157165918065,0,0,1,1,0,train
88ad2e71-a8d5-4fd2-92d0-3ebb23caaaf1,11,10,-1,0.17319346003220884,0.14619758268472097,-0.10866276841513987,0.5239216571288937,0.750357397994131,0.1342712262551246,0.08864004399506534,-0.12105177428728918,0.47550525091455237,-1.3582104503627914,0.3887272362956488,0.32176998614280955,0.202390892720783,0.2085055454413246,-0.020799115590311685,-0.002286037326176424,-0.07876457977895403,0.015818749961522677,0.032615517786170466,-0.22697505587598515,0.002366384829586254,-0.07107515900844394,0.033582157245062305,0,0,0,0,1,train
88ad2e71-a8d5-4fd2-92d0-3ebb23caaaf1,12,11,-1,0.173178597225148,0.1461788023078405,-0.10866076368523027,-1.302866554091485,0.369589187734519,0.13426879471768405,0.08848347042256548,-0.12121299306013074,-0.6786820655762135,-1.4788064907110785,0.38800395870318266,0.11837978139033778,0.20233104473828062,0.20850101379779745,-0.02103526849423277,-0.002286038044579846,-0.07875863480452916,0.6532289767387882,0.269354964390454,-0.0015847255548241462,1.996478685075296,2.0785151459438693,0.03358215731883022,0,0,0,0,1,train
341871dd-b877-4684-935c-97a52f5f6179,1,0,-1,-12.730885130963214,-17.616709697591485,-0.07958817053609406,-1.560903715900054,-0.5410376229817366,-11.71594563558083,-17.86466878514169,-0.11972803219462018,0.01906077801012205,-0.3026034964663087,0.034545358441869616,0.32176998614280955,-3.18845775938964,-3.1604234515141294,-0.1998442062224817,-0.0022874723169003944,-0.07880024962550328,-1.1446006440964165,-1.2663120805263353,-0.5102539317598075,0.14443815780391087,0.054044771960090644,0.03358215552784996,1,1,0,0,0,train
341871dd-b877-4684-935c-97a52f5f6179,2,1,-1,-13.059968734933143,-3.1394549621547165,17.452340222820975,0.9634511134958732,-0.5381354130572104,-12.046073042346332,-11.086141084178253,7.555521889388185,0.11696458383785252,0.6867018347950059,-0.42118442576137977,0.4132955782814193,0.03244997229843335,-3.2026389478578223,13.723011566397036,-0.00217358949481027,15.250288066282618,-0.8486012423221536,-1.002682337680844,-0.4212771670683313,0.4546085474368648,0.3371370998805977,0.03358215745472029,0,0,1,1,0,train
341871dd-b877-4684-935c-97a52f5f6179,3,2,-1,-4.459154590707823,-0.3482880332705193,6.808571581301387,1.6557959963594562,1.3802888918966656,-8.915579222596786,-0.09533574573430469,14.143606613077864,-0.13481378035904235,0.4820537730126965,-0.2420925972505215,0.3726175373309258,0.11967905032238035,0.037543143291716,0.35143140728730315,-0.002284868152441249,0.4930542715211217,-0.7212483747766183,-0.6782114762184477,-0.45490945676521594,-0.5258150802270445,-0.5230505413518711,0.033582156474986385,0,0,1,1,0,train
341871dd-b877-4684-935c-97a52f5f6179,4,3,-1,-0.27392312621123527,0.12311649949864881,0.5879327616558334,1.2996552591046238,-0.18871203214144708,-0.10205597643515121,0.07921247288854409,0.2465794724525263,0.7618574863595218,0.13436133770277767,0.1959058460850625,0.26075292471706596,0.19894866843685444,0.12529421224039047,0.31746795156465246,-0.0022849922676194414,0.3038465429878813,-0.6899597307535965,-0.5386088473127318,-0.5765891220827488,-1.1192298756606738,-1.0130295273806496,0.033582157236463385,0,0,1,1,0,train
341871dd-b877-4684-935c-97a52f5f6179,5,4,-1,0.1557631030516302,0.13778226653529055,-0.09033151812168369,1.6004895303450248,0.34996547314316306,0.12401378556218093,0.0868956301932139,-0.10650323683447797,0.8402481087027116,0.689834221503923,0.30536096296900567,0.22007488376657253,0.19905066741778596,0.20503819076540344,-0.020344658548463547,-0.0022860359428232293,-0.07829641304299523,-0.5364301692713837,-0.50431062502145,-0.39279100311691567,-0.3673126194353503,-0.38953538365455176,0.03358215725498709,0,0,0,0,1,train
341871dd-b877-4684-935c-97a52f5f6179,6,5,-1,0.16930807455305902,0.14382613327681695,-0.10515850053314496,0.3435136056972399,-0.3139031156709863,0.13188710379466917,0.08853504759938896,-0.11735345448620071,2.0518807736902636,-0.30364754238995156,-0.4592016623977613,0.05736271996459195,0.19657791609772696,0.2051408001224112,-0.031331260508792244,-0.0022860693860068944,-0.07876606602256025,-0.1667241301317072,-0.3360134299072906,-0.23564329784162105,0.8434192186268241,0.7130804231661126,0.033582157207150354,0,0,0,0,1,train
341871dd-b877-4684-935c-97a52f5f6179,7,6,-1,0.17120060531880366,0.14395588860799097,-0.10806936836189589,0.8631633771405022,-0.2945873639413533,0.13313205096422875,0.0887063575081241,-0.11916182409482118,0.961262206150536,-1.1326801554038726,-0.3150031268792285,0.08787125067746035,0.19642250440122877,0.20265325151482586,-0.02144304414809651,-0.0022860392872543042,-0.07876160729174159,0.19810387311425107,0.0692537303925302,-0.14482686015595575,0.8184871019423379,0.6881998277334551,0.03358215717378421,0,0,0,0,1,train
341871dd-b877-4684-935c-97a52f5f6179,8,7,-1,0.17042650078438584,0.14231687389842448,-0.10874095288161459,-1.5164271750773497,0.24773525413171424,0.13438307697738971,0.08877635510524169,-0.12108673739465241,-0.8706992046494336,-1.4788064907110785,-7.386900971986809,-5.566376441441443,0.18156057717647864,0.20249690981313898,-0.0841965594191267,-0.0022862304017922056,-0.07876160729174159,0.9010724531857432,0.46917364843715786,0.0644929709524043,2.2147067489847614,2.4128978567487245,0.03358215726499898,0,0,0,0,1,train
7bda24b7-d6dc-487f-8e11-a9c970fd5e9d,1,0,-1,0.1570165331137595,0.1412429778022606,-0.08829671726343151,0.10506580966673548,-0.03791884179929593,0.11551069913259125,0.08168817737607136,-0.09840927747988995,0.23985343862260602,-0.4793500906249312,-0.06994048676839519,0.362448027093303,0.20178597762882322,0.2045753157479868,-0.006709574311019867,-0.0022859944332601543,-0.06351126164833452,-0.6863820684712225,-0.6777738952299697,-0.42611127312847336,-0.3174461763547418,-0.3472497612463535,0.033582156759569035,1,2,0,0,0,train
7bda24b7-d6dc-487f-8e11-a9c970fd5e9d,2,1,-1,0.169379911453853,0.14547539182831823,-0.10333820577522083,0.8442772958650415,-0.08271283521128578,0.12886227121862984,0.08666353289750822,-0.11449424926182981,0.09211411472720972,-0.13595009305019948,0.10850099408300228,0.4234650885190466,0.20260711768982395,0.20789247880986506,-0.017276043779488957,-0.002286026607406003,-0.07484238290214365,-0.5094734395740004,-0.5003888361400362,-0.3744824644165872,-0.2273516881364996,-0.2702896194536882,0.03358215806364429,0,0,1,1,0,train
7bda24b7-d6dc-487f-8e11-a9c970fd5e9d,3,2,-1,0.17242307119955624,0.14571612211378582,-0.10798116024587313,-0.22580009223292333,-0.41199895741629644,0.13268707961260884,0.08714062178312545,-0.1201019432039214,-0.532204326874584,0.37044889826990285,0.24004986617584995,0.362448027093303,0.20271523017434442,0.20871853268710094,-0.020318571890472262,-0.0022860358643653307,-0.07810320137418685,-0.44792923693230025,-0.30646379820300296,-0.45158702211415963,-0.9309612915006915,-0.8587099754171654,0.033582156698281955,1,1,0,0,0,train
7bda24b7-d6dc-487f-8e11-a9c970fd5e9d,4,3,-1,0.17257046070290938,0.14582026784012284,-0.1080974345806304,0.020014848007865262,-0.45888967517319346,0.1327612415045455,0.08725298634691948,-0.1201019432039214,-0.2217055407702385,0.3710289237830378,-0.5137733247444094,0.362448027093303,0.20271008196079582,0.2088272921317527,-0.020801861554310765,-0.0022860373345259433,-0.07846584481410412,-0.31671404024655286,-0.2389998089872482,-0.3508054362485121,-0.5023874967720245,-0.5033505943118892,0.03358215866029304,0,0,1,1,0,train
7bda24b7-d6dc-487f-8e11-a9c970fd5e9d,5,4,-1,0.1704215465153656,0.146146363475047,-0.10423632477472526,0.4825771312100151,0.8864151524941988,0.1304281813303415,0.08840610465733025,-0.11515854830173121,-0.1424539270364583,-0.2026578813514928,-0.09416794432917264,0.33193949638043235,0.20274225829547454,0.2088221131105788,-0.020642595642363985,-0.002286036850050056,-0.07844206491640464,-0.1366826926652336,-0.09516334293232202,-0.2794681337936972,-0.20884742486401073,-0.2543620818295647,0.033582156433250444,1,1,0,0,0,train
7bda24b7-d6dc-487f-8e11-a9c970fd5e9d,6,5,-1,0.17305597906689624,0.1461241684841883,-0.10852644678128652,-0.46709557220531384,-0.34174185478761526,0.13402199366746864,0.08841163078341847,-0.12089444030415464,0.3770344738406261,-0.5054531679854142,0.3004050729344109,0.34210900661805516,0.20274418887555526,0.20885448199291565,-0.02077165595032086,-0.002286037242642783,-0.07869175384224933,0.034498956303793016,0.10218478037400673,-0.24052264656000238,-0.26155560934651895,-0.299500284104163,0.03358215558669783,0,0,0,0,0,train
7bda24b7-d6dc-487f-8e11-a9c970fd5e9d,7,6,-1,0.17307331900846717,0.14605587620462301,-0.10863470219640536,-1.4523764944837145,-0.5155388105131485,0.1340912924845242,0.08826795150512448,-0.12115666360937886,0.979603157307768,-0.473549399852102,0.35944620273496664,0.3217699861428073,0.20269399379345648,0.20885642412585584,-0.020994079034246535,-0.002286037919234243,-0.07877349724059134,0.25344912206491255,0.28983197416763656,-0.16624795101256953,0.01967898484639126,-0.05585526659769195,0.03358215936574113,0,0,1,1,0,train
7bda24b7-d6dc-487f-8e11-a9c970fd5e9d,8,7,-1,0.1729507008502154,0.14624367997342752,-0.10821571364529727,1.4535926027092307,2.2875584812062963,0.13398552060586044,0.08858109865012422,-0.12065746813202607,0.3367910254170928,-0.003694691942876955,0.3774652488429284,0.19973586329132695,0.20274483240224883,0.2088059286694104,-0.020562962686390598,-0.0022860366078101156,-0.07850597339147203,0.5298718088747236,0.5298424217428793,-0.07981200792828579,0.3462883958120447,0.23728536948266812,0.03358215684445794,0,0,1,1,0,train
7bda24b7-d6dc-487f-8e11-a9c970fd5e9d,9,8,-1,0.17322813991535074,0.14624367997342752,-0.10866477314504948,-1.5676711853616165,1.1548868306458782,0.13432107277265581,0.0885608361878007,-0.12121493545498425,1.6518584282712943,2.697679912454473,0.33888799061090014,0.05736271996458743,0.20272681365482875,0.20885707150350258,-0.020856780834292415,-0.002286037501585171,-0.07876309353534781,1.3503065558809366,0.8328535318306303,0.18256054834440144,2.5473924599413382,3.012038215738593,0.03358216928013228,0,0,1,1,0,train
c3fab2da-7781-49e8-b137-e66c71266fcd,1,0,-1,0.16213305444444734,0.1354398413462018,-0.10339233348278026,-1.2035605446896114,-0.5079866209614718,0.12397974403801328,0.07664282425751691,-0.11726021953323211,-0.07335288069472816,-1.3854156228741037,0.27573936669364696,0.3014309656675617,0.20068683403619844,0.2059594091567096,-0.017270551851490793,-0.0022860265868946787,-0.07059469867557146,-0.18953407480571108,-0.12155048447049667,-0.3069222923274842,-0.3810884882533291,-0.40115367099298155,0.03358216126842368,1,1,0,0,0,train
c3fab2da-7781-49e8-b137-e66c71266fcd,2,1,-1,0.1624092549423276,0.14598758392505776,-0.09145416687106421,1.8376027093671987,1.8804883549453346,0.12427760737448018,0.08819611186597749,-0.10555340575111019,0.6080854731563715,-0.21425926289715125,-0.08623530868044087,0.39295655780617367,0.20275705940942676,0.20678675778923897,-0.011946127657270012,-0.0022860103859174198,-0.06911737253099036,0.005591516822584471,0.04424975283744055,-0.23737260526034068,-0.11957963194267604,-0.1773733536452884,0.03358215827261633,0,0,1,1,0,train
c3fab2da-7781-49e8-b137-e66c71266fcd,3,2,-1,0.17297423362806172,0.14620953383364488,-0.10829389811177198,0.7478533200528227,-0.35720355608744564,0.13394540023809143,0.08851110105300662,-0.12066718010629364,0.116498302550191,-0.20439808235989185,0.13656162215926423,0.34210900661805965,0.20279180985087975,0.20886937167879058,-0.020631611786367656,-0.00228603681664184,-0.07855501943047724,0.19625926567803093,0.25814399866864224,-0.19129645514192958,-0.14587788961750947,-0.20011073913203437,0.03358215176629524,1,1,1,1,0,train
c3fab2da-7781-49e8-b137-e66c71266fcd,4,3,-1,0.17316992725436253,0.14621294844762314,-0.10860663597767084,-0.6764460479958726,-0.4102300845819705,0.1342311058873556,0.08852399534721249,-0.12111004613289456,0.8933563129389213,-0.6812135943027131,0.2811468870473118,0.24041390424182266,0.2027879486907183,0.20890433007171436,-0.0207963696263126,-0.002286037317819171,-0.07875566231731672,0.3325666542493509,0.46715161271579264,-0.18450883107322688,-0.47149454280958103,-0.47737768863205404,0.03358215263904624,0,0,0,0,0,train
c3fab2da-7781-49e8-b137-e66c71266fcd,5,4,-1,0.1731872671959335,0.14623514343848185,-0.10860864070758046,0.5124957024571879,0.7677051302970871,0.13421408512527178,0.08856820435591833,-0.12103623512846107,0.4372195235635488,-0.10462635043002222,0.36654583135074703,0.33193949638043235,0.20278859221741188,0.20890044580583395,-0.020777147878319024,-0.0022860372593488157,-0.07871850622716126,0.5459259666948647,0.6165700761596988,-0.09475060345547921,-0.012824419046485042,-0.08437161262295419,0.03358215702509508,0,0,1,1,0,train
c3fab2da-7781-49e8-b137-e66c71266fcd,6,5,-1,0.1732182313773102,0.14624367997342752,-0.10864873530577261,-0.8037614892421925,0.21121988061635835,0.13432593584753688,0.08857557252403599,-0.1212071658755702,-0.022069424201651415,-0.7827254027719875,0.3863279084079673,0.3421090066180529,0.20275384177595887,0.20890109318348066,-0.020928175898268557,-0.002286037718758986,-0.07875268983010428,0.8048337381591759,0.8504518998906003,-0.015384235086798072,0.24824443446888578,0.147949921313906,0.03358215697718954,0,0,1,1,0,train
c3fab2da-7781-49e8-b137-e66c71266fcd,7,6,-1,0.1732293784826058,0.14624367997342752,-0.10866677787495908,-1.56491928786608,0.42213230408615043,0.13431499392905444,0.08855346801968306,-0.12121299306013074,1.443259887318542,0.609436710871697,-0.07086917252079394,-0.796876139995818,0.20267243564922174,0.2088661347905569,-0.02112725828820203,-0.002286038324351925,-0.07876309353534781,1.5918004458259964,1.134263377693522,0.24191019689323265,2.459859621662678,2.8413332916932363,0.0335821593523647,0,0,0,0,1,train
bb8c5498-11c5-4f7a-b7eb-d0426c7637e5,1,0,-1,0.17317240438887266,0.1462385580524601,-0.10858057448884594,0.9803458685787211,0.4855971776706782,0.13419220128830686,0.08858109865012422,-0.12098767525712326,-0.19203444463394848,-1.239963684487568,0.29413176053204,0.36244802709330526,0.20280403685805767,0.20890821433759477,-0.020744196310330035,-0.0022860371591140118,-0.07871999247076748,0.8913744231564324,1.0758327873350364,-0.04198533019411376,-0.4500590283599021,-0.4593383335485308,0.033582157522212656,1,1,0,0,0,train
bb8c5498-11c5-4f7a-b7eb-d0426c7637e5,2,1,-1,0.17322318564633046,0.14624367997342752,-0.10865675422541105,0.7239706408710586,-0.5410627140915091,0.13432593584753688,0.08859030886027126,-0.1211916267167421,0.04100081344523582,0.42084228655883077,-0.12134872963569081,0.32176998614280955,0.20280468038475125,0.20891663024700236,-0.020777147878319024,-0.002286037259348838,-0.07875714856092293,1.0923385354194777,1.2291281998664407,0.03789312681500154,-0.08528703219860438,-0.14759377165707518,0.033582158501369565,0,0,0,0,0,train
bb8c5498-11c5-4f7a-b7eb-d0426c7637e5,3,2,-1,0.17322813991535074,0.14624367997342752,-0.10866477314504948,-1.5677438664122425,7.628102095743478,0.13433566199729907,0.0885792566080948,-0.12121882024469129,3.960643954635145,-1.1238051427079367,-0.4959456360753425,-1.9155222661344478,0.20280435862140445,0.2089172776246491,-0.02078126682431765,-0.00228603727187817,-0.07876309353534781,1.9953514090323832,1.449422559375804,0.3473353578529941,2.7405286374756286,3.4332308851762505,0.03358215716792086,0,0,1,1,0,train
b25a4a1e-652b-42f6-8db4-5f16502df466,1,0,-1,0.173124100265925,0.14617538769386224,-0.10857656502902673,-0.018398657517560753,0.16318161290177463,0.13414721784565675,0.08854425780953601,-0.12095465454461353,-0.032849122525597296,-1.3192879145411303,0.25495500486906836,0.34210900661805516,0.20279245337757335,0.2089088617152415,-0.0207963696263126,-0.0022860373178191285,-0.07876160729174159,-0.005062963182648096,0.14965949981895507,-0.3072879899368084,-0.7653061213582832,-0.7221860398913384,0.03358215681758868,1,1,0,0,0,train
b25a4a1e-652b-42f6-8db4-5f16502df466,2,1,-1,0.1730609333359165,0.14616514385192747,-0.10848635218309437,-0.3319813869295606,-0.08435977511477867,0.1341812593698244,0.08854425780953601,-0.12100904160051189,-0.16617043317590827,-1.3332095381669469,0.3569083748827703,0.3726175373309258,0.2027937404309605,0.2089049774493611,-0.02077440191431994,-0.0022860372509959158,-0.07872296495797991,0.20964981505762842,0.24646469024771459,-0.17873371673018892,-0.004935402476962479,-0.07746821223699214,0.033582156645767317,0,0,1,1,0,train
b25a4a1e-652b-42f6-8db4-5f16502df466,3,2,-1,0.17308570468101786,0.1462163630616014,-0.10846630488399828,1.1055993214998752,-0.21207540724105461,0.13427973663616652,0.08858294069215362,-0.12112558529172267,-0.18070514186613792,0.9876407286144099,0.3216517703893263,0.362448027093303,0.20280178451463016,0.20890627220465458,-0.020745569292329576,-0.0022860371632904253,-0.0787214787143737,0.4343166941756014,0.4818301663432971,-0.11887329448549566,0.052772510298823266,-0.026696966959202758,0.03358214068411936,0,0,0,0,0,train
b25a4a1e-652b-42f6-8db4-5f16502df466,4,3,-1,0.17319222146495375,0.146236850745471,-0.10861465489730927,0.6141370112183522,-0.01668140627143315,0.13432228854137607,0.08858662477621244,-0.12118968432188859,0.10774076653108554,0.9563171104632269,0.2182799466327675,0.3827870475685486,0.20280274980467053,0.20891436442523878,-0.020775774896319484,-0.002286037255172389,-0.07875120358649806,0.6864829988115217,0.7281072039741726,-0.04701302429300585,0.2101498338496191,0.11356483017591823,0.033582157201753414,0,0,0,0,0,train
b25a4a1e-652b-42f6-8db4-5f16502df466,5,4,-1,0.17322318564633046,0.14624197266643837,-0.10865875895532065,-1.4731128721122342,-0.11488154033843022,0.13433566199729907,0.08858294069215362,-0.12121493545498425,-0.22408406483154789,2.697679912454473,0.24599198301090283,0.35227851685568246,0.20279245337757335,0.20891533549170888,-0.020823829266303426,-0.002286037401347971,-0.07876309353534781,1.2507730195845232,1.0045287697157304,0.14320664136848738,1.7236819547837807,1.7055629366566294,0.03358215752207931,0,0,1,1,0,train
b54c9b71-f224-4983-ad55-6dac1f2775b5,1,0,-1,0.059474407508096815,0.010285702507898686,-0.08418702094873497,-1.3263694243107769,-0.5131982412077709,0.048181427403870034,-0.03752694072532535,-0.1165493030168464,-0.4239490364682509,-1.1258933901414654,0.3246813734778433,0.3217699861428073,0.17653817309647854,0.17845233294687196,-0.003638213578046198,-0.0022859848306416943,-0.05792001320174089,-1.3069252274292915,-1.5502782381439588,-0.5276408293160325,0.6768303160958142,0.5473904770458863,0.033582155518167484,1,1,0,0,0,train
b54c9b71-f224-4983-ad55-6dac1f2775b5,2,1,-1,0.06377966728671483,0.13653763974021352,0.057090305241164846,1.3334483584580046,-0.11026837706070655,0.04089046238839258,0.0745778951425481,0.0133114473096083,-0.07113439894984318,0.7060179290723417,0.31558185890102547,0.3827870475685486,0.20123415348908333,0.18249358790662512,0.08459922058646824,-0.0022857151499725676,0.03719660510902465,-1.156049275811978,-1.1806205263218799,-0.5496830683775782,-0.38296920850283095,-0.4030702150750611,0.0335821570866153,0,0,1,1,0,train
b54c9b71-f224-4983-ad55-6dac1f2775b5,3,2,-1,0.15282646008986284,0.14499905317835046,-0.07710431017808965,0.8847097194634106,-0.13513028428512433,0.11328462660577131,0.08738745541506643,-0.08884298282633919,-1.0348750859489924,1.1534239692918224,0.3405145288415063,0.32176998614280955,0.20230176427372298,0.20733735247778845,-0.016224339567840397,-0.002286023406229211,-0.07171384011105392,-1.0338902047054297,-1.0152321853259652,-0.5368978650075119,-0.5573461125824155,-0.5495416846672422,0.03358215702081299,1,1,1,1,0,train
b54c9b71-f224-4983-ad55-6dac1f2775b5,4,3,-1,0.1706407729195127,0.14577587785840543,-0.10502618835911083,0.8227053805798759,-0.2730432103340875,0.13266519577564392,0.08822005841235982,-0.11892873671239963,0.11521509435463904,1.6843599068524462,-0.23748730615991584,0.07770174043983528,0.20257976780534706,0.20841135199372443,-0.019593637394714508,-0.002286033658918285,-0.07659317787026894,-0.9602221982980225,-0.8813229314565395,-0.5634432230677677,-0.8557049611610702,-0.7968720834516836,0.033582157188377565,1,2,0,0,0,train
b54c9b71-f224-4983-ad55-6dac1f2775b5,5,4,-1,0.17237600564386363,0.14566319559712274,-0.10796712713650587,-0.4958815304135656,-0.342348546827285,0.13320986016232625,0.08771533889630143,-0.12033114579663591,0.6292145766180708,0.6783487205918973,-0.21597765949700853,0.03702369948934409,0.202390892720783,0.20869101913711466,-0.021585834276048793,-0.002286039719376318,-0.07802591670666348,-0.8438501821065684,-0.8005689793946433,-0.49343675090212563,-0.5927947078336623,-0.579058763923352,0.03358215750849715,0,0,1,1,0,train
b54c9b71-f224-4983-ad55-6dac1f2775b5,6,5,-1,0.17124767087449624,0.14461490910579583,-0.10737172235335228,-0.5864104897770211,-0.5293026983992234,0.13221657711786317,0.0865677467119789,-0.11995432119505442,0.9785933862566354,0.9524306905872343,-0.14751050312599623,0.28109194519231384,0.20199834143770273,0.20850101379779745,-0.022454931881758372,-0.0022860423633536105,-0.0781641373620418,-0.7033885437141846,-0.673003423121819,-0.44211830839683164,-0.44619501847872967,-0.4561887897850442,0.0335821576150199,0,0,1,1,0,train
b54c9b71-f224-4983-ad55-6dac1f2775b5,7,6,-1,0.1693006431495286,0.14489490745201344,-0.10389151123027267,0.5321366347676989,-0.4250608205868922,0.12835651143099625,0.08785901817459542,-0.11242559874283864,1.0930640364762438,0.6559002396056444,-0.2088840526188157,-0.2578920974017577,0.2024330437192121,0.20810611343328814,-0.018924995160937944,-0.0022860316244835504,-0.07553051369182277,-0.5192958667099999,-0.5190311227103687,-0.3737741988736257,-0.18468304289054036,-0.23364712677579239,0.03358215709804885,0,0,0,0,0,train
b54c9b71-f224-4983-ad55-6dac1f2775b5,8,7,-1,0.17121175242409928,0.14615831462397094,-0.10550130934768795,0.6914521517943958,0.18516379983377765,0.13291685990074043,0.08826610946309507,-0.11928225257573898,0.41103688654107207,0.8015551013493436,0.27012108552441616,0.2505834144794432,0.2026331805209137,0.2085434170336587,-0.01992589903860348,-0.0022860346697749804,-0.0773407584041968,-0.31532981763851015,-0.31723102062090486,-0.31452585472681605,-0.06761657565065936,-0.13228228628209152,0.03358215789393109,1,1,1,1,0,train
b54c9b71-f224-4983-ad55-6dac1f2775b5,9,8,-1,0.17285780830608527,0.14618563153579703,-0.10813351971900334,0.3632963109213175,-0.5064732536324454,0.13334116318411574,0.08839321036312438,-0.11982612313472257,1.2079716402039185,0.3635460967876201,0.32133462554304604,0.12854929162795606,0.20266760919901994,0.20874475148179378,-0.020632984768367196,-0.0022860368208080816,-0.07829046806857036,-0.04901133981193009,-0.09364597533159333,-0.227838186275956,0.2899380689763182,0.18574849247802425,0.033582157631498126,0,0,0,0,0,train
b54c9b71-f224-4983-ad55-6dac1f2775b5,10,9,-1,0.17307331900846717,0.146236850745471,-0.1084222008259869,1.1615608142668612,1.142533833848811,0.13403779866083218,0.08855346801968306,-0.12077012703352981,1.2207897504808334,0.5817676268602469,0.37813633804296876,0.12854929162795606,0.20268691499982716,0.2087793861858942,-0.020697514922345634,-0.0022860370171087626,-0.07866797394454983,0.17058461365707062,0.19828902658319134,-0.18683836458877556,0.023428987306565795,-0.05256140344349381,0.03358215754781051,0,0,0,0,0,train
b54c9b71-f224-4983-ad55-6dac1f2775b5,11,10,-1,0.17322318564633046,0.14624197266643837,-0.10865875895532065,-1.5674128386047677,0.20837977041209474,0.13431013085417334,0.08857557252403599,-0.12118191474247454,1.6174848466629372,1.103654295133006,0.35207626500969835,-0.2985701383522489,0.20249900520530348,0.20879880751529628,-0.02158171533005017,-0.002286039706798037,-0.07876309353534781,0.8885962109626855,0.4390073786090581,0.062133736816248133,2.2613902591743873,2.489625300753531,0.03358216436718917,0,0,1,1,0,train
fb2c53c4-5f5b-4af7-9ec0-68e80b534d7c,1,0,-1,0.16692135545254208,0.1462163630616014,-0.09848876412387893,1.8097793264312803,0.9543557430937194,0.13383354951582632,0.08855531006171247,-0.12044186230328614,-0.19964469456591005,-1.4208577450099984,0.21924208648287516,0.34210900661805516,0.2028001756978962,0.20696640508620837,-0.012524153079076858,-0.0022860121457216214,-0.06981887951312545,1.3121008775608918,1.3587774042188514,0.12286133856820514,0.48936112960731554,0.3700570934889766,0.03358215716725804,0,0,0,0,0,train
fb2c53c4-5f5b-4af7-9ec0-68e80b534d7c,2,1,-1,0.1731946985994639,0.146236850745471,-0.1086186643571285,-1.206883627756618,-0.17878446582653582,0.13429918893569087,0.08854425780953601,-0.12119745390130264,0.31050022767019103,-1.4788064907110785,-1.2670993877727148,0.311600475905189,0.20264444223805125,0.20891274598112192,-0.02144441713009605,-0.0022860392891021356,-0.07876309353534781,1.8984651548126172,1.6903233045941974,0.30763441160140564,1.8093561214936307,1.818153466306302,0.03358215719787107,0,0,1,1,0,train
15e927bb-b15d-4a35-8a0a-a71d28ee893f,1,0,-1,0.1725655064338891,0.14534905111112248,-0.10864272111604378,-1.4655859389486352,-0.5366296595692959,0.13385421758407096,0.08800453949491883,-0.1210556590769962,-0.1655936864665567,-1.2036804747920986,-0.3526135616874699,0.3726175373309258,0.20267050506914103,0.20878391782942135,-0.020786758752315813,-0.0022860372885844743,-0.07876160729174159,0.06329630577515089,0.1629545430638536,-0.2472050002687683,-0.4216131954007203,-0.4353786901491004,0.03358215658750235,1,2,0,0,0,train
15e927bb-b15d-4a35-8a0a-a71d28ee893f,2,1,-1,0.1723970612871998,0.14599953507398167,-0.10760627575277641,0.8030355104436527,-0.35947244125873773,0.13343964045045784,0.08795480436012475,-0.12044574709299317,-0.16260317658454027,-1.3623869452298485,-0.6031091472662268,0.17939684281607005,0.2027905227974926,0.20878229938530452,-0.020267771556489237,-0.0022860357098495455,-0.07818643101613507,0.007807237394963151,0.32139927036754945,3.588702206271415,-1.660459774823783,-1.455642333419276,0.033582157092596425,0,0,0,0,0,train
15e927bb-b15d-4a35-8a0a-a71d28ee893f,3,2,-1,0.1726323890656628,0.14570075635088361,-0.10833800216978337,-0.07583328750510418,-0.3035995879377698,0.13359769038409333,0.0878921749311248,-0.12076429984896928,-0.5677020730761583,-0.6241929788847387,-0.10574640754621913,0.37261753733092806,0.20274418887555526,0.20890303531642088,-0.02097760325025204,-0.0022860378691111896,-0.07874377236846697,0.17572974618416914,0.26057284399255254,-0.20660653190497993,-0.28103118954383166,-0.3161236444154022,0.03358215701684605,0,0,1,1,0,train
15e927bb-b15d-4a35-8a0a-a71d28ee893f,4,3,-1,0.17216668777775707,0.145951730478286,-0.10728952842705834,1.1235098166976436,0.02387653716925518,0.1334469350627795,0.08836557973268322,-0.12002424740978088,-0.5863533053586762,0.12339810869056189,0.3303284251711038,-0.08501042336214981,0.20277765226362113,0.20885642412585584,-0.02063710371436582,-0.0022860368333467284,-0.07851637709671555,0.21891893732531487,0.4446474088706024,-0.3175795071156441,-1.045103560760299,-0.9523303638803116,0.033582157594466186,1,1,1,1,0,train
15e927bb-b15d-4a35-8a0a-a71d28ee893f,5,4,-1,0.1728181741539231,0.14617197307988397,-0.10808540620117275,0.6317063092617933,0.6431223365875088,0.13403293558595109,0.08855162597765365,-0.12076429984896928,-0.6067378246494197,0.28314871062438834,0.3282997686860367,0.08787125067746035,0.20279116632418617,0.20889008776348614,-0.020722228598337375,-0.0022860370922902187,-0.07866202897012496,0.3954631558265127,0.49199086284865745,-0.1473764389931625,-0.2296105158635704,-0.27214830762910946,0.03358215708887124,0,0,1,1,0,train
15e927bb-b15d-4a35-8a0a-a71d28ee893f,6,5,-1,0.17301882204924418,0.14619928999171009,-0.10837809676797552,0.22865870247289394,-0.4574919704162989,0.13429797316697062,0.08857004639794774,-0.12116831797849995,-0.49627818146245967,0.3922594756607017,0.3711571441789403,0.19973586329132242,0.20279309690426692,0.20890368269406762,-0.02077165595032086,-0.0022860372426430037,-0.07871850622716126,0.5183066228320627,0.6855164386434867,-0.14673375058926283,-0.5534113371159741,-0.5460508990621665,0.033582156642516584,0,0,0,0,0,train
15e927bb-b15d-4a35-8a0a-a71d28ee893f,7,6,-1,0.1731550644473017,0.14623343613149273,-0.10855852245984025,0.7466836935158977,0.30453708664017454,0.13431499392905444,0.08858294069215362,-0.12118191474247454,-0.4166736880261663,0.14689088453844626,0.36739422726864446,0.19973586329132242,0.20278730516402474,0.20890562482700784,-0.02080460751830985,-0.002286037342877875,-0.07875714856092293,0.6747673293072716,0.8201759187822876,-0.087039968039348,-0.3497640794829384,-0.37458497445007954,0.033582157371314626,0,0,0,0,0,train
15e927bb-b15d-4a35-8a0a-a71d28ee893f,8,7,-1,0.17321699281005512,0.1462266069035362,-0.10866677787495908,-0.8236941552142436,-0.4822020838683354,0.13434295660962073,0.08858662477621244,-0.1212227050343983,-0.47363641084585006,-0.3302727049467531,0.38119604981942373,-0.23755307692649857,0.20277186052337895,0.2088997984281872,-0.020845796978296083,-0.002286037468171669,-0.07876012104813537,0.8319731956195171,0.991686198569077,-0.04716121249168428,-0.34528608194573773,-0.3707842602196135,0.03358215708745083,0,0,0,0,0,train
15e927bb-b15d-4a35-8a0a-a71d28ee893f,9,8,-1,0.1732070842720146,0.14624367997342752,-0.10863069273658614,0.38162045999980887,0.23720164603655414,0.13433079892241798,0.08859399294433008,-0.12119551150644912,-1.238985708821165,0.2962002804218784,0.3858615582859054,0.24041390424181588,0.2027686428899111,0.2088842613646655,-0.020793623662313517,-0.002286037309466421,-0.07874228612486076,0.9886434999519208,1.1640133132981036,-0.008088874565374405,-0.34850642056505876,-0.37351591313072063,0.0335821590881981,0,0,0,0,0,train
15e927bb-b15d-4a35-8a0a-a71d28ee893f,10,9,-1,0.17322566278084062,0.14624197266643837,-0.10866276841513987,-1.5676541367201116,0.04562689732829852,0.13433687776601935,0.08858294069215362,-0.12121687784983777,-1.5123856543994392,2.697679912454473,0.3837385612452993,0.09804076091508991,0.20270782961736833,0.20888102447643184,-0.021039387440231393,-0.0022860380570548485,-0.07876309353534781,1.7892391119502096,1.3357533516481774,0.29205364616354285,2.4961756399201867,2.910848002582989,0.03358215812467798,0,0,1,1,0,train
0c666b7a-9634-4633-9255-ccce67cc28d7,1,0,-1,-0.23461843293889226,-0.28492133436889433,0.045194237957550565,-1.351180244995519,-0.4942631234748532,0.11287248100959875,0.06116967121047149,-0.11583061692104665,0.03321049833052949,-1.0233084411211455,-0.4636610936223562,0.33193949638043235,0.05845038129891311,0.05085775935214742,0.03368904804348046,-0.0022858666128785354,0.004160382230001925,-0.264738673592905,-0.26988940510457743,-0.2990788183506595,-0.02435821977261526,-0.09451980812040744,0.033582156549088034,0,0,0,0,1,train
0c666b7a-9634-4633-9255-ccce67cc28d7,2,1,-1,-0.21744693651462293,0.028176572447010318,0.3850420664240392,1.3489361519682412,0.22729830652978036,0.11139532201446699,0.08039874795548424,-0.09319394729820797,-0.0320875554304129,0.8345754808299377,-1.5058365270887513,0.32176998614280955,0.18978677890043807,0.06369914235281439,0.5396397797844111,-0.002284285701316342,0.5617989832831478,-0.12822120865430497,-0.03818859267321723,-0.3001092487190634,-0.47020013092270896,-0.47630618665500063,0.03358215710531244,1,1,0,0,0,train
0c666b7a-9634-4633-9255-ccce67cc28d7,3,2,-1,0.08393734936295426,0.11349070269392399,-0.002598523087505789,0.16068509582035767,0.22816251987895433,0.12689394166050777,0.08589171728718537,-0.1121633754376144,0.8168070132726669,-0.04966507452166533,-0.4128209013341575,0.3726175373309258,0.1741642031238832,0.19582147520881463,-0.08744228886604209,-0.0022862405367517196,-0.0639288961016819,0.018100145140287776,0.11146015387077515,-0.25753347485292183,-0.410855120411691,-0.42630110313218034,0.033582157070479075,0,0,0,0,0,train
0c666b7a-9634-4633-9255-ccce67cc28d7,4,3,-1,0.09564304849060641,0.1453336853482203,0.01584499208088844,1.3269048206593659,0.6503796776165683,0.1280379800262847,0.08787007042677189,-0.11190503692209719,0.887020723388651,0.10107994674127288,0.16524315828900316,0.3217699861428073,0.17137001022038387,0.18010541176781383,-0.0327028695263339,-0.002286073729388382,-0.047972584745321095,0.19422686883503493,0.27185580140077537,-0.1981117242211896,-0.23208857277336886,-0.2742777547264365,0.03358215743108244,0,0,1,1,0,train
0c666b7a-9634-4633-9255-ccce67cc28d7,5,4,-1,0.17180254900476694,0.1460917296513948,-0.10653574998104572,-0.8656961193711531,-0.323790904688181,0.13358431692817033,0.08831400255585974,-0.1202981250841262,2.31815160889495,-0.8112212720776435,-0.38142690696218184,0.23024439400419533,0.102080204069859,0.1772944980256836,-0.31644332955151877,-0.002286941907572056,-0.07876606602256025,0.5666071788282748,0.46492372458315623,-0.05100643611506527,0.8569154829048408,0.7267206366935577,0.03358215800683772,0,0,0,0,1,train
0c666b7a-9634-4633-9255-ccce67cc28d7,6,5,-1,0.17290611242903295,0.14617538769386224,-0.1082237325649357,0.2592649396481342,0.8283977436032087,0.1339113587139238,0.08849820675880075,-0.12062638981436986,1.5946408430356922,-0.7444409805872083,-0.8897766414517428,-7.722312611817716,0.022967928231963808,0.10759005204626161,-0.35835635105151303,-0.0022870836582511876,-0.07878390094583487,1.16593696684646,0.8731223873199355,0.12459425502983777,1.858336154202003,1.8842845147418978,0.03358215844480446,0,0,0,0,1,train
e9ae30da-acf1-4972-8694-5b37f63f0ebc,1,0,-1,0.17296556365727622,0.14621124114063402,-0.10827786027249513,1.080459977979819,0.321606656541724,0.1339599894627347,0.08850004880083016,-0.12070214321365687,-0.2551257338139874,-0.5302221244311897,0.18815453164591292,0.3827870475685486,0.2027811916604358,0.20883506066351354,-0.02053138410040115,-0.0022860365117539933,-0.07845395486525439,-0.4833540805170932,-0.5132670333208271,-0.3527574900144412,-0.004469598323028313,-0.07714494456885021,0.03358215579521727,1,1,0,0,0,train
e9ae30da-acf1-4972-8694-5b37f63f0ebc,2,1,-1,0.17311047602611923,0.14620099729869923,-0.10852444205137692,0.448819475085026,-0.5310295087384395,0.13393567408832924,0.0884705761283596,-0.12069437363424282,-0.47559145527471175,0.5723704667334953,0.015437046912506372,0.3726175373309258,0.20278376576721008,0.2088936483405432,-0.020768909986321776,-0.002286037234290035,-0.07872593744519235,-0.26176210386627197,-0.2778320817764153,-0.29474231964502684,0.03504226452919003,-0.042380616269492785,0.033582156984657774,1,1,1,1,0,train
e9ae30da-acf1-4972-8694-5b37f63f0ebc,3,2,-1,0.1730931360845483,0.1461839242288079,-0.10851642313173848,0.2809490170484634,-0.5290540693872995,0.13405238788547547,0.08851662717909485,-0.12083228366884223,-0.853531604611688,0.8730774748166397,0.18789827325746283,0.46414312946954,0.20278408753055688,0.20889623785113015,-0.020778520860318565,-0.002286037263525269,-0.07869918506028042,0.04342329067534552,-0.034925713972739136,-0.19520353363419107,0.5042339752054698,0.38399058244438805,0.03358215699289366,0,0,1,1,0,train
e9ae30da-acf1-4972-8694-5b37f63f0ebc,4,3,-1,0.17312657740043513,0.1461617292379492,-0.1085966123281228,-0.3573184722586499,-0.5048862792593319,0.1342128693565515,0.0885074169689478,-0.12109839176377349,-0.5611655993769205,1.1419387173177853,0.12687465362667832,0.40312606804379647,0.2027831222405165,0.2088965615399535,-0.02078401278831673,-0.0022860372802311077,-0.07871553373994883,0.27281491752611275,0.29961471847103366,-0.1578799142310338,0.0800389347740307,-0.002598223238927766,0.03358215710817482,1,1,0,0,0,train
e9ae30da-acf1-4972-8694-5b37f63f0ebc,5,4,-1,0.17310676032435404,0.14617368038687312,-0.10855050354020182,-0.37263488205691686,-0.4872349617339684,0.13422989011863531,0.08852583738924191,-0.12110616134318754,-0.4149717861566799,0.8344447883859909,0.31889849814788473,0.32176998614280955,0.20278633987398437,0.2088955904734834,-0.020766164022322696,-0.002286037225937126,-0.07868729511143067,0.46251898170424244,0.5510709657822767,-0.12481741106749678,-0.15157856418039103,-0.20502604707633343,0.033582157976205465,0,0,0,0,0,train
e9ae30da-acf1-4972-8694-5b37f63f0ebc,6,5,-1,0.173142678774751,0.14624197266643837,-0.10852845151119613,1.1974515694980297,0.5065779650945448,0.1342809524048868,0.08859215090230067,-0.12111781571230862,0.12273192092631711,0.3055973160796356,0.35448629820864674,0.3827870475685486,0.20278987927079903,0.20889882736171708,-0.020764791040323152,-0.0022860372217606926,-0.0787140474963426,0.735191962000366,0.7590222006761154,-0.02919728838481983,0.3254111686424553,0.2181598581516827,0.033582156638759644,0,0,1,1,0,train
e9ae30da-acf1-4972-8694-5b37f63f0ebc,7,6,-1,0.1732219470790754,0.1462385580524601,-0.10866076368523027,-1.104853817469056,-0.1526925650392856,0.13432836738497744,0.08858109865012422,-0.12120522348071669,0.2982690362260372,2.697679912454473,0.17434936368536277,0.29126145542993664,0.20277121699668538,0.20890238793877414,-0.020859526798291495,-0.0022860375099361236,-0.07876309353534781,1.1756477398360978,1.057922929136625,0.11176233464543922,1.1890834979764366,1.0739419797056293,0.033582158159341735,0,0,1,1,0,train
fd3f00a8-9429-438a-9e31-1f8ed9559b55,1,0,-1,0.1732070842720146,0.14624026535944926,-0.10863470219640536,-1.1599261170275545,-0.1939424216614585,0.13427487356128542,0.08854425780953601,-0.12115860600423238,-0.23527738542106652,-1.2003740493119923,-2.202605761612363,0.23024439400419308,0.20151537465417527,0.20776138483640091,-0.02137851399411807,-0.0022860390890189664,-0.07876309353534781,2.4621440571463427,2.5306289261073047,0.426909286574643,0.9128051031005974,0.7832949775937674,0.03358215772336323,0,0,0,0,1,train
e80f92c3-eeec-46c5-8eef-08c5f2462b6c,1,0,-1,0.14860666145184454,0.13488496657473398,-0.08215021536057317,0.9382568105393871,-0.3416836287011867,0.12385573562854543,0.08383415634033421,-0.10947898575005965,-0.0820039178173137,0.44172469865961944,-0.24552097318372845,0.19973586329132242,0.2007878677270896,0.20243508524787562,-0.0018904074926302476,-0.0022859797395228735,-0.0583569688219691,0.5733052403445066,0.7134610458190062,-0.11472489608765625,-0.3745054874654671,-0.3955541114238996,0.03358215787109091,1,2,0,0,0,train
e80f92c3-eeec-46c5-8eef-08c5f2462b6c,2,1,-1,0.16471051290224484,0.13490033233763615,-0.1081976710761108,-1.3740018425273077,-0.4911502155094051,0.13079169617770314,0.0836352158011579,-0.12077012703352981,0.31717485896231024,0.005151319477402062,0.3110428069238834,0.11837978139032874,0.2005549110640157,0.2068883960797766,-0.021773932809985935,-0.0022860402925772827,-0.07866351521373117,0.7955784313545015,0.8804647190181506,-0.028936798751772543,0.038920835385593336,-0.038906058221377486,0.03358215710006673,0,0,0,0,0,train
e80f92c3-eeec-46c5-8eef-08c5f2462b6c,3,2,-1,0.16359332523817308,0.14623514343848185,-0.09308000282775636,1.4418534914119885,1.0903604364250443,0.12969507279201686,0.08854794189359483,-0.11383771980134247,0.2699803252929314,0.741909559311948,0.37876192967012495,-0.20704454621363017,0.20273743184527274,0.20665404537165796,-0.011466956939430133,-0.0022860089270736908,-0.06852436133210921,1.1136181439036796,1.1241178255268263,0.07636003406567614,0.5734641314992666,0.4495544882616252,0.033582156097589876,0,0,1,1,0,train
e80f92c3-eeec-46c5-8eef-08c5f2462b6c,4,3,-1,0.17321203854103487,0.146236850745471,-0.10864673057586301,-1.27199118392091,-0.11709710423721116,0.1342858154797679,0.08854609985156542,-0.12117414516306048,0.5955539709233,1.6535583116630848,0.32358943172862514,-1.7426405920948511,0.202585881308936,0.2088496266605651,-0.021426568364102012,-0.0022860392348311945,-0.07876309353534781,1.5628907917340873,1.4727490014397553,0.2101234641791306,1.2301548173592494,1.1189127384494009,0.03358215916865306,0,0,1,1,0,train
22489cb6-f4eb-4d8d-a492-cf1deb84dfe0,1,0,-1,-1.1635810312579005,0.017330051145056296,1.9037071668784449,1.5743820034468776,-0.1057126224004252,-1.2920114952393587,-0.2139577263022313,1.838591545524749,-0.3422900866119433,-0.21124288129086108,0.00832805114936745,0.24041390424181588,0.17777470963818143,-0.13298422107928562,1.3226500411407591,-0.002281676148966902,1.413366037363683,-1.9386373222470514,-2.0269155701557,-0.7507469890141902,-0.44441649380459186,-0.4568969509622495,0.033580848234844494,1,1,0,0,0,train
22489cb6-f4eb-4d8d-a492-cf1deb84dfe0,2,1,-1,-0.03688984063799573,0.060169798116350225,0.13036117870743014,0.4664894947078839,-0.5399604350667923,-0.1528471462619982,-0.12587680258192527,0.11146454404731934,0.4320226363578603,0.142714327436892,-0.19244470900466762,0.20990537352894972,0.19478472896608237,0.18373752405482946,0.051802799563427544,-0.0022858154515289276,0.02019843698470474,-1.7123514248850102,-1.8730954650315563,-0.6568440288620203,0.06480114520351339,-0.0184391068682954,0.03357876484735622,1,1,1,1,0,train
22489cb6-f4eb-4d8d-a492-cf1deb84dfe0,3,2,-1,0.04437874980332224,0.1238045442152689,0.07354111887940866,1.68581820540104,0.6371095549323093,-0.06815426567033736,0.051526581186509254,0.16322159731402258,0.8189340308710923,0.28314871062438834,-0.1987541518325641,0.20990537352894748,0.1967786964261221,0.20084933370219435,-0.012271524391161278,-0.002286011347773696,-0.043626808440738477,-1.3544706894692,-1.6250436797450192,-0.5358006826892824,0.7846695648887697,0.6527650412722027,0.03358138303195214,1,1,1,1,0,train
22489cb6-f4eb-4d8d-a492-cf1deb84dfe0,4,3,-1,0.14500243073959526,0.11046706201617165,-0.10498809849082828,-1.3144019509470617,-0.5244622636480186,0.10362291258576142,0.04361132658613376,-0.11956778461920536,0.37710503710779025,0.582289525353074,0.14604318253191756,0.33193949638043235,0.2008428892593902,0.20285523334060768,-0.0034377582061131825,-0.0022859844560905655,-0.05131514661570629,-1.1360876314078303,-1.2327392702593487,-0.5153115581903557,0.016982200961867745,-0.05874781957426813,0.033583086143473315,0,0,1,1,0,train
22489cb6-f4eb-4d8d-a492-cf1deb84dfe0,5,4,-1,0.14378491912786295,0.10912170410873583,-0.10459717615845471,-1.512958505584861,-0.5400745620542046,0.08958078386660775,0.028836307468234797,-0.11271307318115853,0.6035541111837401,-0.12144833500087784,0.26703394138783987,0.362448027093303,0.19555921334179896,0.2069437468685726,-0.04332563125678419,-0.0022861058740151798,-0.07694244511773027,-0.9329047101180146,-0.9933504790887365,-0.46986396385649587,-0.07193799929256708,-0.1362766573634925,0.03358258876183122,0,0,0,0,0,train
22489cb6-f4eb-4d8d-a492-cf1deb84dfe0,6,5,-1,0.12096431745322632,0.14382101135584957,-0.02691589689105166,1.759764669010263,0.9514018560696446,0.05313811647642323,0.08197000980657111,0.001538592102466952,0.2017522239360201,0.1609865002595792,0.3348989240000922,0.34210900661805516,0.20258942070575067,0.20162845270004184,0.009218389865657619,-0.0022859458939457787,-0.04617274373819061,-0.600254100569823,-0.7706238887301842,-0.35117582341450954,0.6514523589785896,0.5240778876504694,0.033586327999229754,0,0,1,1,0,train
22489cb6-f4eb-4d8d-a492-cf1deb84dfe0,7,6,-1,0.16780940817442616,0.14471222560417635,-0.10169232251943261,0.6793799190151179,0.13075529357092291,0.12306670172908822,0.08652537974530246,-0.10538053260914755,0.6692008908346249,-0.3762140862498847,0.32312508885242575,-1.7934881432829697,0.2024163120251792,0.2087007298018157,-0.021518558158071275,-0.002286039514718033,-0.07848962471180362,-0.2930259630192856,-0.4059764293126565,-0.2792584113907392,0.5153608659014488,0.3944096657568493,0.033581595844980675,0,0,1,1,0,train
22489cb6-f4eb-4d8d-a492-cf1deb84dfe0,8,7,-1,0.17139753751235953,0.14624026535944926,-0.10570579179846797,1.8635009417584512,2.9743694671709835,0.1321241786951224,0.08848531246459489,-0.11778466614368058,0.001478335595885894,0.2956781329910627,0.3711076321143312,-0.4002652407284859,0.20266471332889885,0.20852658521484355,-0.0197199517386723,-0.002286034043255311,-0.0776157134713472,0.11229328975689654,-0.06919676739788626,-0.16006038892497082,1.0209695413057822,0.894726884949586,0.03358291244693078,0,0,1,1,0,train
22489cb6-f4eb-4d8d-a492-cf1deb84dfe0,9,8,-1,0.17321699281005512,0.14623514343848185,-0.10865675422541105,-1.5677041610234745,7.628102095743478,0.1342359689622367,0.08844110345588904,-0.12120522348071669,3.2678172551864044,2.697679912454473,-7.034574458391965,-4.518916886966178,0.20262481467389726,0.20877647298648389,-0.020950143610261214,-0.0022860377855941838,-0.07876309353534781,1.0907434963856413,0.37510915459812827,0.12212035536390581,2.8910008806991185,3.8180016831326165,0.033585544220526606,0,0,0,0,1,train
a843a313-a35d-448d-b743-63b489d428f9,1,0,-1,0.17317983579240306,0.14622489959654708,-0.10860864070758046,1.0047097232345366,-0.46933725394697273,0.13413262862101347,0.08854978393562424,-0.12092551862181083,-0.45877700295525903,-0.0060150429334051864,0.29818639717435735,0.4031260680437987,0.20270139435043258,0.20881952359999187,-0.02080598050030939,-0.002286037347055597,-0.07875566231731672,1.007253888452413,1.0260622080210111,0.045990545873231904,0.4821494711004037,0.36329036008488486,0.03358215712440247,1,1,0,0,0,train
a843a313-a35d-448d-b743-63b489d428f9,2,1,-1,0.17318479006142334,0.1462385580524601,-0.10860062178794203,0.18368191861656052,0.059780778302038866,0.13428824701720843,0.0885792566080948,-0.12114306684540428,-0.39385673457471687,0.7938982666999854,0.25807292677553684,0.362448027093303,0.2026930285034161,0.20881337351234786,-0.020815591374306178,-0.002286037376291352,-0.07875863480452916,1.2542355772433331,1.3561538279758616,0.0940896994862671,0.18071231269294155,0.08712051280643972,0.033582157487621715,0,0,1,1,0,train
a843a313-a35d-448d-b743-63b489d428f9,3,2,-1,0.17321699281005512,0.1462385580524601,-0.10865274476559184,-1.5593933408572622,0.06269081926230667,0.13430040470441115,0.0885424157675066,-0.12120133869100966,0.03204638331717753,2.2434870758553362,-1.0598860447277643,0.28109194519231384,0.2026457292914384,0.2088049576029403,-0.020981722196250663,-0.0022860378816516543,-0.07876309353534781,1.943749929781357,1.6268920823340345,0.325678121021458,2.1718834503614692,2.3442740910748747,0.033582157314829594,0,0,1,1,0,train
11c9cca7-a2d2-47f5-8c8b-47511137366b,1,0,-1,0.17276367719470007,0.14563417137830748,-0.10862868800667654,-1.3373628818664123,-0.5315026543301372,0.13414478630821622,0.08833242297615383,-0.12117414516306048,0.10452210900791258,-1.1222389804707267,0.2863811151748446,0.36244802709330526,0.20269174145002897,0.20880398653647017,-0.02078126682431765,-0.0022860372718782715,-0.07871553373994883,-0.04580969075740259,0.17964006020737308,-0.4576492838926439,-1.1883286479990034,-1.0695150310412074,0.03358215826511131,1,1,0,0,0,train
11c9cca7-a2d2-47f5-8c8b-47511137366b,2,1,-1,0.17229178307051898,0.14608319311644913,-0.10733764194488894,1.0897961281217985,-0.483997556957685,0.13378370299829512,0.0883250548080362,-0.12060502347098122,0.04823672937768567,-1.2203864075844544,0.3115646908481421,0.39295655780617367,0.20278859221741188,0.20880366284764681,-0.020366626260456204,-0.0022860360105659045,-0.07829938553020767,-0.040076404145022844,0.20179863444251753,-0.5811254485742203,-1.278725295776381,-1.143375536045726,0.03358215569843736,1,1,1,1,0,train
11c9cca7-a2d2-47f5-8c8b-47511137366b,3,2,-1,0.1729990049731631,0.14609685157236219,-0.10846630488399828,0.16194938718248064,-0.4872363644364334,0.13399524675562263,0.08826610946309507,-0.12100515681080487,0.10491464361126665,-1.4036297386902923,0.2858083810220684,0.3827870475685486,0.20265699100857595,0.20890109318348066,-0.021341443480130458,-0.0022860389758722678,-0.07875714856092293,-0.007280373208177087,0.2080833918946572,-0.40081842830247644,-1.1098522140227585,-1.0053410468568318,0.03358215738426827,0,0,1,1,0,train
11c9cca7-a2d2-47f5-8c8b-47511137366b,4,3,-1,0.17087981639974092,0.14504856508103528,-0.10626711617315823,0.1919627354169666,-0.06244952545356423,0.13172419078615258,0.08747771547450751,-0.11820810822174638,-0.6174070124887393,-1.344636865382792,0.18646376154770566,0.4438041089942922,0.2026956026101904,0.20876870445472304,-0.020615136002373163,-0.002286036766514797,-0.07826074319644599,0.09030720873387924,0.24403399296628075,-0.274394082310532,-0.7081537448871759,-0.6748694383778971,0.03358215902278358,0,0,0,0,0,train
11c9cca7-a2d2-47f5-8c8b-47511137366b,5,4,-1,0.1717369049402483,0.14567002482507924,-0.10692466758350967,0.8815938559041685,0.026705611542204636,0.1329509014249081,0.08771349685427202,-0.11991935808769119,-0.9840974476434589,-0.21855170063233828,0.1802111906859143,0.362448027093303,0.20276059880624142,0.20880754711352723,-0.020502551478410784,-0.0022860364240430784,-0.07839301887739943,0.13797774538291915,0.35100828612691115,-0.3285134728327713,-1.017209913864217,-0.9294731018582224,0.03358215710893228,0,0,1,1,0,train
11c9cca7-a2d2-47f5-8c8b-47511137366b,6,5,-1,0.17159199257140528,0.14598075469710123,-0.10632525334053686,1.3136714856639153,-0.45743892782639667,0.13273206305525892,0.08833242297615383,-0.11891708234327857,-1.1717485100476082,-1.3978870582480887,0.3051796417594235,0.38278704756855314,0.20278987927079903,0.20887293225584763,-0.020654952480359857,-0.0022860368876422574,-0.07859812049505757,0.19658304852008962,0.4032641352947578,-0.29433608437931663,-0.9492314244097086,-0.8736999367832972,0.0335821518165332,1,1,0,0,0,train
11c9cca7-a2d2-47f5-8c8b-47511137366b,7,6,-1,0.1729556551192357,0.14614807078203615,-0.10833599743987375,0.9560026517520955,-0.26813750463233565,0.13409372402196473,0.08846505000227137,-0.12095271214976001,-0.8066079724327935,-0.11988226611541351,0.3151114942872385,0.3827870475685486,0.20278698340067794,0.20890238793877414,-0.020792250680313977,-0.002286037305289824,-0.0787378273940421,0.37033112898028975,0.4675065394388191,-0.15497182756177502,-0.24626295323368483,-0.2864101090770072,0.03358215721697626,0,0,0,0,0,train
11c9cca7-a2d2-47f5-8c8b-47511137366b,8,7,-1,0.17302006061649924,0.14623002151751446,-0.10834401635951219,0.917933932568682,-0.28029874921560916,0.1341812593698244,0.0885608361878007,-0.12099156004683027,-0.9801748934304247,1.0678059801033934,0.3567364208205466,0.38278704756855314,0.20279985393454944,0.20889947473936382,-0.02072497456233646,-0.0022860371006434353,-0.07870364379109908,0.5702788629016426,0.6579670235020704,-0.09363428026713592,-0.09124737957969609,-0.15277784550916096,0.03358215737985782,0,0,1,1,0,train
11c9cca7-a2d2-47f5-8c8b-47511137366b,9,8,-1,0.17321699281005512,0.14624026535944926,-0.10865074003568222,-0.3599445238609729,-0.32357578029291734,0.13431742546649497,0.08858662477621244,-0.12118191474247454,-0.783603234716332,0.3567593004079644,0.3623252623837936,0.3726175373309258,0.20279470572100083,0.20891242229229856,-0.020801861554310765,-0.002286037334524885,-0.07876309353534781,0.851575974001583,0.8771472417188373,0.0022145946902787602,0.37331747268505,0.2621475438028704,0.03358215715287796,0,0,1,1,0,train
11c9cca7-a2d2-47f5-8c8b-47511137366b,10,9,-1,0.1732219470790754,0.14624026535944926,-0.10865875895532065,-1.3243841829129117,-0.22649756667300444,0.13432593584753688,0.08856452027185951,-0.12121882024469129,-0.6577297172984384,2.046844237437248,0.18859612573567025,0.27092243495468876,0.20274129300543417,0.20890724327112467,-0.021007808854241947,-0.002286037960992653,-0.07876309353534781,1.473412519644901,1.1855016350668621,0.20340705827606081,1.9409948116182372,1.9990810318591525,0.033582157537576915,0,0,1,1,0,train
3cdf3482-b03c-4146-bd2b-ef62ca8b5627,1,0,-1,0.17322813991535074,0.14624197266643837,-0.10866677787495908,-1.5559981375502054,2.417606203719573,0.13432836738497744,0.08856820435591833,-0.12121882024469129,-1.1309001040469118,-0.674832878016749,0.17597255650619806,0.28109194519231384,0.20280532391144482,0.2089179250022958,-0.020779893842318105,-0.002286037267701726,-0.07876309353534781,1.5414132962699276,1.1439400372630848,0.2265968989755121,2.2909472453338706,2.5393065699260813,0.03358215744731404,0,0,0,0,1,train
a8503672-083d-4dce-a987-19ccc86f1c27,1,0,-1,0.17315382588004663,0.14620270460568835,-0.10859260286830359,0.3566585569459415,-0.511712461134675,0.13408886094708364,0.08846505000227137,-0.12094494257034596,-0.5498575253336586,-1.344810888595357,0.009690302008073411,0.34210900661805516,0.20279888864450907,0.20890724327112467,-0.020762045076324072,-0.00228603721340786,-0.07874377236846697,0.2138727479947384,0.5145485415962688,3.6185928462979504,-1.4744744295612908,-1.303316997430509,0.03358215726178806,0,0,0,0,0,train
a8503672-083d-4dce-a987-19ccc86f1c27,2,1,-1,0.17317612009063788,0.1462061192196666,-0.10862467854685731,-0.32180514254500653,-0.5145261824182267,0.13423232165607588,0.08849268063271253,-0.1211450092402578,-1.4611975171113447,-1.2142956884964333,-3.7155312000713443,0.29126145542993664,0.2027908445608394,0.20891145122582847,-0.020814218392306637,-0.0022860373721129298,-0.07876309353534781,0.20465000168350767,0.48645929288811013,3.725871485616419,-1.3721108116194072,-1.219659313483497,0.03358215614584905,0,0,1,1,0,train
a8503672-083d-4dce-a987-19ccc86f1c27,3,2,-1,0.1731711658216176,0.14618050961482965,-0.10864673057586301,-0.8424681865366558,-0.4213376580890901,0.13417274898878248,0.0883987364892126,-0.12114889402996482,-1.4648869887480025,-1.319577942856322,0.21777813516713418,-0.8477236911839477,0.20278730516402474,0.20890335900524426,-0.02079499664431306,-0.002286037313642726,-0.07873634115043587,0.21145885266586945,0.47634943312921657,-0.5009381636912849,-1.2720100788746411,-1.137889581752982,0.03358215717316975,1,3,1,1,0,train
a8503672-083d-4dce-a987-19ccc86f1c27,4,3,-1,0.17302377631826446,0.1461839242288079,-0.10840415825680043,0.6628932097072349,0.05328966581684884,0.1338931221831197,0.08851110105300662,-0.12058365712759259,-0.6381995957948932,-1.1359865808839786,0.37194799904877845,-2.3731502268275255,0.20278923574410546,0.2088997984281872,-0.02077165595032086,-0.002286037242642986,-0.07873634115043587,0.33989230190742215,0.48381321086178397,-0.1877290168305378,-0.5193460114183132,-0.5175389960093765,0.03358215733085239,1,1,0,0,0,train
a8503672-083d-4dce-a987-19ccc86f1c27,5,4,-1,0.17317364295612772,0.14620953383364488,-0.10861665962721888,0.07605496641758089,-0.5252733682201708,0.1342675789489638,0.08854057372547719,-0.12115083642481833,0.37203181334266117,-0.4729693743389671,0.3880434345384791,-4.8748497452830115,0.2027956710110412,0.2089017405611274,-0.020752434202327284,-0.0022860371841726167,-0.078730396176011,0.3632416110245077,0.624600359978303,-0.340830787383385,-1.1687690578823424,-1.0535243872182647,0.03358215729924892,0,0,1,1,0,train
a8503672-083d-4dce-a987-19ccc86f1c27,6,5,-1,0.1731984143012291,0.14620953383364488,-0.10865675422541105,-1.0113578617137091,-0.44388379643797116,0.13429797316697062,0.08855346801968306,-0.12118579953218156,-0.1447529802374597,0.5085050523845517,0.38855862764319604,-0.4511127919165954,0.2027937404309605,0.20890821433759477,-0.020788131734315353,-0.0022860372927604312,-0.07876160729174159,0.47489503103222674,0.6501955821252394,-0.1659236090003476,-0.6218106386127378,-0.6031261314490362,0.03358215719206327,0,0,1,1,0,train
a8503672-083d-4dce-a987-19ccc86f1c27,7,6,-1,0.17319346003220884,0.1462146557546123,-0.10864272111604378,-0.777998973010288,-0.48929873650507816,0.13429797316697062,0.08854609985156542,-0.12119356911159561,-0.9566685255504126,-0.3781284193812185,0.3887640358031286,0.4336345987566694,0.20279599277438798,0.20890627220465458,-0.020770282968321317,-0.0022860372384665628,-0.07873931363764831,0.5540358220434453,0.7725886719692385,-0.17679930167425284,-0.8219551233029836,-0.7689579510868821,0.03358215812317527,0,0,1,1,0,train
a8503672-083d-4dce-a987-19ccc86f1c27,8,7,-1,0.17319717573397403,0.14624197266643837,-0.10861665962721888,1.7372097649478042,1.4128003766328103,0.13429554162953006,0.08858662477621244,-0.1211469516351113,-1.9154069984617563,0.25530549449000345,0.38786545873866785,0.4234650885190466,0.20280242804132373,0.20890853802641815,-0.020752434202327284,-0.0022860371841727204,-0.078730396176011,0.7230720753373797,0.8593418224225929,-0.06859040662231453,-0.27438756818193205,-0.31044295098852953,0.033582156891153576,0,0,1,1,0,train
a8503672-083d-4dce-a987-19ccc86f1c27,9,8,-1,0.17322318564633046,0.14624367997342752,-0.10865675422541105,0.3920928123683946,-0.5085861020886351,0.13432593584753688,0.0885792566080948,-0.12120328108586317,-1.694911731513604,-0.29285832103167625,0.38884098022785907,0.4234650885190466,0.20280242804132373,0.2089150118028855,-0.020779893842318105,-0.002286037267701727,-0.07876012104813537,1.032049551830888,1.0446372601697502,0.05394979123551388,0.5247119509446467,0.403332231203878,0.03358215728765426,0,0,1,1,0,train
a8503672-083d-4dce-a987-19ccc86f1c27,10,9,-1,0.17322813991535074,0.14624197266643837,-0.10866677787495908,-1.5676942907573401,7.628102095743478,0.13431499392905444,0.08855346801968306,-0.12121299306013074,-0.7409720656527771,2.697679912454473,0.3879932533919158,0.453973619231915,0.20280146275128338,0.2089150118028855,-0.02078401278831673,-0.002286037280231063,-0.07876309353534781,1.8389177308776372,1.3833345256688967,0.3047779008988969,2.5125777029259475,2.942841453729573,0.03358215718655727,0,0,1,1,0,train
d6a12a1c-85cf-48a4-9a7a-70f0889ca7d9,1,0,-1,0.17300395924218334,0.1461839242288079,-0.1083720825782467,1.092032865022389,-0.2776753054503787,0.13413262862101347,0.08852767943127132,-0.120948827360053,-0.7073258156988094,-1.3415045097911236,0.1008212714129497,0.32176998614280955,0.20279921040785587,0.20887455069996447,-0.020622000912370868,-0.0022860367874069348,-0.0785683956229332,0.04523524165741978,0.12749221276084421,-0.24392527685977142,-0.3355020689995459,-0.36249438090853564,0.03358215550713573,0,0,0,0,0,train
d6a12a1c-85cf-48a4-9a7a-70f0889ca7d9,2,1,-1,0.17292840663962417,0.14614807078203615,-0.10829189338186238,0.23756336495783942,-0.4802674877758912,0.13418247513854467,0.08850925901097721,-0.12104788949758215,0.11360506225955387,0.1672512736774135,-0.004789300562287945,0.28109194519230934,0.20280274980467053,0.20891177491465182,-0.020764791040323152,-0.0022860372217608006,-0.0787541760737105,0.17466468571305302,0.3016009565936689,-0.22856902652328706,-0.513280403135257,-0.512458889064269,0.03358215754502875,0,0,0,0,0,train
d6a12a1c-85cf-48a4-9a7a-70f0889ca7d9,3,2,-1,0.17302749202002965,0.14622148498256882,-0.10836606838851788,0.5776217373299533,-0.27285361326580304,0.13421043781911096,0.08856636231388892,-0.12103235033875405,0.057993142076161054,0.057618485679278714,0.1910335912947399,0.32176998614280955,0.20280210627797696,0.20891533549170888,-0.02078263980631719,-0.0022860372760546165,-0.07875863480452916,0.33147151266571284,0.44347990283342414,-0.17308668033073155,-0.3476769773778363,-0.37281957465433213,0.03358215662422065,0,0,0,0,0,train
d6a12a1c-85cf-48a4-9a7a-70f0889ca7d9,4,3,-1,0.17318974433044362,0.14624197266643837,-0.10860463124776124,0.5796541148567159,-0.18862809293963334,0.13431499392905444,0.08858478273418303,-0.12117997234762103,-0.07313823982984956,0.5024141621516637,0.2401294869283971,0.28109194519231384,0.20280468038475125,0.20891468811406214,-0.020768909986321776,-0.0022860372342901614,-0.07874823109928562,0.5455629451678731,0.6153695955812369,-0.09458047626293899,-0.008562644022892576,-0.08063740825577997,0.033582157427769675,0,0,0,0,0,train
d6a12a1c-85cf-48a4-9a7a-70f0889ca7d9,5,4,-1,0.17322318564633046,0.1462385580524601,-0.10866276841513987,-1.3380527629962542,-0.1342029028779232,0.1343393093034599,0.08858478273418303,-0.12121882024469129,-0.4803792203498491,2.578650213267575,0.12736040712541138,0.39295655780617367,0.2027956710110412,0.2089172776246491,-0.02081833733830526,-0.0022860373846421483,-0.07876309353534781,1.0617198050647254,0.85005396020935,0.09146329725368471,1.5267679308943831,1.4600580390406248,0.033582157617844575,0,0,1,1,0,train
a475b77e-af28-4c63-9d29-1d3fda6643f0,1,0,-1,-0.2746551194589807,-0.3195796662482689,0.06930111512058759,-0.7786319038261557,-0.44489063025698206,-0.3695396841198643,-0.48492579291252597,0.07905762831131105,-0.11825327609473246,-0.11936024315359206,-0.26757926704906154,0.30143096566755945,0.11490923046960813,0.09018012499257454,0.10780948128871225,-0.0022856373710032265,0.0653326828183453,-1.4751523039947299,-1.4268193984910937,-0.7166298837625465,-0.9628131654450168,-0.885108851571598,0.03358215229719501,1,2,0,0,0,train
a475b77e-af28-4c63-9d29-1d3fda6643f0,2,1,-1,-0.21405326223573531,-0.3329734895780075,-0.044515420767500896,-1.2504603480104228,-0.5392841572859941,-0.385046814146947,-0.62213766164126,-0.04085417557545087,0.07506120880165468,-0.46183207543831367,0.09327402696982434,0.32176998614280955,0.12119938213594947,0.12049584912277887,0.006060531266712854,-0.00228595427105815,-0.01103199991276262,-1.3411673109257762,-1.365028954606867,-0.6059652695598331,-0.4850148460358217,-0.4892231494256927,0.03358215364293958,1,1,0,0,0,train
a475b77e-af28-4c63-9d29-1d3fda6643f0,3,2,-1,-0.2382598206687936,0.017502489150958603,0.40619597643022354,0.977287656346673,0.2547487664567889,-0.5128484220220495,-0.10787636787052911,0.7056081666295351,-0.317526516712672,0.23459709004315524,0.17759574932703334,0.32176998614280955,0.18232283454501733,0.12682364193080567,0.2400372587185268,-0.0022852317163561077,0.25121865689168754,-1.1684332164465379,-1.2181562722178965,-0.5417417747240989,-0.25181127811408166,-0.29158198060816687,0.03358215749923764,0,0,1,1,0,train
a475b77e-af28-4c63-9d29-1d3fda6643f0,4,3,-1,0.06137684681188199,0.08772914753491497,0.0036682626099290333,0.8291264373487559,-0.4599974757014245,-0.008118390494534129,0.010789821706103373,0.02434813486726828,0.1452570633373915,0.11556726638726325,0.1626792362405939,0.32176998614280955,0.19121090347331784,0.1883128655731403,0.01714598793100852,-0.002285921462420961,-0.022318533858385194,-0.9513523534901858,-1.0288073069711745,-0.4694257398808148,0.009192936350054555,-0.06538971198511569,0.03358215615319634,0,0,1,1,0,train
a475b77e-af28-4c63-9d29-1d3fda6643f0,5,4,-1,0.12379692076556792,0.0842035586023579,-0.10150387790792946,-0.7010019241928481,-0.3440549204418452,0.06406179842807654,0.004401619948108909,-0.09770807293777181,-0.006635749243135729,0.3123842369282856,0.3618033784595349,0.2912614554299389,0.1917839639939457,0.1972541219410427,-0.018334612901135226,-0.0022860298134477954,-0.07170343640581038,-0.833745755725679,-0.7908459658730437,-0.48998760718725304,-0.5852494311697107,-0.5727617367351568,0.033582158992484595,1,1,1,1,0,train
a475b77e-af28-4c63-9d29-1d3fda6643f0,6,5,-1,0.11419926310604231,0.13844470164707368,-0.022278956610128197,1.2148761784129098,0.30410211882413574,0.03183784849723949,0.07409343808881323,0.02726366954239106,0.5086729681459025,0.36197977896416733,0.16014341563426013,0.15905782234082896,0.2003357902248537,0.19783061173546163,0.015711221741487962,-0.0022859260391088227,-0.032048970748297094,-0.649925275482708,-0.6619270766402444,-0.40668781338565796,-0.18625493304268298,-0.23503547602975258,0.03358215603771487,1,1,0,0,0,train
a475b77e-af28-4c63-9d29-1d3fda6643f0,7,6,-1,0.1623659050884002,0.13465960205216856,-0.10468538427447746,-1.0382094720838513,-0.4719745343037372,0.11812460188117829,0.07185535702307988,-0.11295393014299412,1.039575425543071,0.5050245258987593,0.2615802543793368,0.1590578223408222,0.20066302354853618,0.20643361328294416,-0.019383571148784706,-0.002286033018315423,-0.07507275066110751,-0.5371328536271448,-0.46042535325380785,-0.4191857179532741,-0.6147759759018875,-0.597316612046001,0.03358215724919335,1,1,1,1,0,train
a475b77e-af28-4c63-9d29-1d3fda6643f0,8,7,-1,0.16064677373836517,0.13172132672387282,-0.10535295933437695,-1.1278481446581965,-0.5182057821795408,0.11398490938864858,0.06951596364572897,-0.10880691713074421,0.3538087655149041,0.7676211194510649,0.25352517673299046,-0.15619699502551165,0.20020290196263063,0.2067628048163097,-0.022743258101662025,-0.002286043242386737,-0.07657831543420676,-0.3075431945201283,-0.33678370375542444,-0.3035786400366087,0.08124248462187338,-0.001588152678212953,0.033582154591373564,0,0,1,1,0,train
a475b77e-af28-4c63-9d29-1d3fda6643f0,9,8,-1,0.15957789019724108,0.13231888417006896,-0.10292122195402237,-0.8033841758867825,-0.26680952626419874,0.11835195063186936,0.07158641888678599,-0.1136007476292139,1.2070634405721803,-0.39030970197101766,0.22603594464559634,-0.4307737714413588,0.1981957422053726,0.20629992979889306,-0.029344555555456127,-0.002286063332919965,-0.0767997657315333,0.07107778201352721,-0.08511037594875683,-0.1744623775099344,0.8884942242489777,0.7585513781651729,0.03358215824623983,0,0,1,1,0,train
a475b77e-af28-4c63-9d29-1d3fda6643f0,10,9,-1,0.1556764033437754,0.14624367997342752,-0.08025574559599354,1.6877144181199941,0.007564575229538611,0.10849692938533606,0.08849636471677134,-0.08002451019139088,1.2105438018849577,0.1364495540190577,0.2771116537816656,-0.6850115273819559,0.20260743945317075,0.20428075891872163,-0.001954937646608684,-0.0022859799555517827,-0.058385207450487246,0.502883012984787,0.3299292278045603,-0.058332284402530306,1.1483615821777267,1.0298195579982894,0.03358215715336693,0,0,0,0,0,train
a475b77e-af28-4c63-9d29-1d3fda6643f0,11,10,-1,0.17322566278084062,0.14624197266643837,-0.10866276841513987,-1.5661271616842758,0.23802045269931094,0.13423840049967722,0.08849820675880075,-0.12114889402996482,2.526679324003155,2.697679912454473,0.020362828259163194,-1.112130957362145,0.2023040166171505,0.20871885637592433,-0.02207461586788546,-0.002286041206232009,-0.07876309353534781,1.1323194235377922,0.8032687495650266,0.11823653718264007,1.9682410982010126,2.037844412916737,0.033582168336890976,0,0,1,1,0,train
6ff0589f-50f2-40bf-a3be-22aa09e311a4,1,0,-1,0.1673920110094681,0.14181321833663063,-0.1044207599264092,-0.16804490292024263,-0.25555747440318266,0.13050963783459982,0.08603908064953818,-0.11778466614368058,-0.08665022019416975,-1.4495710888761755,0.3139941274237616,0.31160047590518225,0.20265409513845486,0.20843044963430316,-0.01935748449079342,-0.002286032940518266,-0.07723523510815529,0.6219439363196873,0.8491094292841147,-0.16195774658930037,-0.8336959952874818,-0.7786395276409046,0.03358215736931774,0,0,0,0,1,train
6ff0589f-50f2-40bf-a3be-22aa09e311a4,2,1,-1,0.1692857803424678,0.1447907617256764,-0.10398974299584346,0.31958987518132587,-0.17116933348527422,0.13234909590837293,0.08710193890050784,-0.11960274772656859,0.024860895321863936,0.5384364848352167,0.32015570313978475,0.4234650885190466,0.20267147035918137,0.20876579125531272,-0.020705752814342882,-0.0022860370421674977,-0.0785446157252337,0.7515346264039401,0.9337818523936772,-0.08356720523675236,-0.5123091720457029,-0.5116364479648967,0.033582157641232374,0,0,0,0,1,train
6ff0589f-50f2-40bf-a3be-22aa09e311a4,3,2,-1,0.17184094458967406,0.14602514467881866,-0.10667608107471828,1.307425850443151,0.14679596728025343,0.13297400103059326,0.08817032327756574,-0.11947454966623675,0.8423077350573763,0.020552117072082845,-0.11843755405306328,0.27092243495468876,0.2026286758340587,0.2087832704517746,-0.020962500448257086,-0.002286037823182455,-0.07857285435375186,1.053796717699888,1.075837554523816,0.057935745758628455,0.48832197746364187,0.36908017035083496,0.03358215712897412,0,0,0,0,1,train
6ff0589f-50f2-40bf-a3be-22aa09e311a4,4,3,-1,0.17287267111314608,0.14623514343848185,-0.10809943931054,-0.3455991014936764,0.09179918060875986,0.13382990220966548,0.08845583979212432,-0.1205409244408153,3.7614363495765697,0.19178809544894077,-4.585176491751503,-4.95620582718401,0.20231045188408622,0.20874021983826663,-0.022137773039864354,-0.002286041398339183,-0.07876309353534781,1.650886056805727,1.4071734983208122,0.24624436726098295,1.8499400674434718,1.8728570254428936,0.033582156601677494,0,0,0,0,1,train
b73532a4-61df-4e07-be54-f9c6c7a15724,1,0,-1,-0.3221888535739986,0.03992113722524764,0.5683665977380586,1.3988310202502638,0.026239579904688944,-0.150700098701996,0.007592036743047321,0.2487743786369958,0.003328312879245574,-1.099268289819161,0.15701010484284558,0.3726175373309258,0.18381356413068203,0.08020889078871424,0.44412279505832924,-0.0022845887599921705,0.42497391065107515,-1.431393902324,-1.5428243413919802,-0.5937637568227415,-0.05486361510162785,-0.12214923308485058,0.03358215834323881,0,0,0,0,0,train
b73532a4-61df-4e07-be54-f9c6c7a15724,2,1,-1,0.08640457533505067,0.055245924759694254,-0.07498330593372432,-0.8136273249730315,-0.5143547902913714,0.07004216476309964,0.013280262529865921,-0.09790037002826958,0.37526254454241026,-1.4547916938462007,-0.17419349145860613,0.3014309656675617,0.18648613048909582,0.18981251589180562,-0.009375905354128881,-0.002286002455695177,-0.0576866729555646,-1.2521204961773171,-1.31706153912828,-0.5597361486656471,-0.2127383111125772,-0.25822798905282174,0.033582156301398366,1,1,0,0,0,train
b73532a4-61df-4e07-be54-f9c6c7a15724,3,2,-1,0.08829710610079529,0.1145509403341748,-0.00841023509545958,1.0862876971594841,-0.49440899524179444,0.06177493746524294,0.056220104277446364,-0.03941291859414434,0.18076131110931037,0.2497368761569253,-0.3000906282845141,0.2709224349546933,0.19830385468989306,0.19250107525870266,0.029646989036831165,-0.002285883410184493,-0.018020317349201564,-1.1359452208774077,-1.120544261792451,-0.5668041350605527,-0.5938429551591488,-0.5800622478324988,0.0335821576673602,1,1,0,0,0,train
b73532a4-61df-4e07-be54-f9c6c7a15724,4,3,-1,0.141669446256206,0.1186109163543301,-0.09003080863524249,-0.3451761381573948,-0.1979734355479401,0.10687023083761073,0.06034443638129573,-0.1071112064236275,-0.031936357694173044,-0.2639709345046542,0.3424240887387297,0.06753223020221023,0.19315177998113775,0.20438951836337338,-0.042764081618971835,-0.0022861041967199305,-0.06913817994147742,-1.0681592772493842,-0.9931943704371292,-0.5981072588654209,-0.8921259007000673,-0.826873753696014,0.03358215625545276,0,0,1,1,0,train
b73532a4-61df-4e07-be54-f9c6c7a15724,5,4,-1,0.12220907754457012,0.1381066548632256,-0.035640481457665976,0.6136316087274255,0.21802389793486998,0.09992089683253,0.08246736115451186,-0.07268031525025882,0.829562969942349,-0.7348698128065164,-0.08768186386537322,0.3827870475685486,0.19988789564612602,0.19920661292360026,0.00796348431807696,-0.0022859496772313975,-0.03948464751020778,-0.8464051998886617,-0.9188882624106006,-0.44147866358859844,0.03621340403796924,-0.04155381583786922,0.03358215710367449,1,1,1,1,0,train
b73532a4-61df-4e07-be54-f9c6c7a15724,6,5,-1,0.16398718962528486,0.14473612790202417,-0.0954776597996476,1.1850044909298754,-0.20368014938315754,0.1272842034197154,0.08737087703680173,-0.11122714111822121,0.6477775056983786,0.3478841632430344,-0.09958951540387519,0.1082102711527082,0.2022062005597272,0.2059830384408155,-0.010887558535623745,-0.002286007160158088,-0.06703514523867837,-0.5233486386293718,-0.6758042018255537,-0.333769498698941,0.6004818649116009,0.4751431033974587,0.0335821572176551,0,0,1,1,0,train
b73532a4-61df-4e07-be54-f9c6c7a15724,7,6,-1,0.17097394751112613,0.14576563401647064,-0.10557748908425306,0.9578501861130687,-0.4551707579404676,0.13278434111023066,0.0881611130674187,-0.11918124804335631,0.37328567858093553,0.48466426122878636,0.14813473272067731,0.006515168776473439,0.2026380069711155,0.20831521641318407,-0.018937351998933812,-0.002286031662292998,-0.07620675453265216,-0.2553889667233269,-0.3216736187751811,-0.2792356511298242,0.2991636416192466,0.19411946120546258,0.03358215680872054,0,0,0,0,0,train
b73532a4-61df-4e07-be54-f9c6c7a15724,8,7,-1,0.1722868288014987,0.14620099729869923,-0.10719129666148755,0.8074555950780159,-0.3596435709594696,0.13377276107981265,0.08846873408633019,-0.12043603511872561,0.20464386221316994,0.8104299895762851,0.3175643487312542,0.26075292471706596,0.20271844780781229,0.2087496068141443,-0.020436648342432806,-0.0022860362235585996,-0.07828006436332682,0.038758381602006065,-0.02793956032988,-0.1988714599464091,0.44409866438257906,0.32769063544563476,0.03358215725547742,0,0,0,0,0,train
b73532a4-61df-4e07-be54-f9c6c7a15724,9,8,-1,0.17317983579240306,0.14623343613149273,-0.1085986170580324,-0.5344715791082589,0.06632045587654743,0.1341812593698244,0.08855346801968306,-0.12099932962624432,0.8899106341558152,-0.23943411273312695,0.3527701029961807,0.25058341447944094,0.20258909894240387,0.2088305290199864,-0.02133183260613367,-0.002286038946658901,-0.07875120358649806,0.42025474524306433,0.29450110318466044,-0.08629914155361801,0.9029202571379672,0.773217392292641,0.03358215755776389,0,0,1,1,0,train
b73532a4-61df-4e07-be54-f9c6c7a15724,10,9,-1,0.1732182313773102,0.14624367997342752,-0.10864873530577261,-1.4590859200506798,0.0783661958078342,0.13422259550631369,0.08851110105300662,-0.12111004613289456,1.6566944770103196,2.697679912454473,0.33301813462689844,0.19973586329132695,0.20207009466403625,0.20870040611299231,-0.022994513807578065,-0.002286044004574383,-0.07876309353534781,1.0620030288431395,0.7126926705101484,0.10137161763444215,2.0116626393706265,2.100641558935459,0.033582159942819025,0,0,0,0,1,train
a9021a9e-f697-4ff2-bc7b-8e457f9687c3,1,0,-1,-0.3640412796900175,0.1428615048279575,0.7569816112835337,2.1577120400984477,0.3445911347662121,-0.28023904007836864,0.084884120297098,0.5372374959373347,-0.7166390195935788,-1.4051959242654388,-0.07346654866691209,0.26075292471706596,0.20222775870396195,0.06664956597781639,0.5802113978708536,-0.002284159944520458,0.5719247609723138,0.22000020514161323,0.26127047238582957,-0.17726452193193803,-0.023315938263093,-0.09356664410464839,0.033582138212734196,1,1,0,0,0,train
a9021a9e-f697-4ff2-bc7b-8e457f9687c3,2,1,-1,0.17060609303637078,0.1461617292379492,-0.10451698696207039,1.605126312185884,-0.015339642403573833,0.13165002889421593,0.08843741937183022,-0.11707763441700189,-0.19181665923769464,0.6057823012009584,0.17364749671543028,0.23024439400419533,0.20276059880624142,0.20833690356434972,-0.018506235651077875,-0.0022860303507719133,-0.0762662042769009,0.43401854048545646,0.493176135175976,-0.12262435982780813,-0.008985161508574488,-0.08101024290951934,0.03358215446079387,0,0,1,1,0,train
a9021a9e-f697-4ff2-bc7b-8e457f9687c3,3,2,-1,0.17311419172788445,0.14623514343848185,-0.10849036164291358,0.732906147937674,-0.26995269451626797,0.13415815976413922,0.08854794189359483,-0.12096825130858813,0.9817484035190215,0.712282702490176,0.21698393488752515,0.12854929162795606,0.2027828004771697,0.20887293225584763,-0.020685158084349762,-0.0022860369795247677,-0.07857582684096429,0.674735277225706,0.7277803716086015,-0.05335406101833118,0.14500193451716523,0.0551659022267048,0.033582157580803934,0,0,1,1,0,train
a9021a9e-f697-4ff2-bc7b-8e457f9687c3,4,3,-1,0.17320956140652471,0.1462385580524601,-0.10864071638613418,-0.13649571884282283,-0.31533264598182215,0.1342760893300057,0.08852952147330073,-0.121176087557914,2.4660185199434337,1.86238268160896,-0.2634838164075393,-0.9189102628473028,0.2027503023791442,0.20889526678466003,-0.02091856502427177,-0.002286037689524246,-0.07876309353534781,1.1383576681581369,0.9916510634760501,0.10518595997677772,1.2960311727220821,1.1921041131057004,0.0335821608261165,0,0,0,0,1,train
36f5745e-c86d-4f3a-809b-33bc098f7a28,1,0,-1,-0.023759789167014836,0.13628495830582202,0.19848390576582192,1.6000249548640177,0.8606309916225844,0.12123089096147592,0.0847367569347452,-0.10433358178310413,-0.10225120465209202,-1.2793792653333302,-1.477461430494026,0.28109194519230934,0.20187060138902824,0.1579650962494225,0.19135680894279394,-0.0022853858619873465,0.15092247961325087,-0.21611927899061273,-0.21046014497901624,-0.2889290543573744,-0.05704500115506812,-0.1230578408830129,0.033582157296178944,0,0,0,0,0,train
36f5745e-c86d-4f3a-809b-33bc098f7a28,2,1,-1,0.16431045567885771,0.14267540836614215,-0.09842060330695225,0.6708432604300238,-0.34625476664148175,0.12942395636739598,0.08686615752074335,-0.11517797225026634,-0.20628071083686694,-1.1352904880337196,0.3825583006781297,0.3726175373309258,0.20229050255658543,0.20797760897041093,-0.018988152332916838,-0.0022860318164996635,-0.07503856705816449,-0.14340065572732574,0.015107382777492726,-0.35970228974070717,-0.8616863186607179,-0.8017144459176632,0.03358215622659867,1,1,1,1,0,train
36f5745e-c86d-4f3a-809b-33bc098f7a28,3,2,-1,0.16448509366182237,0.14542246531165515,-0.0954776597996476,-0.1250185060844873,0.43887570386219255,0.1302531106346222,0.08710746502659608,-0.1162482318145519,-0.6491923575743483,0.4684803047223792,0.38346892121776566,0.29126145542993437,0.20252474627304645,0.20840002288490656,-0.01978036294665211,-0.0022860342269611983,-0.07651143447192693,-0.16439175977275922,0.09482063284883045,3.734209411682221,-1.4455697200565338,-1.2796842403333686,0.033582158799310785,0,0,1,1,0,train
36f5745e-c86d-4f3a-809b-33bc098f7a28,4,3,-1,0.1708612378909149,0.14514758888640494,-0.10612077088975684,-0.3151441710117917,-0.5319432230860269,0.1322226559614645,0.08735614070056645,-0.11913268817201848,-0.6972293371439856,0.5420908945059553,0.3845715682782506,0.22007488376657028,0.20246168065707618,0.20863566834831868,-0.02104899831422818,-0.0022860380863271666,-0.07810617386139927,-0.15371501487100284,0.07181044576114558,-0.5477357444221227,-1.2478598683176807,-1.1181612513590171,0.033582157031666546,0,0,1,1,0,train
36f5745e-c86d-4f3a-809b-33bc098f7a28,5,4,-1,0.17126624938332227,0.14544807491649211,-0.10642348510610766,-0.06024174403834113,-0.3956369905271151,0.1314068751501613,0.08708904460630197,-0.11811098847907073,-0.8056186604157678,0.6146571894278999,0.3761110269676726,0.24041390424181588,0.20231238246416697,0.2085722253389385,-0.021416957490105224,-0.002286039205694757,-0.07744776794384452,-0.026922403329123656,0.08351416068462743,-0.2809588391828907,-0.5293242884554535,-0.5259081470090243,0.03358215607041811,0,0,0,0,0,train
36f5745e-c86d-4f3a-809b-33bc098f7a28,6,5,-1,0.1713913446760842,0.14519880809607888,-0.10691865339378086,-0.44692893606103157,-0.515403962965746,0.13274786804862249,0.08702273109324321,-0.12032337621722186,-0.5644895556346738,1.2928143065556759,0.386451019487536,0.28109194519231384,0.2024784123511091,0.2084220337248956,-0.020071435130554847,-0.002286035112460325,-0.0769290689252743,0.02631046624630623,0.22250264392972324,-0.34612210339036953,-0.9826129345685359,-0.9011022250917193,0.033582157531348154,0,0,1,1,0,train
36f5745e-c86d-4f3a-809b-33bc098f7a28,7,6,-1,0.1721183836548094,0.145355880339079,-0.10791099469903684,-0.2237572836294505,-0.5335467297243273,0.13278190957279012,0.0867851076714493,-0.12062833220922338,-0.4529005566836626,1.2881158509612944,0.35852353872015547,0.25058341447944094,0.2022486733215031,0.20858905715775364,-0.021760202989990526,-0.002286040249862767,-0.07829046806857036,0.1338141494121223,0.2808558532460975,-0.25491018872907,-0.6472380683431741,-0.6242920116854526,0.033582156836160934,0,0,0,0,0,train
36f5745e-c86d-4f3a-809b-33bc098f7a28,8,7,-1,0.1719264057302738,0.14535929495305727,-0.10759625210322837,-0.8390368670285164,-0.36442450116777714,0.1319126349377949,0.08643511968586136,-0.11960857491112913,-0.714733533691073,1.1445490810648808,0.3805296441930627,0.26075292471706596,0.2022287239940023,0.20835794333786867,-0.02086501872628966,-0.002286037526667977,-0.077519107636943,0.28202023490792777,0.39870005319415913,-0.19017901922876773,-0.39948483962966674,-0.4166879621101216,0.03358215695397818,0,0,0,0,0,train
36f5745e-c86d-4f3a-809b-33bc098f7a28,9,8,-1,0.17167621514474996,0.14623343613149273,-0.10616487494776822,0.824105612425577,1.751316364662402,0.12959294821951392,0.0885976770283889,-0.11362211397260255,-0.16433120617659913,1.3377115174661705,0.36978619525483003,0.30143096566755945,0.20236193401957217,0.20833787463081985,-0.020211479294508047,-0.0022860355384696383,-0.07783567752506752,0.4741407677930314,0.5611617201655917,-0.12090246344828177,-0.13731327805625929,-0.1927007625593992,0.03358215641329933,1,1,0,0,0,train
36f5745e-c86d-4f3a-809b-33bc098f7a28,10,9,-1,0.17320956140652471,0.14623002151751446,-0.10865074003568222,-0.4627231564698951,-0.39214467012372106,0.13434417237834098,0.08859215090230067,-0.12121882024469129,0.15116079945689812,0.08372150080526455,0.36710585294639386,0.16922733257844724,0.20216340603460453,0.2084718818036943,-0.021627023736035027,-0.002286039844778871,-0.0787066162783115,0.8256606205390163,0.7717618579908178,0.010486745806437549,0.7499468217661969,0.620321133160266,0.0335821575756263,0,0,1,1,0,train
36f5745e-c86d-4f3a-809b-33bc098f7a28,11,10,-1,0.17318850576318856,0.146236850745471,-0.10860864070758046,-0.3171901201544891,-0.03252310059797809,0.13433201469113826,0.08857004639794774,-0.1212227050343983,0.7569562644048246,2.697679912454473,0.3747327181420664,-0.4511127919166044,0.20205722413016478,0.20827216579967608,-0.021232977902166703,-0.0022860386460919527,-0.07876309353534781,1.4776646621796985,1.1570935470345955,0.20642236607719303,2.047157044746284,2.1529514172930337,0.033582160702313596,0,0,1,1,0,train
c597a70f-7638-4c4b-b09e-511a2ce195d0,1,0,-1,0.1728763868149113,0.14580319477023151,-0.10861265016739967,-1.350040790067573,-0.4661913174476547,0.13382017605990332,0.08791243739344833,-0.12109839176377349,0.7860214645960757,-1.2689380437243116,-0.9873555536490304,0.18956635305369962,0.20250544047223923,0.20867353994065277,-0.0210229116562369,-0.002286038006965462,-0.07869175384224933,-1.330456531306654,-1.132564615941592,3.9031600666169513,-1.7344340803145961,-1.5162436674135351,0.03358214782042251,1,2,0,0,0,train
c597a70f-7638-4c4b-b09e-511a2ce195d0,2,1,-1,0.17184589885869433,0.14511002813264404,-0.10775863522590663,0.04833073479146681,-0.5388278101594336,0.12739362260453999,0.0840496752577752,-0.11490409457592102,0.05378257194322919,-0.13449990479836788,0.38167176708884415,0.33193949638043235,0.2024111638116306,0.20861624701891657,-0.021182177568183677,-0.0022860384914675878,-0.07850300090425959,-1.3071226609952213,-1.2064152488606912,-0.7585359608259307,-1.1687831227293273,-1.053603133395165,0.03358223660593708,1,2,0,0,0,train
c597a70f-7638-4c4b-b09e-511a2ce195d0,3,2,-1,0.1711052356401634,0.14436905689936086,-0.1074298595207309,-0.8228334792235364,-0.5183516167888009,0.12774133245853808,0.08253551670960003,-0.11705626807361326,-0.8455331361105343,0.6068264715935955,0.3851141937430888,0.3726175373309258,0.20157876203349231,0.20852140619366966,-0.024331798275131197,-0.002286048072949138,-0.07851489085310934,-1.3716671692627105,-1.180836950540425,3.9180899090219095,-1.7169224511942993,-1.5018299263787371,0.03358217800888888,0,0,1,1,0,train
c597a70f-7638-4c4b-b09e-511a2ce195d0,4,3,-1,0.16566173255413744,0.14140175735224986,-0.10210329215090228,-1.3893606776456353,-0.5222585251812772,0.12000174878527987,0.07408422787866618,-0.11360269002406742,-0.5842297867519389,-0.042617266661098864,0.3885880672491799,0.3421090066180529,0.2013078372954976,0.2076840232076159,-0.0219359446859318,-0.0022860407850662018,-0.07665857258894256,-1.3885989954957836,-1.2515898374539958,4.060863397519497,-1.4203039230356453,-1.2589797495918873,0.03358216994306241,1,1,1,1,0,train
c597a70f-7638-4c4b-b09e-511a2ce195d0,5,4,-1,0.15621394153247511,0.1274667177069565,-0.10317381792263298,-0.8037549838395129,-0.5344903519411534,0.0716773736918669,0.015754124975363777,-0.09790425481797661,-1.9439982350923428,-0.2942506312011886,0.3889025357676434,0.4031260680437987,0.19952494659095016,0.20741147721833977,-0.028387587101775906,-0.0022860604157946512,-0.0799089873557422,-1.2757283397532033,-1.2701502947084553,-0.604296904694689,-0.6139508179277982,-0.5969175773249759,0.03358215158698057,0,0,0,0,0,train
c597a70f-7638-4c4b-b09e-511a2ce195d0,6,5,-1,0.11264981546995165,0.09527715173386644,-0.0704586305277389,-1.089282379061436,-0.5353755013213242,0.020549435929504267,-0.061221127349628354,-0.0973875777869422,-2.7346767768356934,-0.42737607057821353,0.3883217726314171,0.311600475905189,0.1976133505476879,0.20561791744805605,-0.028936779901592387,-0.002286062095037669,-0.0800947678065195,-1.1523492727226685,-1.1464228861964931,-0.5657259240775862,-0.5498158554506799,-0.5433190521004568,0.03358215602033713,1,1,1,1,0,train
c597a70f-7638-4c4b-b09e-511a2ce195d0,7,6,-1,0.05236874716576897,0.06493489192301695,-0.008516485780668808,-0.17684346004424342,-0.3057637070269398,-0.06303831089542838,-0.04665978510714097,0.051512526893645404,-1.7311275421194388,0.36093573304052445,0.388758014065541,0.2912614554299389,0.19498357871439678,0.20369488214842502,-0.03200127572456835,-0.0022860714346332888,-0.07914803062935838,-1.033713684095013,-1.0111762879741273,-0.5393765899894112,-0.578866873222103,-0.5675133322691548,0.03358211915379819,0,0,1,1,0,train
c597a70f-7638-4c4b-b09e-511a2ce195d0,8,7,-1,0.10482950182144929,0.09336667521302802,-0.06004405864732499,-0.8572975323498253,-0.3282138763747211,0.040541536765674215,0.0034124433783156477,-0.06117356813804873,-2.428827615814539,0.23825149971389384,0.38892929904581053,0.33193949638043235,0.19088141780620785,0.20104937339503595,-0.03828404135446889,-0.0022860905904372314,-0.08730156305307256,-0.8863862161555225,-0.8811294317596331,-0.48404418176087655,-0.40459065518357035,-0.42116938218061656,0.033582151421257894,1,1,1,1,0,train
c597a70f-7638-4c4b-b09e-511a2ce195d0,9,8,-1,0.12394431026892107,0.11133949588761798,-0.06987926358386218,-0.7897557498406685,-0.17147175985249957,0.07027923966355289,0.03885517406619671,-0.07131092687853227,-2.1545693744897725,0.19022202656347642,0.38893130629167305,0.33193949638043235,0.19583914745350373,0.19692266458591356,0.00037501280661273595,-0.002285972774613145,-0.05210880070142692,-0.5814222124499531,-0.7196308944218573,-0.3521792651699885,0.5032120929681517,0.38286137061728687,0.033582153628461106,0,0,1,1,0,train
c597a70f-7638-4c4b-b09e-511a2ce195d0,10,9,-1,0.1449504109148824,0.1424568730715333,-0.06734127551829837,1.3510506321633036,0.6601637409667144,0.09768266661850732,0.08308444523436427,-0.06845366404901487,-1.6664050803833037,0.9158863449418598,0.3868517995780885,0.3421090066180529,0.20172773846305475,0.20191006197637226,0.004347049731285434,-0.0022859607358568946,-0.051548486861882584,-0.3198549405968592,-0.3853331478580621,-0.2971431141197155,0.26331154420871977,0.16151479756082052,0.033582161311448734,1,1,1,1,0,train
c597a70f-7638-4c4b-b09e-511a2ce195d0,11,10,-1,0.1703274154039804,0.14234248350326145,-0.10855050354020182,-1.5191508638009226,-0.5387316620466986,0.13059352587629863,0.08327233352136411,-0.12083616845854925,-1.101789270937151,0.7023635194016031,0.3845648774587089,0.31160047590518225,0.20171486792918328,0.2078338911328354,-0.020834813122299754,-0.002286037434792946,-0.07876457977895403,-0.010877001345751328,-0.09860635881790364,-0.20801392434289187,0.5247656696442135,0.40333459151545925,0.03358216294598971,1,1,0,0,0,train
c597a70f-7638-4c4b-b09e-511a2ce195d0,12,11,-1,0.1701651630935664,0.1430441866757946,-0.10746393992919424,-0.6885671273763042,-0.41103328501862646,0.1305582685834107,0.08384152450845185,-0.1201796389980619,-1.3697769728389686,0.8955259558028926,0.3888309439985464,0.39295655780617367,0.2019146829675381,0.20782094357990066,-0.01992727202060302,-0.002286034673606669,-0.07785797117916081,0.36204709017984266,0.24009141395036573,-0.10229932856894716,0.8596829137631733,0.7294942137243615,0.03358222372983758,0,0,1,1,0,train
c597a70f-7638-4c4b-b09e-511a2ce195d0,13,12,-1,0.17090830344660748,0.14624026535944926,-0.10491392348417278,2.098851605302946,1.4734454281070055,0.13105187068384158,0.08857188843997715,-0.11598018132476715,-1.4021640973107705,0.6068264715935955,0.38774770031473255,0.28109194519231384,0.20242725197896996,0.2080219543392124,-0.018592733517048973,-0.002286030613530074,-0.07638807625261079,0.7202119290280394,0.6488861632372956,-0.014826743216778914,0.7842759463365838,0.6542141209256225,0.03358215617839487,0,0,1,1,0,train
c597a70f-7638-4c4b-b09e-511a2ce195d0,14,13,-1,0.1732219470790754,0.1462385580524601,-0.10866076368523027,-1.5187953098958542,0.21500000583942852,0.13430162047313143,0.08854425780953601,-0.12120133869100966,0.004657158278303922,2.697679912454473,0.23727384514796634,0.07770174043983755,0.20232686181477239,0.20853759063483807,-0.02120826422617496,-0.0022860385708433017,-0.07876309353534781,1.3816507054429483,1.0415020033707927,0.18287710749615713,2.0792823346369786,2.2010736173027254,0.03358228635621728,0,0,1,1,0,train
7c7a9214-a0ba-4141-bee3-c853148e00fa,1,0,-1,-0.551586372019741,-0.0919512546152889,0.784821295538261,1.1343484905343533,0.2610270025864274,-0.6834487361569239,-0.2890062026644604,0.7871732113182465,0.11006590782129608,-1.4594902408474997,0.3279110320706594,0.39295655780617367,0.15878584572753973,0.022726287402032332,0.5811505175585399,-0.0022841412633426584,0.5820431074434487,-1.3474361470923113,-1.3383272135249416,-0.6299167844662659,-0.672250915985273,-0.6454401592183342,0.03358215561095484,0,0,0,0,0,train
7c7a9214-a0ba-4141-bee3-c853148e00fa,2,1,-1,-0.019941286319638728,-0.08885761435098218,-0.07206040972551575,-0.9883172956925925,-0.5204611094419078,-0.18354287491145205,-0.26999080279485926,0.008540925549380754,-0.23541312333421688,-0.6857961692634619,0.2577276804871811,0.3319394963804301,0.1591816146440879,0.16463502814374958,-0.01909112598288243,-0.0022860320884490262,-0.06956027312564345,-1.107136341444446,-1.2250280924281058,-0.5009183283717634,0.14324848992049735,0.05303933037300717,0.03358215801634943,1,2,1,1,0,train
7c7a9214-a0ba-4141-bee3-c853148e00fa,3,2,-1,-0.04229618670636963,-0.09942072269274033,-0.048280303537744845,-1.0578588165529994,-0.5196130434275671,-0.2561789771041651,-0.2872120537278149,0.10642985658701404,-0.26706396557638223,-0.34750070737680316,0.3558833413289699,0.26075292471706146,0.15760465248148423,0.1650331653964926,-0.02750887862206954,-0.0022860579032111675,-0.0734408551814797,-1.0060641194918964,-0.9616144352367595,-0.5464531292163247,-0.6865512594654504,-0.6570959081664486,0.0335821565773063,0,0,0,0,0,train
7c7a9214-a0ba-4141-bee3-c853148e00fa,4,3,-1,-0.03192566307968129,-0.12447545275824878,-0.09448531849439161,-1.3418749394352094,-0.5385953752197388,-0.2444334354976072,-0.4285924635691042,-0.06141830988959135,-0.45205444843640824,-0.1773090238615766,-1.0878128564131908,0.22007488376657028,0.13761349574560067,0.16344676647316458,-0.106083265473813,-0.002286298941148721,-0.07251938414562428,-0.8495687045182896,-0.8508203230517876,-0.46980929859858717,-0.3493550291537079,-0.37440794252052134,0.033582157704788305,0,0,1,1,0,train
7c7a9214-a0ba-4141-bee3-c853148e00fa,5,4,-1,-0.2674454194672271,0.1076414689491586,0.5592771523278957,1.7278635202154602,-0.5147723032866701,-0.5497348449951337,0.027484248618647733,0.9072753699006526,0.38881763028459937,0.10199354915895753,-0.6840118608375874,0.39295655780617367,0.19671723962688578,0.14333597987729246,0.23141905070740668,-0.00228526073165616,0.19849267871748338,-0.6703118086839351,-0.67927199624089,-0.413807236716258,-0.2133362479723968,-0.25831220048760045,0.03358215666779314,1,1,0,0,0,train
7c7a9214-a0ba-4141-bee3-c853148e00fa,6,5,-1,0.1388529443181803,0.1450656381509266,-0.05440876287141671,1.1005275749764118,2.0752528676378748,0.08516146456841524,0.08822742658047746,-0.04302577302167823,0.5151679625556567,0.08737591047600315,0.2428881118254721,0.2302443940041908,0.20246425476385047,0.20279340877534432,0.0037429376514873046,-0.0022859625880293577,-0.05191261654540609,-0.524696964330532,-0.4827728173040176,-0.39424341013459774,-0.4150615480855826,-0.4299046796450615,0.03358215690279746,0,0,0,0,0,train
7c7a9214-a0ba-4141-bee3-c853148e00fa,7,6,-1,0.1721642106432469,0.1457331951836771,-0.10754212439566896,-0.5085234345757589,-0.1535901088284892,0.13401226751770645,0.0883250548080362,-0.12097019370344164,1.7143880639365714,-0.4404275781412064,-0.7858842719348337,-0.2273835666888848,0.20264186813127696,0.20857481484952542,-0.02002200777857136,-0.0022860349621594903,-0.0773407584041968,-0.3867144170913816,-0.32315163663320706,-0.3641195630853377,-0.4612876390635273,-0.4688334823146154,0.033582157029125204,0,0,1,1,0,train
7c7a9214-a0ba-4141-bee3-c853148e00fa,8,7,-1,0.1723066458775798,0.1459039258825903,-0.10757219534431309,1.3097830494554272,0.21220396464505914,0.13396849984377662,0.08846873408633019,-0.12074876069014118,0.9145338011006787,0.4757891240638564,0.34488564124814974,0.006515168776471182,0.20274483240224883,0.20875349108002472,-0.020340539602464923,-0.002286035931199474,-0.07828749558135792,-0.15506385877999795,-0.17189688509959836,-0.26461815047884,0.09307802309955752,0.008923536954365867,0.03358215612719277,0,0,1,1,0,train
7c7a9214-a0ba-4141-bee3-c853148e00fa,9,8,-1,0.17296927935904144,0.14622319228955794,-0.1082698413528567,1.878116786985407,0.03612850223116005,0.1342493424181597,0.08855346801968306,-0.12110810373804105,1.1915366574370096,-0.6492518236180874,-0.049368893005245135,-0.26806160763937376,0.2027361447918856,0.20885707150350258,-0.020816964356305718,-0.0022860373804669625,-0.07871850622716126,0.12360808867002965,0.08203557477362036,-0.18129051724312772,0.35880002116813386,0.24875780331282807,0.03358215720525574,0,0,1,1,0,train
7c7a9214-a0ba-4141-bee3-c853148e00fa,10,9,-1,0.1732070842720146,0.14623172882450358,-0.1086447258459534,-0.08189979982795244,0.08778206369504425,0.13429554162953006,0.08857004639794774,-0.12116443318879293,1.2705630573492057,1.3983284155345757,0.27068043803810876,-0.35958719977799475,0.20263671991772836,0.20884833190527163,-0.021204145280176338,-0.002286038558239204,-0.07876309353534781,0.569935259749401,0.38751229639034696,-0.0396546590373726,1.2165017831813436,1.1038892296037188,0.03358216458132796,0,0,0,0,1,train
bf9cb184-24de-44d5-a1cd-18a6f8b6b00e,1,0,-1,0.15618793162011868,0.13905591754918284,-0.08952361196811164,0.28479460732895917,-0.48102872790106055,0.1326931584562102,0.08730272148171356,-0.11994072443107982,-0.12435393870203325,-1.0950917949521037,-0.2961698080330323,0.25058341447944094,0.2017544448208381,0.20350228729852088,-0.00229269121849582,-0.0022859809757586435,-0.058200913243316166,0.37475557273209176,0.5088383546984964,-0.17137568286163618,-0.44627714869715324,-0.4561590638464438,0.033582156910637005,1,2,0,0,0,train
bf9cb184-24de-44d5-a1cd-18a6f8b6b00e,2,1,-1,0.1654041105650832,0.14592099895248162,-0.09637978825897124,0.7440030189634901,-0.33050124749240645,0.13311016712726384,0.08845768183415373,-0.11938908429268218,-0.2576015119307234,0.613352007554352,0.33546831274309746,0.2912614554299389,0.2024887087782063,0.20786075730517498,-0.017646748919365084,-0.002286027735202933,-0.07485873158181205,0.5309826409632415,0.6628170436947934,-0.123279120373963,-0.35116694256974107,-0.37577665461699117,0.03358215722982158,1,1,0,0,0,train
bf9cb184-24de-44d5-a1cd-18a6f8b6b00e,3,2,-1,0.17260266345154116,0.1461668511589166,-0.10774259738662977,0.3617359115751628,-0.4676220739619699,0.1341763962949433,0.08856820435591833,-0.12097602088800218,0.09404804212770525,0.21528087129682516,0.37628967184943807,0.19973586329132242,0.20238799685066192,0.20859941520010142,-0.021209637208174502,-0.0022860385750051453,-0.07821466964465322,0.7628501428840295,0.8340712121453235,-0.03399177686055827,0.09427452901688946,0.010030065543923968,0.033582156029334446,0,0,1,1,0,train
bf9cb184-24de-44d5-a1cd-18a6f8b6b00e,4,3,-1,0.1730212991837543,0.14621807036859055,-0.10836005419878905,0.19959402140846086,0.04847499643401851,0.1342943258608098,0.08858846681824185,-0.12114306684540428,-0.0060021152299112234,0.29881064416897407,0.38726596130772456,0.1793968428160791,0.20237737866021796,0.20849810059838714,-0.020825202248302966,-0.0022860374055350594,-0.07763057590740939,1.1381274409222037,1.0882414829040044,0.09302440557550709,0.8715701656181867,0.7414968271705639,0.033582157201520184,0,0,1,1,0,train
bf9cb184-24de-44d5-a1cd-18a6f8b6b00e,5,4,-1,0.17312162313141485,0.146236850745471,-0.10850038529246162,-1.1466223161832527,-0.22589475761101935,0.13432107277265581,0.08857373048200658,-0.12120133869100966,-0.11802600923462339,2.697679912454473,0.36836105069243136,-1.2239955699760274,0.20156878736974193,0.208487418867216,-0.024230197607165146,-0.0022860477639354776,-0.07876309353534781,1.6575931675525146,1.499615787891922,0.24145496960629895,1.540743657902172,1.4769350314058889,0.033582158574994844,0,0,1,1,0,train
181f8a67-7210-4a03-91ac-3b4555dbea27,1,0,-1,0.17107179432427652,0.14557953755465528,-0.10595437830725937,1.0140454247280555,-0.08484888167231487,0.13306032060973266,0.08809848363841875,-0.11968821310012316,-0.5197610230191191,-1.2323938069893072,-0.18014296819515493,0.17939684281607682,0.20272745718152232,0.20845375522958567,-0.019143299298864994,-0.0022860322889560122,-0.0770093260800101,-0.25559364460049994,-0.28299231803502267,-0.28960397354294304,0.09779363267370934,0.013092290256168366,0.03358215570876761,1,1,0,0,0,train
181f8a67-7210-4a03-91ac-3b4555dbea27,2,1,-1,0.17259151634624556,0.14597051085516644,-0.10795509875704823,0.44114825938053354,-0.4611848586933495,0.13396120523145497,0.0884153148674773,-0.12079343577177197,-0.22595178921120454,0.6115250516569712,0.16993007737801852,0.30143096566755945,0.20276349467636248,0.2088395923070407,-0.020626119858369492,-0.002286036799933357,-0.07856542313572076,0.018969383436574564,-0.02816392567227782,-0.20861207839761103,0.33597716578538117,0.2278001138233492,0.033582156333428606,0,0,1,1,0,train
181f8a67-7210-4a03-91ac-3b4555dbea27,3,2,-1,0.17288505678569677,0.14622489959654708,-0.10813151498909374,1.27388646179427,0.4425037055384608,0.1341314128522932,0.08855531006171247,-0.12091774904239679,-0.30639838395626134,0.8777759304110211,0.11670393884122186,0.3726175373309258,0.20279921040785587,0.20887584545525795,-0.020627492840369032,-0.0022860368041129507,-0.07857731308457051,0.2098383098015403,0.27280864960628415,-0.18780280764924528,-0.14469076209670084,-0.1990846260952392,0.033582157230631265,0,0,1,1,0,train
181f8a67-7210-4a03-91ac-3b4555dbea27,4,3,-1,0.17318974433044362,0.1462385580524601,-0.10860864070758046,0.33979969373994606,-0.08178058614784843,0.13429189432336924,0.08858478273418303,-0.12114306684540428,0.13123162509118952,1.0249971099781732,-0.22713058659119797,0.3217699861428073,0.2027982451178155,0.20891177491465182,-0.02078401278831673,-0.002286037280231071,-0.07874674485567941,0.4985268844503166,0.48203679193636123,-0.08467197368164217,0.41411151576508204,0.2998479663132188,0.033582157649310516,0,0,1,1,0,train
181f8a67-7210-4a03-91ac-3b4555dbea27,5,4,-1,0.1732219470790754,0.1462385580524601,-0.10866076368523027,-1.4686315890237849,-0.05572064096642372,0.13432593584753688,0.08856820435591833,-0.12121493545498425,0.9998919366180935,1.86238268160896,-0.10106216478502049,0.20990537352894972,0.20277765226362113,0.20891080384818173,-0.020867764690288743,-0.0022860375349944384,-0.07876309353534781,1.1043871105890057,0.7984936156635789,0.10960343430881736,1.8826286527109726,1.9175932464557208,0.033582161130531155,0,0,0,0,1,train
2ab764ca-d6de-4422-b2b2-1928e2d3b3af,1,0,-1,0.16476872556323308,0.14624197266643837,-0.09497447259233598,1.9322800967220917,0.44544109455208625,0.12526238003790136,0.08857004639794774,-0.10673243942719249,-0.7424447402989995,-1.4466127409384473,-0.01314278876019754,0.27092243495468654,0.20278987927079903,0.20671230935986426,-0.011490297633422334,-0.0022860089984062504,-0.06870271056485543,1.494497382084126,1.5871164474971506,0.16252054447057035,0.3469690575700603,0.23792062149343796,0.03358215561786434,0,0,0,0,0,train
2ab764ca-d6de-4422-b2b2-1928e2d3b3af,2,1,-1,0.17322442421358555,0.1462385580524601,-0.10866477314504948,-1.5677692150502693,7.628102095743478,0.13431499392905444,0.08854794189359483,-0.12121882024469129,1.946446304329848,-1.4788064907110785,-0.06622908916857104,-1.1731480187879066,0.20278408753055688,0.20890238793877414,-0.02080460751830985,-0.0022860373428779195,-0.07876309353534781,2.387568732807885,1.8902640835134663,0.4455580179203896,2.7189157210267068,3.38252379437606,0.03358215736159914,0,0,1,1,0,train
7b0d1724-f716-4703-8208-16ed8476e574,1,0,-1,0.08757254425658023,0.04967327474716821,-0.08341720466344546,-0.7348402248786398,-0.541085528188829,0.11221353436321076,0.06427535407205703,-0.11150296118742004,-0.4294912699651174,-1.3665634245382814,-0.7334730752182256,0.26075292471706596,0.18030698717739604,0.18346756757614033,-0.008829458518311482,-0.0022860007447801528,-0.05594776793628906,-0.49902924040404,-0.39316838487831096,-0.4300693090374713,-0.7576873524047697,-0.7159129081963294,0.033582156605131454,1,1,0,0,0,train
7b0d1724-f716-4703-8208-16ed8476e574,2,1,-1,0.08731244513301585,0.0914135160174613,-0.03398457455232971,-0.6257199462783732,-0.5254115924718517,0.10982941190275532,0.06989726634581687,-0.10176573578676015,-0.5491064333801493,0.2090162223479851,0.21222676219332112,0.29126145542993664,0.193999304636575,0.18628495509473794,0.03764598216615821,-0.0022858587995457477,-0.008740212271973838,-0.453101268028945,-0.29501499701743067,-0.48042731133412436,-1.0280384359267278,-0.9383611128651235,0.03358215579410558,1,1,0,0,0,train
7b0d1724-f716-4703-8208-16ed8476e574,3,2,-1,0.10208607535147261,0.07906114995109306,-0.07240121381014912,-1.041274133637521,-0.5394547544416779,0.11691734354194716,0.06787102011346569,-0.11522653212160415,-0.4396185242149529,0.3802520762558488,0.27170881700168004,0.31160047590518225,0.1911822665354538,0.20005920928435234,-0.03280035124830133,-0.0022860738922066627,-0.07346017634836054,-0.5288515481498782,-0.24466932512606276,3.6894808839439936,-1.786151150892265,-1.5589853639504936,0.03358215941630279,1,1,1,1,0,train
7b0d1724-f716-4703-8208-16ed8476e574,4,3,-1,0.038730883120209995,0.12432698015394321,0.08329613461956152,0.48321533364529545,-0.28465896157861525,0.09398308240271645,0.08287813652707032,-0.06276050473336872,-0.5190992576136505,-0.10317628664718487,0.3876419853659725,0.27092243495468876,0.19674748538148376,0.19722531363576293,0.0029672028217465254,-0.002285964876076348,-0.045692687053382065,-0.47072158928387575,-0.3277058397255127,-0.4626339078398647,-0.9521621053798858,-0.8761244471312823,0.03358215789427133,0,0,0,0,0,train
7b0d1724-f716-4703-8208-16ed8476e574,5,4,-1,0.14840477498926838,0.1226538193045941,-0.09618532945773925,-1.040690610233383,-0.5147593817030354,0.12937410984986478,0.08251157016321771,-0.11969015549497668,-0.9033935407323197,0.056574315286641585,0.3861773649682773,0.3522785168556757,0.1975509284584112,0.20282383552474095,-0.017351557789463724,-0.0022860268274081334,-0.06787933160701043,-0.35226013653975874,-0.2639845020573719,-0.36851123202866204,-0.5801251266558655,-0.5684015185316241,0.03358215642705158,1,2,0,0,0,train
7b0d1724-f716-4703-8208-16ed8476e574,6,5,-1,0.1353279819102554,0.14060615229531448,-0.053939656072568426,0.6478933213979593,0.15538585707223654,0.12436514272233984,0.08772270706441908,-0.10619245365791592,0.1325743174621769,-0.027477480547328802,0.3879002510002851,0.01668467901409172,0.20091946893592552,0.20363208651669157,-0.006406145289121261,-0.0022859935019200017,-0.05937653193583493,-0.16205235019633038,-0.1341285314318504,-0.281480333768557,-0.14856681233397687,-0.20245679427083496,0.03358215645559023,0,0,1,1,0,train
7b0d1724-f716-4703-8208-16ed8476e574,7,6,-1,0.16625748340382537,0.1413983427382716,-0.10307157669724297,-0.37703758156342976,-0.36699191114976937,0.13312354058318684,0.08791980556156596,-0.11997762993329657,-0.6779957764988905,0.2304206574105952,0.3860395340857167,-0.1968750359760119,0.20097159459810504,0.20702078480853425,-0.020557470758392433,-0.0022860365908817398,-0.07455851037335594,0.16628919787622978,0.07437487743238298,-0.15950381262413332,0.6284179759322478,0.5020993664576057,0.03358215450953232,1,1,1,1,0,train
7b0d1724-f716-4703-8208-16ed8476e574,8,7,-1,0.16791097068934177,0.14358881760532763,-0.10317582265254259,-0.8951341881169654,-0.48868584842206964,0.1334007358514091,0.08793269985577183,-0.12040689919592291,-0.29740934614993103,0.42723737901362907,0.364475691784521,0.02685418925171452,0.20173288667660336,0.20707322239791992,-0.01753141843140362,-0.0022860273828797465,-0.0739580679564437,0.3378196175835022,0.43429879727276366,-0.16417357262433688,-0.2594875180303483,-0.29772136655904646,0.03358215709058179,1,1,1,1,0,train
7b0d1724-f716-4703-8208-16ed8476e574,9,8,-1,0.16842249896568506,0.14525002730575284,-0.10205317390316207,1.1939561493410744,-0.15384029149595796,0.13302506331684474,0.08838584219500674,-0.11932887005222328,0.005349955084330176,0.6016057440994041,0.38582342061451724,-0.12568846431264327,0.20259875184280748,0.2078390701540093,-0.01708519928155273,-0.0022860260266601997,-0.0747487495549519,0.5212210509147415,0.6223283092103261,-0.11274641499371325,-0.18888066306268367,-0.2371728396952247,0.033582156949380174,0,0,1,1,0,train
7b0d1724-f716-4703-8208-16ed8476e574,10,9,-1,0.17223109327502062,0.1461890461497753,-0.10711511692492244,1.0942375235580428,-0.062314420124748485,0.13417761206366358,0.08857188843997715,-0.12097407849314866,-0.0533236670706627,0.2925458707511398,0.38606495919997547,-0.1358579745502593,0.20268176678627856,0.20871011677769338,-0.020425664486436478,-0.002286036190138188,-0.07812103629746146,0.792249436217795,0.8233706785858163,-0.015291411307094029,0.31623558283996356,0.2097715429435383,0.0335821570263577,0,0,1,1,0,train
7b0d1724-f716-4703-8208-16ed8476e574,11,10,-1,0.173124100265925,0.1462385580524601,-0.10850239002237122,-0.39189188344722314,-0.000700742217228453,0.13429918893569087,0.08857004639794774,-0.12117026037335346,0.7178286626060592,1.8561179081911257,0.3766636886618234,-0.7663676092829406,0.2015819796669602,0.2087936284941224,-0.025472746316749936,-0.0022860515431111393,-0.07876606602256025,1.2594976986688444,1.120468622476629,0.1360305655272774,1.3124823583639993,1.2105979996434608,0.03358215831419636,0,0,1,1,0,train
d7e082c8-4e58-4ae1-b806-2b6f864b8023,1,0,-1,0.17322318564633046,0.14624197266643837,-0.10865875895532065,0.37667657828763207,-0.14869380402007906,0.13431864123521525,0.08858109865012422,-0.12118968432188859,-0.5166812059177746,-0.5397496658294022,-0.20053257166676863,0.38278704756855314,0.2027628511496689,0.20886354527996995,-0.020730466490334623,-0.0022860371173482746,-0.07870513003470529,1.5560399343446676,1.7188284300217256,0.16059081971179975,0.013770431355616203,-0.061032233969314655,0.033582157514064376,0,0,0,0,0,train
d7e082c8-4e58-4ae1-b806-2b6f864b8023,2,1,-1,0.17322690134809568,0.14624026535944926,-0.10866677787495908,-1.0200766154927712,-0.07345325253117117,0.13432350431009635,0.08856452027185951,-0.12121493545498425,-1.1514640761457162,-1.2908646106591133,-0.2882438632038423,0.39295655780617594,0.20274611945563598,0.2088751980776112,-0.02085128890629425,-0.002286037484878484,-0.07876309353534781,2.1086318537414463,1.9577262636019286,0.3577190824356974,1.6770955839413204,1.6458963548574217,0.03358215753367137,0,0,1,1,0,train
00f04539-fe8d-4b1f-889c-2501f92c7472,1,0,-1,0.17322442421358555,0.14624197266643837,-0.10866076368523027,-1.3966774330256824,0.015699134796189448,0.13432836738497744,0.08858109865012422,-0.12120522348071669,0.04788312612664451,-1.029834194902642,-1.5981711749291934,-0.0443323824116541,0.20280435862140445,0.2089179250022958,-0.02078401278831673,-0.0022860372802310557,-0.07876309353534781,1.158472150663197,1.041354013205467,0.107188031104826,1.1794189528824737,1.0634320621196072,0.0335821565126417,0,0,0,0,1,train
c2910a17-6f15-4412-90cd-5e02583970e7,1,0,-1,0.17322690134809568,0.14624367997342752,-0.10866276841513987,-1.4243052753340777,0.1955347316006772,0.13431134662289362,0.08856820435591833,-0.1211916267167421,-0.2032124828096668,-1.4788064907110785,0.07684338142108058,0.28109194519230934,0.20280532391144482,0.2089179250022958,-0.020779893842318105,-0.002286037267701726,-0.07876309353534781,1.3042218991895111,1.2160496190356829,0.14202873141257447,1.114929435943328,0.9939791915126469,0.0335821570735752,0,0,0,0,1,train
5149324c-805b-4ee2-b8f4-bf1d84441a60,1,0,-1,0.17319222146495375,0.14623343613149273,-0.1086186643571285,-1.2754565726715303,-0.20264014304426212,0.1342943258608098,0.08855531006171247,-0.12117802995276751,0.21460540138912726,-1.4788064907110785,-2.0463724489840343,0.09804076091508089,0.20272488307474804,0.2089179250022958,-0.021123139342203407,-0.002286038311812512,-0.07876309353534781,2.1014945532898484,1.874641501386939,0.36113431905543614,1.9388720462664115,1.9960837910917912,0.033582157215338505,0,0,0,0,1,train
fde00e4d-805c-4530-bd45-f4eef372baa1,1,0,-1,0.13902510516663483,0.14361101259618636,-0.05639545021183831,1.0792840703644448,-0.3496007415174993,0.04385815383457908,0.07884774856672087,0.01307253274262622,-0.7362325182265734,-1.4083282876364196,0.27236451731677425,0.30143096566755945,0.2020485365198015,0.20266037266893996,0.0025333405098915056,-0.0022859662698888387,-0.050398134310669536,-0.09494253811538127,-0.01415345006359536,-0.28504614082654883,-0.40149563020112816,-0.4184021115856707,0.03358215235459013,1,3,0,0,0,train
fde00e4d-805c-4530-bd45-f4eef372baa1,2,1,-1,0.1676149531153804,0.1456888052019597,-0.10023087441532834,0.009378963275371154,-0.5328873544792031,0.11850270595318321,0.0874371905498605,-0.09712729687657147,-0.3437873142790949,0.42410499230471194,-1.4643112937666156,0.1488883121032039,0.2026212752770826,0.20815660888973359,-0.018335985883134766,-0.0022860298325907027,-0.07529865968925271,-0.04118662347243777,0.14793981846929574,-0.36215008451055375,-0.9793600759634038,-0.8984344151367717,0.03358215681507701,1,2,0,0,0,train
fde00e4d-805c-4530-bd45-f4eef372baa1,3,2,-1,0.17239458415268966,0.14610026618634045,-0.10748398722829032,0.15415658774515095,-0.5407219033633477,0.1328998391386566,0.08816848123553633,-0.11935800597502598,0.4128185618028261,1.0855562544332535,0.25533905791076644,-0.03416287217403356,0.2026988202436583,0.20873277499532916,-0.020449005180428678,-0.002286036261144636,-0.07798281564208315,-0.0025821241997065003,0.20686638328106124,-0.38393620701554165,-1.073654605159305,-0.9757147476869805,0.03358215716611339,0,0,1,1,0,train
fde00e4d-805c-4530-bd45-f4eef372baa1,4,3,-1,0.1726398204691932,0.14607124196752522,-0.10791500415885606,0.44756124047712187,-0.5243305210893509,0.13317338710071805,0.08819426982394808,-0.11976785128911718,0.45118425485919217,0.2852370514096626,-0.08920469439308185,0.09804076091507863,0.2025337556467565,0.20881078400176092,-0.021484233608082742,-0.0022860394102593427,-0.07840788131346162,0.08930914182726628,0.24918415507473624,-0.280016473518169,-0.7432312524356101,-0.7039237001397498,0.033582157041640616,0,0,1,1,0,train
fde00e4d-805c-4530-bd45-f4eef372baa1,5,4,-1,0.1725035780711357,0.1461890461497753,-0.10755615750503622,0.9844379911883462,-0.24581634675365452,0.13370954110635846,0.08853320555735955,-0.12026704676646999,0.1917829334463951,0.4737010322165706,-0.3616147212170236,0.22007488376657028,0.2025855595455892,0.20864473163537298,-0.020558843740391974,-0.0022860365952605878,-0.07807942147648735,0.2849680145341698,0.3499142176016214,-0.16698848365850763,-0.11645537403156969,-0.17465333455198412,0.033582156745954585,0,0,1,1,0,train
fde00e4d-805c-4530-bd45-f4eef372baa1,6,5,-1,0.1731587801490669,0.14623002151751446,-0.10856854610938829,0.5026371011827768,-0.1166998514675827,0.13428216817360705,0.08856452027185951,-0.12114889402996482,0.6325937607185523,0.3969580557240774,-0.8893577961484275,0.19973586329132018,0.20249482228179524,0.2086968455359353,-0.021167074766188725,-0.002286038445506669,-0.07873485490682966,0.5362631739221594,0.5643930395162217,-0.08499643271556767,0.20521605767263731,0.10912152287988999,0.03358215744111937,0,0,1,1,0,train
fde00e4d-805c-4530-bd45-f4eef372baa1,7,6,-1,0.17318231292691322,0.14624026535944926,-0.1085946075982132,-0.714685982648083,0.2236570024036452,0.13427973663616652,0.08853320555735955,-0.12117802995276751,2.9497516073134458,-0.08664431483289672,-2.050055076059829,-6.298581178550364,0.2022312981007766,0.2086055652877454,-0.02190436609994235,-0.0022860406884054533,-0.07876309353534781,1.256395190566952,0.8398596666756044,0.1546267854726162,2.267862394682992,2.5004405749489504,0.033582162383393066,0,0,1,1,0,train
d8cfa0be-ece5-477b-9678-ec31734eb73a,1,0,-1,-0.0671864342642257,-0.17880025384543202,-0.10120116369157864,-1.4947507807819091,-0.5293667245674506,-0.12271553429875105,-0.2932613197523979,-0.11317924794600162,-0.06551494552382535,-1.3946241891366526,-0.13607589252909794,0.32176998614280955,0.14011456224017693,0.1472027665612501,-0.026509347726403544,-0.002286054896344826,-0.0746759236182472,-0.7218600302779538,-0.7936589369944845,-0.4068151443542458,0.09560076185720731,0.011004072169292934,0.033582157579028896,1,1,0,0,0,train
d8cfa0be-ece5-477b-9678-ec31734eb73a,2,1,-1,-0.07427103896321738,0.1411559051458149,0.28596029537157003,2.08978531721005,1.830982879031186,-0.1344002874692953,0.08056453173813116,0.29968066295786044,0.14527201825452546,1.014686347433737,0.26106773760243657,0.3217699861428118,0.2017065020821668,0.14585201310133422,0.2420363205098588,-0.0022852284197551302,0.20621965922621288,-0.370965461238763,-0.5392793364632061,-0.2901867623864606,0.7468537363836013,0.6171318513922874,0.033582152688812185,1,1,0,0,0,train
d8cfa0be-ece5-477b-9678-ec31734eb73a,3,2,-1,0.16897366139419054,0.14615490000999268,-0.10188277186084538,1.853817313383695,0.8958554329779522,0.1281960299599202,0.08836373769065381,-0.11163698643231242,0.3444322235506399,1.512601905513767,0.31021381438265716,0.25058341447944094,0.20274805003571672,0.2078125276704931,-0.016335551109803236,-0.0022860237458030377,-0.07384214095515867,-0.012620683284383054,-0.1546330756391674,-0.19886842713077812,0.7852574421957996,0.6551319067314266,0.03358216093058994,1,1,0,0,0,train
d8cfa0be-ece5-477b-9678-ec31734eb73a,4,3,-1,0.17297918789708197,0.14617709500085138,-0.10834000689969298,-0.43276420686126343,-0.535193283536289,0.13355270694144322,0.08843926141385963,-0.12011553996789598,0.6405963796191644,0.7503931170210149,0.17577383916580724,0.26075292471706596,0.20270235964047295,0.20886030839173628,-0.02097485728625296,-0.002286037860762952,-0.07864716653406277,0.28113659283748776,0.23818001150376303,-0.13808282802442515,0.44194184893883715,0.3257010583094017,0.03358215613110136,0,0,1,1,0,train
d8cfa0be-ece5-477b-9678-ec31734eb73a,5,4,-1,0.17282808269196362,0.14624197266643837,-0.10801925011415568,1.2394150059683804,-0.10972253072398948,0.13334602625899683,0.08856820435591833,-0.1196493652030529,1.0103292813655615,1.5804696203723358,0.3540373442173934,0.04719320972697367,0.2027779740269679,0.20881434457881798,-0.020457243072425923,-0.002286036286218881,-0.07840639506985539,0.5294328158467891,0.5601930827220649,-0.08758391773734604,0.18819475579203432,0.09382534130350849,0.033582157430645646,0,0,1,1,0,train
d8cfa0be-ece5-477b-9678-ec31734eb73a,6,5,-1,0.17322690134809568,0.14624026535944926,-0.10866677787495908,-1.56773881911706,0.2457401095977669,0.13431134662289362,0.08854978393562424,-0.12121105066527722,2.0832913694327186,2.697679912454473,-0.2806558047615121,-0.04433238241164055,0.2027731475767661,0.20889041145230952,-0.020800488572311225,-0.002286037330348694,-0.07876309353534781,1.2748160259012704,0.8323723131352678,0.16047072235758653,2.3431726317669517,2.6292351843177157,0.0335821736803539,0,0,1,1,0,train
656476db-a968-4c86-8c70-2043db1bd4dc,1,0,-1,0.15990115625081397,0.1461344123261231,-0.08722218203188158,2.0416269427949882,0.8332104064712547,0.11984005154548356,0.08825689925294802,-0.09839956550562239,-0.2726568520226993,-1.0052227539690708,-1.4278945011646273,0.25058341447944543,0.20274998061579744,0.20552242924516242,-0.006613465571051983,-0.002285994148201241,-0.0633150774923137,0.730711642400955,0.5551484016166957,0.001681494286641995,1.252816903940002,1.1439279345854807,0.03358215224606037,1,1,0,0,0,train
656476db-a968-4c86-8c70-2043db1bd4dc,2,1,-1,0.17302377631826446,0.14623002151751446,-0.10835003054924101,-0.20768961198381838,-0.4179722032987073,0.13389069064567916,0.08851110105300662,-0.12057977233788555,-0.17509163018404342,1.4014779789646972,-0.23755622160119616,0.23024439400419533,0.20278247871382293,0.20886225052467647,-0.020641222660364444,-0.0022860368458766517,-0.07859366176423892,1.1272094601520852,1.0530116585349485,0.09357974176741056,0.9775891023825399,0.8497328421061474,0.033582155677464746,0,0,0,0,0,train
656476db-a968-4c86-8c70-2043db1bd4dc,3,2,-1,0.17320956140652471,0.14623514343848185,-0.1086447258459534,-1.5677171718288336,7.628102095743478,0.13420071166934877,0.08846505000227137,-0.12112364289686915,4.477155508946735,2.697679912454473,-6.664498538716693,-3.8578987215206166,0.20277153876003218,0.20889494309583667,-0.020826575230302506,-0.002286037409701397,-0.07876309353534781,1.9985452396692487,1.4876476332109478,0.34715876066495444,2.6701385076421116,3.2716607409931524,0.03358215690398515,0,0,1,1,0,train
f5e1f6ad-b2a9-4778-b90f-b1d0ac90908b,1,0,-1,0.16759637460655438,0.1395544511900093,-0.107403798031906,-0.8189185727558697,-0.3840844073406145,0.13191020340035436,0.08619012809594981,-0.11986302863693932,0.10462002822777983,-0.4172827553667059,0.08133024500579678,0.34210900661805516,0.20189022895318226,0.207533831593573,-0.018813783618975104,-0.0022860312855106477,-0.07615324976282829,-0.6155559866096441,-0.6059571080656027,-0.4057015633201914,-0.28565796048649755,-0.3201606753319115,0.03358216446436682,0,0,0,0,0,train
f5e1f6ad-b2a9-4778-b90f-b1d0ac90908b,2,1,-1,0.1670031008913766,0.13896884489273711,-0.10713115476419931,-1.1844114993351498,-0.5364109956146041,0.13112238526961742,0.08457465723615709,-0.12030783705839376,-0.03207131008679589,0.03284965370249746,0.2719590536525425,0.3726175373309258,0.201601928994461,0.2079973539886364,-0.022010085713907022,-0.002286041010429351,-0.07853421201999018,-0.4495686201440418,-0.4227501664066477,-0.36458518460253125,-0.29254223943607527,-0.3259939066084703,0.03358215898315609,1,1,1,1,0,train
f5e1f6ad-b2a9-4778-b90f-b1d0ac90908b,3,2,-1,0.162904681844355,0.13398009387049414,-0.10635532428918099,-0.9814228026356073,-0.5352958607987534,0.12473473641330284,0.0789582710884855,-0.11602485640639794,-1.1313905437704217,0.2567555582728408,0.1979271426686336,0.29126145542993664,0.2014339685274381,0.2077073288028984,-0.021496590446078614,-0.0022860394482913026,-0.07845989983967926,-0.5337478681064322,-0.2407968804670968,3.67899428622213,-1.838266387454107,-1.6019776139764201,0.033582164500579964,1,1,1,1,0,train
f5e1f6ad-b2a9-4778-b90f-b1d0ac90908b,4,3,-1,0.14535666097454486,0.13181864322225334,-0.08049029899541768,-0.1940257987903704,-0.47193383270870104,0.11559823448045091,0.07849591853910354,-0.10191530019048063,-1.6978832431999442,0.19352829645733982,0.3162295302326696,0.3421090066180529,0.20159967665103348,0.20753836323710015,-0.020072808112554387,-0.002286035116287152,-0.07734224464780301,-0.5089418983513472,-0.33307312474289996,-0.5537724322065879,-1.1596708433475358,-1.0460946378670117,0.03358215719498709,0,0,1,1,0,train
f5e1f6ad-b2a9-4778-b90f-b1d0ac90908b,5,4,-1,0.13949823785807097,0.1372256844568336,-0.06465894689924277,0.6195925764999048,-0.2694933512613669,0.11787536929352233,0.08493938155798031,-0.09875890855352226,-0.99196554866367,1.1152558011476585,0.38128972129300864,0.3014309656675617,0.20144040379437386,0.2077050629811348,-0.021459519932091,-0.0022860393355030578,-0.07630038787984392,-0.46203704960832487,-0.30588112932805506,-0.4806713241078143,-1.0219581782775289,-0.9333785202340563,0.033582157175038825,0,0,0,0,0,train
f5e1f6ad-b2a9-4778-b90f-b1d0ac90908b,6,5,-1,0.16403177804646732,0.1442102773493716,-0.09616728688855278,0.7568011649521061,-0.051341831183980814,0.12961969513135993,0.08745929505421342,-0.11486524667885077,-0.4410251731589154,0.5897144742661724,0.37798111102959947,0.31160047590518225,0.20241792084191312,0.20754483701356752,-0.016608774527711933,-0.0022860245764587477,-0.07287013763669183,-0.3469158219036697,-0.25446461771625645,-0.3696509641634908,-0.6005478630147751,-0.5854384550510755,0.03358215725135292,1,2,1,1,0,train
f5e1f6ad-b2a9-4778-b90f-b1d0ac90908b,7,6,-1,0.17089096350503655,0.14405832702733887,-0.10744790208991738,-0.7894507249684813,-0.5086011045024166,0.13279771456615366,0.08763060496294857,-0.11976202410455665,-0.7746637386957134,1.0479676139262477,0.3273643921140962,0.13871880186557434,0.20241309439171132,0.20852820365896038,-0.020800488572311225,-0.00228603733035292,-0.07837221146691237,-0.1662292734289051,-0.1282701602206128,-0.28659879398040394,-0.20495300352684223,-0.25102020638786854,0.033582156923375135,0,0,1,1,0,train
f5e1f6ad-b2a9-4778-b90f-b1d0ac90908b,8,7,-1,0.17086619215993518,0.14604563236268822,-0.10507430187694143,1.448781745265638,-0.16431953790353349,0.13312840365806794,0.08847426021241842,-0.11940073866180326,-0.146887670277735,1.1413586918046503,0.3792744464470251,0.118379781390331,0.20272198720462695,0.20852334832660988,-0.019461831122758552,-0.0022860332580250256,-0.07715051922260084,0.10888147515519815,0.06979618615323847,-0.18588904544210835,0.33901631262819876,0.23059378193848654,0.033582156453911056,0,0,1,1,0,train
f5e1f6ad-b2a9-4778-b90f-b1d0ac90908b,9,8,-1,0.17292964520687926,0.1461617292379492,-0.10827786027249513,-0.20002176114278084,-0.5222911856218678,0.13417882783238386,0.08854057372547719,-0.12100904160051189,-0.18533815562333691,0.7254502773902931,0.3797575236179415,-0.26806160763938275,0.20267758386277032,0.20883408959704344,-0.020969365358254794,-0.002286037844059788,-0.07857434059735807,0.39964218311946526,0.3713691658808291,-0.10901860918051223,0.4255033316991576,0.31041695592882396,0.03358215708338325,0,0,0,0,0,train
f5e1f6ad-b2a9-4778-b90f-b1d0ac90908b,10,9,-1,0.172798357077842,0.14624026535944926,-0.1079731413262347,1.7336907907466645,0.011493256862016197,0.1340998028655661,0.08858109865012422,-0.12084005324825628,-0.06619779616986134,1.6309358230228912,0.3792423305132246,0.13871880186557659,0.20272745718152232,0.2087894205394186,-0.020567081632389222,-0.0022860366203377373,-0.07845841359607304,0.6628011745032707,0.690097436367439,-0.04989618836877269,0.2721687840371487,0.16963341959410555,0.03358215713268916,0,0,1,1,0,train
f5e1f6ad-b2a9-4778-b90f-b1d0ac90908b,11,10,-1,0.17322442421358555,0.14624026535944926,-0.10866276841513987,-1.560819650394739,-0.18248094910924179,0.13432350431009635,0.08857188843997715,-0.1212071658755702,1.0869341664417993,2.697679912454473,0.13454367098546405,-0.11551895407501143,0.20262964112409906,0.2088395923070407,-0.021197280370178633,-0.0022860385373587653,-0.07876309353534781,1.3422958613114022,0.9785690485533227,0.17404162158762548,2.1393484963734846,2.2931684299384014,0.033582157522679394,0,0,0,0,1,train
4157d7da-6eb4-4cd7-a85d-4ffda47ad3ab,1,0,-1,0.17314144020749594,0.14622831421052535,-0.10854248462056339,1.2213230324682776,-0.5403222788160258,0.13419098551958658,0.08858294069215362,-0.12098379046741622,-0.2805997095713469,0.6543339217821915,0.24386630964248002,0.31160047590518225,0.20280468038475125,0.20890853802641815,-0.020742823328330495,-0.002286037154937568,-0.07871999247076748,0.37218658246455116,0.47765983200487394,-0.1580303602791284,-0.29049558540367226,-0.32418933981592885,0.03358215675841531,0,0,0,0,0,train
4157d7da-6eb4-4cd7-a85d-4ffda47ad3ab,2,1,-1,0.1732070842720146,0.14623343613149273,-0.10864272111604378,0.7684429195333865,-0.4781326071371095,0.13433323045985854,0.0885976770283889,-0.12119551150644912,-0.0902387465387342,1.3685131126555319,-0.5429988245028949,0.32176998614280955,0.20280500214809802,0.2089172776246491,-0.020778520860318565,-0.0022860372635252826,-0.07876012104813537,0.6643939773801453,0.6600009485263542,-0.042177235773827135,0.4334327678436083,0.3177958341367568,0.033582157229773285,0,0,1,1,0,train
4157d7da-6eb4-4cd7-a85d-4ffda47ad3ab,3,2,-1,0.17320956140652471,0.1462385580524601,-0.10864071638613418,-1.5649592175790783,0.25115576731620387,0.13434538814706126,0.08858662477621244,-0.12122658982410534,0.2553694755823098,1.987677154213692,-0.07090128845459448,0.26075292471706596,0.20279792335446872,0.20891760131347245,-0.020810099446308013,-0.002286037359583481,-0.07876457977895403,1.4577033651353077,0.9803150592496328,0.2084847915646251,2.476878336714972,2.873684356891431,0.03358215753767293,0,0,1,1,0,train
be6dd3c2-4e9c-4f28-b896-65fb0f21a20e,1,0,-1,0.1632787291553857,0.14360247606124069,-0.09566209495133154,1.091258946427761,0.4110434859186128,0.1329496856561878,0.08820163799206572,-0.11940268105665677,-0.7492017701248254,-0.9729295534700461,0.316788213664408,0.39295655780617594,0.2021495702106927,0.2062973402883061,-0.012462368889097504,-0.0022860119545944383,-0.06970592499905284,-0.05198556574706209,0.10325665923900543,-0.32389402463573214,-0.7936479139422348,-0.7456050900780222,0.03358215730019802,1,1,0,0,0,train
be6dd3c2-4e9c-4f28-b896-65fb0f21a20e,2,1,-1,0.1712105138568442,0.14618221692181876,-0.10547123839904382,1.712905804861486,0.9460740391095465,0.13405725096035656,0.0885626782298301,-0.12079149337691845,-0.0878816978108487,0.14793493046208916,0.2675357528534732,0.4234650885190466,0.20279438395765406,0.20825824718027125,-0.018028437915237536,-0.0022860288970929414,-0.07578020261766748,0.024466902622130856,0.19502871711779568,-0.3129590554399636,-0.8385768191670553,-0.7826698362607541,0.033582157864944194,1,2,1,1,0,train
be6dd3c2-4e9c-4f28-b896-65fb0f21a20e,3,2,-1,0.17317240438887266,0.1461941680707427,-0.10863269746649575,-0.6817532227990639,-0.4758551571203025,0.1343076993167328,0.08856820435591833,-0.12118579953218156,-0.16215573058122415,0.20066298367588228,0.12322882605836359,0.37261753733092806,0.20279438395765406,0.2089069195823013,-0.020779893842318105,-0.002286037267701728,-0.07874971734289185,0.17601917256704996,0.2788349617385089,-0.21494796232383498,-0.37929973092792774,-0.3996206294099543,0.03358215718180064,0,0,1,1,0,train
be6dd3c2-4e9c-4f28-b896-65fb0f21a20e,4,3,-1,0.1731637344180872,0.14620953383364488,-0.10860062178794203,-0.25915059987986894,-0.4929299290972189,0.13428459971104761,0.08857188843997715,-0.1211450092402578,-0.47727404807978263,-0.39918471466695343,0.33821288691913476,0.4336345987566694,0.20279148808753297,0.2089069195823013,-0.020792250680313977,-0.002286037305289792,-0.07875120358649806,0.38275384235435783,0.4449646744705339,-0.13815442606983971,-0.05147419483378488,-0.11816083792918924,0.033582157186234994,0,0,1,1,0,train
be6dd3c2-4e9c-4f28-b896-65fb0f21a20e,5,4,-1,0.17317735865789294,0.14622319228955794,-0.10860663597767084,0.8284716349204314,-0.43031871608040634,0.13431864123521525,0.08858294069215362,-0.12118774192703508,-0.5737644771588939,0.1964866755123165,0.36836774151197316,0.4336345987566694,0.20279245337757335,0.20890400638289097,-0.020775774896319484,-0.0022860372551723666,-0.07873188241961722,0.5674538119069089,0.6715846473419264,-0.10057342080013983,-0.18118551678189831,-0.23054960955074896,0.03358215832623256,0,0,1,1,0,train
be6dd3c2-4e9c-4f28-b896-65fb0f21a20e,6,5,-1,0.17318974433044362,0.146236850745471,-0.10861064543749006,0.25118186465676134,-0.3009923635003799,0.13432107277265581,0.08859030886027126,-0.12118385713732804,-0.7085927106123837,0.8401875388420038,0.26719050656511745,0.38278704756855314,0.2027956710110412,0.2089049774493611,-0.020766164022322696,-0.0022860372259371968,-0.07873931363764831,0.8653993707561266,0.8740504559671027,0.009638715793426903,0.4648172040991488,0.3470635432043779,0.03358215681242347,0,0,0,0,0,train
be6dd3c2-4e9c-4f28-b896-65fb0f21a20e,7,6,-1,0.17321946994456527,0.14624026535944926,-0.10865474949550144,-1.2826499497248975,-0.2853564855699599,0.1343393093034599,0.08858662477621244,-0.12121687784983777,-1.0047994890024878,2.0059494515053733,0.3775562439886966,0.4336345987566694,0.20274032771539383,0.20890821433759477,-0.021016046746239192,-0.0022860379860512323,-0.07876309353534781,1.389697457940526,1.200654670601386,0.17461673653417234,1.5610454748645777,1.5015826581455431,0.03358215678317114,0,0,1,1,0,train
c2b2a271-1e60-474e-bc90-fdfe952b5557,1,0,-1,0.12177310187078602,0.13914128289863942,-0.03371995020426145,1.5666212823744845,-0.3654727007753755,0.09671005164228888,0.08005981222207277,-0.07008916051567268,-0.5076874059236672,-0.8612085802728798,0.2850710527085645,0.40312606804379647,0.20198096621697623,0.1940687002302753,0.03868807550380998,-0.0022858558774349934,-0.014413204116909493,-0.5403276993632049,-0.3522218966137213,-0.6425174242038861,-1.2465331673128097,-1.117080235493503,0.03358215663171206,1,2,0,0,0,train
c2b2a271-1e60-474e-bc90-fdfe952b5557,2,1,-1,0.16700929372765194,0.14455344605418707,-0.10058370687941935,1.0900561199047476,0.2201589039808257,0.12735107069933044,0.0867685292931846,-0.11196913595226311,0.29642626165802416,-0.040529050344818844,0.01581440913466264,0.34210900661805965,0.20272134367793337,0.20808863423682625,-0.0176206622613738,-0.002286027656238425,-0.07521988877812313,-0.5222340531414869,-0.3402858539016921,-0.5879631737520661,-1.2015561843294065,-1.0803310825930288,0.033582157316924224,0,0,0,0,0,train
c2b2a271-1e60-474e-bc90-fdfe952b5557,3,2,-1,0.17069155417697052,0.14597563277613385,-0.10487382888598062,1.0260232170063657,-0.3073780782228675,0.13216794636905224,0.08818874369785984,-0.1181673179298226,0.6401921121131096,-0.4586996264948994,0.30160139146848075,0.24041390424181588,0.20251187573917498,0.2088334422193967,-0.021673705124019428,-0.0022860399866085203,-0.07856096440490211,-0.42152121531336306,-0.3204518240308008,-0.40012025542736074,-0.6889029310670632,-0.6589289596649561,0.03358215675304104,1,2,1,1,0,train
c2b2a271-1e60-474e-bc90-fdfe952b5557,4,3,-1,0.17273023587881323,0.14607465658150348,-0.10805733998243823,-0.0034332029776403573,-0.23417103657373817,0.13382625490350467,0.08836557973268322,-0.1206302746040769,0.6944331703842125,-0.7520978152365665,0.049395632414845465,0.25058341447944094,0.20229307666335972,0.20862272079538394,-0.021713521602006125,-0.002286040107837489,-0.07821169715744078,-0.2262844181858075,-0.2100516642516423,-0.2955640370283672,-0.11890028970371187,-0.17680614604426634,0.03358215688184207,0,0,1,1,0,train
c2b2a271-1e60-474e-bc90-fdfe952b5557,5,4,-1,0.17274386011861897,0.14575709748152496,-0.10845227177463103,-0.5330334364676326,-0.4744859244366217,0.1339198690949657,0.08826610946309507,-0.12088472832988707,0.32125416733942813,-0.5276116362150998,0.06344300804280797,0.3827870475685486,0.20224513392468846,0.2084026123954935,-0.020984468160249747,-0.0022860378900508758,-0.078730396176011,-0.0800994465763295,0.003964483664252699,-0.28227422072880604,-0.4116729902838209,-0.4269967253141393,0.03358215754255814,0,0,1,1,0,train
c2b2a271-1e60-474e-bc90-fdfe952b5557,6,5,-1,0.17264353617095843,0.14561539100142704,-0.10845628123445024,-1.0338434495889968,-0.4453489238073894,0.13399767829306317,0.08826058333700684,-0.12101486878507244,1.6301862319261582,-0.5422293993670484,0.23121129356116146,0.28109194519231384,0.20225349977170493,0.2083543827608116,-0.020744196310330035,-0.002286037159103008,-0.07876012104813537,0.09316130410387394,0.1642106307397687,-0.2248150944526284,-0.24915697372678128,-0.28889575193871675,0.033582157970564554,0,0,0,0,0,train
c2b2a271-1e60-474e-bc90-fdfe952b5557,7,6,-1,0.17263362763291787,0.1461839242288079,-0.1077726683352739,1.3184482458244986,0.8466142224924442,0.13404752481059437,0.08855346801968306,-0.12078566619235792,0.7422202620575693,-1.041319540228425,0.31740711447202247,-0.20704454621362564,0.20212736853976437,0.2083627986702192,-0.021318102786138257,-0.002286038905034881,-0.07833059664593825,0.4136862511702602,0.3541369099614426,-0.09893958882409493,0.5867787773545358,0.46223051523747355,0.03358215793039872,0,0,1,1,0,train
c2b2a271-1e60-474e-bc90-fdfe952b5557,8,7,-1,0.17319222146495375,0.1462385580524601,-0.10861265016739967,-0.18666314106469273,0.1653216723923725,0.1342627158740827,0.08855346801968306,-0.12112947008142969,0.41249698062217427,1.2547036430868486,0.3751569161010151,-0.30873964858986946,0.20205304120665654,0.20823591265145883,-0.021097052684212123,-0.0022860382325813563,-0.07876309353534781,0.8990745010722182,0.7054923690313678,0.04749667524055767,1.3936280799935685,1.3031216502998149,0.033582160348057596,0,0,0,0,1,train
5c15361c-342d-4acd-9330-befe5a97543b,1,0,-1,0.1600485457541671,0.14612246117719915,-0.08747477800049219,1.90773364214279,0.5627430635780913,0.12755896715049714,0.08833242297615383,-0.1106521922415814,-0.48912782726322385,-1.4713484792351794,-1.7474727985122402,0.31160047590518675,0.20277475639350004,0.2054835865863582,-0.006342988117142366,-0.002285993324612691,-0.0631292970415364,0.5545777728685432,0.526656098208122,-0.06706655197425539,0.4979621419441267,0.37812490708373175,0.033582157353964776,0,0,0,0,0,train
5c15361c-342d-4acd-9330-befe5a97543b,2,1,-1,0.1730572176341513,0.14623343613149273,-0.10840014879698122,1.065825513841746,0.20782552643942817,0.1340317198172308,0.08856820435591833,-0.12074487590043415,0.1252865194856391,1.0091863115164825,0.07381244016865522,0.2810919451923161,0.20280114098793658,0.20888717456407582,-0.02066730931835573,-0.0022860369252314535,-0.0786323040980006,0.7740888060605912,0.8599359021742267,-0.035279354829924885,0.022918089923229353,-0.05299454233400723,0.033582157229153586,0,0,1,1,0,train
5c15361c-342d-4acd-9330-befe5a97543b,3,2,-1,0.17320956140652471,0.146236850745471,-0.10864272111604378,-1.3958722492414524,0.17639376960337355,0.13429797316697062,0.08855899414577129,-0.12117997234762103,2.8946436655501517,1.6535583116630848,0.3449572330172468,-0.6748420171443331,0.20278633987398437,0.20891371704759204,-0.020843051014297002,-0.00228603745981826,-0.07876160729174159,1.3726913770070097,1.1005611656490581,0.1764755983444662,1.8556130926772598,1.8805753182233451,0.033582159377346814,0,0,0,0,1,train
62527d61-1cc5-4bfa-8fda-8dd3fcf5e45d,1,0,-1,0.17095289186778995,0.1444800318536544,-0.10705297029772459,-0.9418366982772045,-0.5011011818740473,0.1337216987935612,0.08787007042677189,-0.12098573286226974,0.3342230286769888,-1.0321544836586731,-0.7789592737090937,0.3522785168556802,0.20106136657185864,0.20725028018430236,-0.021147853018195148,-0.0022860383873325235,-0.07642671858637248,-0.8144091999466808,-0.688293415193879,-0.5764032574309519,-1.0438145620939225,-0.9513096103462032,0.033582155717136755,1,1,0,0,0,train
62527d61-1cc5-4bfa-8fda-8dd3fcf5e45d,2,1,-1,0.1672384286698396,0.14442881264398047,-0.10110092719609824,0.8622956910175973,0.008047773715765212,0.13295576449978916,0.0880174337891247,-0.11960663251627562,-0.6949867661285601,-0.32041152440949366,0.2437886961357954,0.30143096566755717,0.20251638042602998,0.20716353157963965,-0.01457126924039279,-0.0022860183757228755,-0.07169006021335442,-0.7044762884231311,-0.6407305847766831,-0.4634282306323593,-0.6322603894230707,-0.6119016461163631,0.03358215655687615,1,1,1,1,0,train
62527d61-1cc5-4bfa-8fda-8dd3fcf5e45d,3,2,-1,0.16948890537229902,0.1444902756955892,-0.10467135116511021,-0.05683302519640718,-0.4472190699018053,0.13324876476137498,0.08806348483985996,-0.12002618980463439,-0.9173526242218208,-0.3853791117023879,0.38686986479085134,0.3726175373309258,0.20258684659897636,0.2086272524389111,-0.020479210784418583,-0.002286036353011757,-0.0781240087846739,-0.5583492744245026,-0.5202234949268242,-0.4023987418351898,-0.41195923551006014,-0.42729234016798756,0.03358215669185664,0,0,0,0,0,train
62527d61-1cc5-4bfa-8fda-8dd3fcf5e45d,4,3,-1,0.16996451519824532,0.14532173419929637,-0.10446486398442058,0.7912389721434467,-0.05520481803611015,0.13305181022869075,0.08811874610074226,-0.11965324999275993,-1.300701229362164,-0.06576190273210804,0.3586881328808832,0.2912614554299389,0.20259424715595248,0.20869814029122874,-0.02074831525632866,-0.0022860371716396746,-0.07829492679938901,-0.5049123937165947,-0.3600408802632249,-0.4791097505562867,-0.981324984204947,-0.9000616590603213,0.033582156947531985,0,0,0,0,0,train
62527d61-1cc5-4bfa-8fda-8dd3fcf5e45d,5,4,-1,0.17066678283186915,0.14560002523852486,-0.10527477486790224,1.0800952267813073,-0.34120643118047267,0.1335855326968906,0.08835268543847735,-0.12025927718705594,-0.4923631555258788,0.9632779144968231,0.3871635917687354,0.35227851685568246,0.20257011490494342,0.20870558513416623,-0.020882867492283696,-0.0022860375809472377,-0.07829492679938901,-0.30945461966524074,-0.301464036481692,-0.3163624803910735,-0.11758623685950113,-0.17567904539130452,0.03358215702117747,0,0,1,1,0,train
62527d61-1cc5-4bfa-8fda-8dd3fcf5e45d,6,5,-1,0.170935551926219,0.1452363688498398,-0.10613680872903371,-0.14055654822231736,-0.3530778644292857,0.13363659498314207,0.08799532928477177,-0.12071768237248497,-0.06245503230030188,0.6030559323512357,0.37027328691747147,0.33193949638043235,0.2020034896512513,0.2086813084724136,-0.023197715143510163,-0.002286044622738596,-0.07856393689211455,-0.06841632714418042,-0.08720565641127782,-0.2399177259872974,0.14687953124349898,0.05680600891425251,0.033582157305630106,0,0,1,1,0,train
62527d61-1cc5-4bfa-8fda-8dd3fcf5e45d,7,6,-1,0.1660667440465448,0.14504856508103528,-0.09847673574442127,0.02996306681229195,-0.1865104023731133,0.13266519577564392,0.08817032327756574,-0.11898118137344449,0.4675218764614205,0.1419024161874973,0.3849616430575363,0.34210900661805516,0.20127051274727026,0.20811129245446203,-0.023907546837272965,-0.0022860467830526678,-0.07701972978525362,0.27934163935480516,0.17701752090236594,-0.1274190840570688,0.730432127841582,0.6011334986666773,0.03358215658166571,1,1,0,0,0,train
62527d61-1cc5-4bfa-8fda-8dd3fcf5e45d,8,7,-1,0.17102720590309406,0.1452961245944594,-0.10621499319550842,0.7198953425787079,-0.31157574430949725,0.13372777763716256,0.08833794910224207,-0.12050207654374503,0.12704068577064567,1.0723306769818228,0.3859231138256898,0.33193949638043235,0.20223612455097842,0.20737392931482906,-0.01665957486169496,-0.0022860247306315906,-0.07389118699416387,0.5720774604969215,0.5582254770467835,-0.06524203110329113,0.43633240739810214,0.3204910908844651,0.03358215716632218,0,0,1,1,0,train
62527d61-1cc5-4bfa-8fda-8dd3fcf5e45d,9,8,-1,0.17170098648985133,0.14615831462397094,-0.10629317766198314,1.2357423696694667,-0.18520535029427213,0.13397579445609825,0.08854978393562424,-0.12067494968570769,0.6328366626693711,1.2910162274649575,0.3649152786284158,0.26075292471706596,0.2026103353232918,0.2083453194737573,-0.019183115776851688,-0.002286032409986226,-0.07673585725646591,0.9142211342717617,0.8791188420250075,0.031017967413106525,0.7011103573310186,0.5724975991051631,0.03358215756115474,0,0,0,0,0,train
62527d61-1cc5-4bfa-8fda-8dd3fcf5e45d,10,9,-1,0.1731550644473017,0.1462385580524601,-0.10855250827011143,-1.1589286593374055,-0.29234103348254503,0.13429797316697062,0.08857004639794774,-0.12116831797849995,0.24633156431644476,2.205782679183692,0.35602117221153057,0.35227851685568246,0.20093523533991808,0.20872176957533464,-0.027927638131929604,-0.002286059011050127,-0.07871107500913017,1.384105448217074,1.2541724803370708,0.16762935878106178,1.3243936707535988,1.2240432739705454,0.03358215841796117,0,0,1,1,0,train
19cd03cd-24b4-43ae-a574-28ab09ce5659,1,0,-1,0.173214515675545,0.14624367997342752,-0.10864272111604378,0.5083699312130138,-0.07861296814155458,0.13428824701720843,0.08858294069215362,-0.12113918205569725,0.38089952329794813,-1.3117470383185261,0.264042475970711,0.2912614554299389,0.20280500214809802,0.20891663024700236,-0.020775774896319484,-0.002286037255172394,-0.07875714856092293,1.0276856138316703,1.1593857837384027,0.021253982964911055,-0.09133399280124402,-0.15284843501332396,0.033582157400531214,0,0,0,0,0,train
19cd03cd-24b4-43ae-a574-28ab09ce5659,2,1,-1,0.17322690134809568,0.14624197266643837,-0.10866477314504948,-1.4851387819379496,-0.33206016084915446,0.13433201469113826,0.08857004639794774,-0.1212227050343983,0.10331733713669637,-1.4544436532555551,0.22917527717459849,0.362448027093303,0.2027985668811623,0.20891760131347245,-0.02080735348230893,-0.002286037351230594,-0.07876309353534781,1.6165139375402422,1.3785508311293566,0.2369975068929566,1.8187412189529921,1.830721422827289,0.03358215725081308,0,0,1,1,0,train
a83c6261-97df-4c57-b237-290d3deaca79,1,0,-1,0.11587752173666009,0.14458247027300233,-0.017788361612606125,1.8854788839005088,0.16127631564095063,0.0631438930442704,0.08003954975974927,-0.016482947348425217,-0.5615694883896675,0.07641268146378737,-0.2652669198154231,0.28109194519231384,0.20119908128428354,0.19007243801697035,0.05230256501126054,-0.0022858141856635012,0.0016352543430368533,-1.7256295039867207,-1.9712704823419125,-0.6395573367547515,0.49387209456746917,0.3706416800924878,0.033582156737723155,0,0,0,0,0,train
a83c6261-97df-4c57-b237-290d3deaca79,2,1,-1,0.17064325005402284,0.1453763680229486,-0.10549930461777834,0.7549215522261962,-0.511357447359142,0.12590065861604469,0.08644248785397901,-0.10999566278109407,0.1858750783480497,1.4442119187553881,0.2106095911100734,0.2302443940041908,0.20126118161021345,0.2073020703960413,-0.020514908316406656,-0.002286036461408499,-0.07607893758251737,-1.5290371228715307,-1.6395989448532353,-0.6217772926422217,-0.10952924178417077,-0.16989194174028494,0.03358215972091031,0,0,0,0,0,train
a83c6261-97df-4c57-b237-290d3deaca79,3,2,-1,0.16917802499127682,0.14555051333584001,-0.10292322668393197,0.5330386424978437,-0.327707510074271,0.12527210618766352,0.08731561577591943,-0.10807074948126284,0.8705810645832791,1.6384186500183089,0.14498469488040833,0.10821027115270368,0.2015395069051843,0.20736454233895138,-0.019592264412714968,-0.002286033654044949,-0.07380349862139698,-1.434847443029773,-1.4240968226359874,-0.659937914604477,-0.7285806631041,-0.6922005587958884,0.03358215492339041,1,1,0,0,0,train
a83c6261-97df-4c57-b237-290d3deaca79,4,3,-1,0.1713207463425453,0.14494612666168738,-0.10710108381555518,-0.326759791820239,-0.5338354408430712,0.13001360419672842,0.08619197013797922,-0.11683095027060576,1.106887943336104,0.9847986036000487,0.23867691000587715,-0.15619699502550716,0.20146807544219755,0.20764453317116496,-0.021084695846216254,-0.0022860381950897263,-0.07460458392514871,-1.199760191020363,-1.3208472674817187,-0.5257613382147831,0.11354427754247054,0.026452515295151788,0.0335821601428107,1,1,1,1,0,train
a83c6261-97df-4c57-b237-290d3deaca79,5,4,-1,0.17097766321289132,0.14603880313473172,-0.10526274648844458,1.1385886671359942,0.8551860536513678,0.13200746489797618,0.08846320796024196,-0.11762150497598549,1.3525277763601953,1.1069606894958637,-0.32219107431296035,-0.013823851698778932,0.2012299705655751,0.2075726742523772,-0.021795900521978596,-0.0022860403590356008,-0.07624836935362626,-1.1748102505718838,-1.0631475467353462,-0.7193918243939279,-1.1587205464492163,-1.0453603102288915,0.033582156466849214,0,0,0,0,0,train
a83c6261-97df-4c57-b237-290d3deaca79,6,5,-1,0.1730497862306209,0.1460661200465578,-0.10858458394866516,-0.5940498514408072,-0.4161059587608166,0.13420435897550959,0.088431893245742,-0.12116443318879293,1.0439758095773242,0.4241052412427004,-1.361903617106027,-0.3595871997779902,0.20125828574009236,0.20733314452308466,-0.02065907142635848,-0.0022860369000676497,-0.07757409865037308,-1.134251093339519,-1.035797732437656,-0.6627551614113376,-1.061388344917715,-0.9657449452987911,0.033582156448803385,0,0,1,1,0,train
a83c6261-97df-4c57-b237-290d3deaca79,7,6,-1,0.1730807504119976,0.1461241684841883,-0.10856654137947869,0.26214716952149064,-0.3164399077236759,0.13415329668925813,0.08855162597765365,-0.12095659693946705,1.5616250221648376,0.5034584570132951,0.2946917821276868,-1.468063815678995,0.20077403190317775,0.20736162913954106,-0.022846231751627616,-0.0022860435550506784,-0.07737048327632116,-1.0367851084296955,-0.9913372889080755,-0.5573690590804414,-0.7087207080006763,-0.6754896483621444,0.03358215749657738,0,0,0,0,0,train
a83c6261-97df-4c57-b237-290d3deaca79,8,7,-1,0.1730485476633658,0.14611733925623177,-0.10852243732146731,-0.5206934727194594,-0.2537415413656265,0.13425906856792189,0.08858109865012422,-0.12109450697406646,1.1841468570784979,0.9221511183596942,0.3765954423024973,-0.5528078942928415,0.2008901884713679,0.20687447746037177,-0.020284247340483733,-0.0022860357594384805,-0.07641631488112895,-0.7946004946158185,-0.8844962889012941,-0.42192094879569925,0.15367215123606684,0.06265286140649101,0.033582153023773806,0,0,1,1,0,train
a83c6261-97df-4c57-b237-290d3deaca79,9,8,-1,0.1730572176341513,0.1462044119126775,-0.10843422920544456,0.7172243139682043,-0.20252439686734763,0.13426150010536242,0.08855899414577129,-0.12112170050201564,0.7184775960748911,0.1108685618548933,0.37006854783949306,-1.020605365223542,0.20050407245522336,0.20699132912560772,-0.02242747224176755,-0.0022860422812123727,-0.07678638953907733,-0.5783674122238947,-0.619016528448754,-0.37610022773966406,0.004034191922499518,-0.06971384688260066,0.03358215685825796,1,1,0,0,0,train
a83c6261-97df-4c57-b237-290d3deaca79,10,9,-1,0.17316249585083213,0.14622489959654708,-0.10858057448884594,1.2045471692275032,1.14953003069445,0.13424326357455832,0.08859583498635949,-0.1210537166821427,1.37407024429998,-0.19453690182263245,0.3868250362999214,0.07770174043983755,0.20054718874369284,0.20660290253756577,-0.020595914254379587,-0.0022860367078199706,-0.07856245064850832,-0.28872082501398466,-0.3819845138574414,-0.2821771482531346,0.4194672150605137,0.3047343434273492,0.0335821600108983,0,0,1,1,0,train
a83c6261-97df-4c57-b237-290d3deaca79,11,10,-1,0.17321327710828993,0.1462266069035362,-0.10866076368523027,-0.009070583047873062,0.011222042946992514,0.13432958315369772,0.08858846681824185,-0.12119939629615616,1.2205771259701041,-0.9379514945308759,0.3726271172322689,-0.7358590785700676,0.20002142743504267,0.20664627683989714,-0.02302334642956843,-0.002286044094865953,-0.07876160729174159,0.1390295877327807,-0.06447752868010062,-0.15025599426409142,1.12914820805547,1.0091378135432045,0.03358216577324996,0,0,0,0,0,train
a83c6261-97df-4c57-b237-290d3deaca79,12,11,-1,0.1732182313773102,0.14623002151751446,-0.10866477314504948,-1.0810926378985428,0.8950355859001221,0.13429554162953006,0.08858294069215362,-0.12115083642481833,0.36708914249078783,0.0560521678558259,0.3799040525659064,-4.0206108853226,0.19893290203286187,0.20611736930251334,-0.025424691946765995,-0.002286051403899265,-0.07876309353534781,0.9400906855068348,0.4044171517918738,0.07877587856017915,2.4974117069857664,2.9132222293248193,0.03358215188114402,0,0,1,1,0,train
6d024430-bcff-468a-b0fa-1272a2a0e2a8,1,0,-1,0.15041249250973437,0.14026127628350984,-0.07876021708342593,1.1814016194665935,0.10272658580919751,0.1263164515183781,0.08628959836553796,-0.11082118059383703,-0.2530588289025204,-1.347769236533085,-0.3349397618678638,0.32176998614280955,0.20169781447180357,0.20333332173272264,-0.0018176394466545638,-0.00228597952746853,-0.05718729510387521,-0.012221888269423095,0.24104097308251352,3.924436485535645,-1.3283315670279936,-1.183896288550668,0.033582155720696935,1,1,0,0,0,train
6d024430-bcff-468a-b0fa-1272a2a0e2a8,2,1,-1,0.1662760619126514,0.14060103037434707,-0.10403785651367406,0.3982164152078611,-0.23215185102005934,0.13069565044880158,0.08696746983236091,-0.11710288555009757,0.11928051521463769,-0.1016100932927263,0.25747142209873103,0.4031260680437987,0.20179273465910577,0.20780378807226216,-0.020374864152453452,-0.002286036035398325,-0.07838410141576212,-0.013574866546808447,0.23861716563743812,3.973863893330396,-1.322973117997374,-1.1795192819492646,0.03358215952766841,1,1,1,1,0,train
6d024430-bcff-468a-b0fa-1272a2a0e2a8,3,2,-1,0.1681227656899585,0.1403824950797382,-0.10728351423732951,-0.961624506877522,-0.5269757810581515,0.13264939078228036,0.08704115151353731,-0.12014661828555219,-0.6262617446409184,-0.10004389993826772,0.3831189913557307,0.40312606804379647,0.2016942750749889,0.2078992762751558,-0.021200026334177714,-0.0022860385459332246,-0.07874377236846697,-0.06922920235519148,0.2371340476832406,3.6077260891556233,-1.6614882409862135,-1.4564852858100976,0.0335821557504721,1,1,1,1,0,train
6d024430-bcff-468a-b0fa-1272a2a0e2a8,4,3,-1,0.16596642009888427,0.1378334857449645,-0.10678634121974671,-1.0933967097698636,-0.509553455871379,0.131930871468599,0.08588619116109714,-0.12021654450027865,-0.7583862875468612,-0.326096272314193,0.38314642371585195,0.4234650885190466,0.20123672759585762,0.2078002274952051,-0.022732274245665696,-0.0022860432078265843,-0.07862190039275706,-0.06320838842318481,0.1761264572096787,-0.5820385661550853,-1.276929944339374,-1.1419089927337578,0.03358215504253136,0,0,0,0,0,train
6d024430-bcff-468a-b0fa-1272a2a0e2a8,5,4,-1,0.15682455518922386,0.13060816256695892,-0.10047344673439092,-0.9563930975831236,-0.5082299805497317,0.12798205466515214,0.08315812691554067,-0.11678433279412145,-1.385448009503952,-0.784987626742208,0.3467149113108718,0.40312606804379647,0.19946767271522206,0.20733994198837538,-0.028328548875795636,-0.002286060236460417,-0.07631822280311854,0.07179686656062939,0.1827263985322387,-0.250817991333103,-0.4793888334507435,-0.4840192672706464,0.03358215501534323,1,2,0,0,0,train
6d024430-bcff-468a-b0fa-1272a2a0e2a8,6,5,-1,0.15103673040628887,0.13027523770407823,-0.09149626619916598,-0.31478637386442015,-0.42091897462683386,0.12856683941960348,0.08408467405633399,-0.11674160010734418,-1.487501246046591,-0.4868909824061595,0.31834650553568805,0.4132955782814215,0.1997582250173708,0.2055603008374965,-0.019540091096732402,-0.0022860334940408267,-0.07068981826636943,0.22946517496116675,0.3307174793383944,-0.19825699042104142,-0.3424960452320877,-0.3684255579139094,0.033582155915579406,0,0,0,0,0,train
6d024430-bcff-468a-b0fa-1272a2a0e2a8,7,6,-1,0.1578451346074003,0.1274547665580326,-0.10582808032295406,-1.1122030718219718,-0.41839405445328515,0.1303929240374536,0.08383047225627538,-0.11992712766710524,-0.8116058096218951,0.10878047000760752,0.3627233661465294,0.38278704756855314,0.19940235475582427,0.20585259184499807,-0.022298411933810675,-0.0022860418894570145,-0.07933975605456055,0.3671358002721591,0.5035515173309989,-0.17498485281319073,-0.4632264726421184,-0.47042445119433823,0.033582158880241325,0,0,1,1,0,train
6d024430-bcff-468a-b0fa-1272a2a0e2a8,8,7,-1,0.1562102258307099,0.14454490951924143,-0.08311449044709465,1.7275647203406646,0.38860819822214904,0.12981300235788334,0.08763060496294857,-0.11499344473918262,-0.8817283450657744,0.5567085331889097,0.1914912433513975,0.4234650885190421,0.20228953726654508,0.20549459200635273,-0.008460126360434899,-0.0022859997688393706,-0.06527246032170334,0.5730780433138912,0.6544643439278279,-0.09064458878659414,-0.056113736261769555,-0.12220263870644006,0.03358215495147495,0,0,1,1,0,train
6d024430-bcff-468a-b0fa-1272a2a0e2a8,9,8,-1,0.17157836833159953,0.1451458815794158,-0.10728351423732951,-0.17449646778444716,-0.41111478110290184,0.13351866541727558,0.08817032327756574,-0.12034474256061051,-0.6679329984565071,0.8448862433743738,0.3413160890226113,0.3217699861428028,0.20219075591908142,0.20839905181843643,-0.021201399316177257,-0.002286038549992356,-0.07850597339147203,0.8793616832032166,0.8802156684599278,0.015009804437043653,0.5101429146597851,0.3895922218700649,0.033582157279900174,0,0,1,1,0,train
6d024430-bcff-468a-b0fa-1272a2a0e2a8,10,9,-1,0.1717963561684916,0.14623343613149273,-0.1063593337490002,1.621714640370105,-0.04796720773576383,0.13369130457555436,0.08857373048200658,-0.12019517815689001,-0.11312607341944918,0.8970922736263455,0.33687606117468755,0.32176998614280955,0.20232235712791735,0.20829967934966237,-0.020218344204505755,-0.002286035559342073,-0.07783419128146131,1.2358544816348485,1.2159599837897195,0.11440376659071422,0.7756531523284664,0.6456858193595814,0.033582156992727756,0,0,1,1,0,train
6d024430-bcff-468a-b0fa-1272a2a0e2a8,11,10,-1,0.17320832283926965,0.1462385580524601,-0.10863871165622457,-1.5643598006717814,-0.09850228583807413,0.1343076993167328,0.08855346801968306,-0.12120133869100966,-0.07527336695860072,2.697679912454473,0.35693446907898324,0.2200748837665635,0.20182298041370375,0.20843206807842002,-0.022910761905606054,-0.002286043750121505,-0.07876309353534781,1.7920599472840255,1.6067429540217548,0.2785040500245748,1.6915727995291139,1.6643273759368058,0.0335821575749337,0,0,1,1,0,train
3152c7c4-5415-4dc8-b400-d3482d70136f,1,0,-1,0.17249986236937048,0.14569563442991623,-0.10812951025918413,0.263037175905313,-0.4597042179920334,0.13400132559922398,0.08852399534721249,-0.12074293350558063,-0.14816333472719567,-1.314879409468819,0.05262997458134086,0.27092243495468876,0.20274193653212774,0.20890238793877414,-0.020984468160249747,-0.0022860378899935366,-0.07872296495797991,-2.9805202138261,-3.2320601565626856,-0.9692353001661941,-0.0468027896664937,-0.1635475775198033,0.03358215760059869,1,3,0,0,0,train
3152c7c4-5415-4dc8-b400-d3482d70136f,2,1,-1,0.17266706894880474,0.14577758516539455,-0.10830392176132003,-0.23658784446934883,-0.5301055063578717,0.13383111797838576,0.08831952868194796,-0.12068660405482876,0.7146084561250323,-0.2415224535184012,-0.21439996424905733,0.33193949638043235,0.2028033933313641,0.20885415830409226,-0.020517654280405737,-0.002286036469991728,-0.07847327603213522,-2.7554049082950294,-3.0151945278918273,-0.9107168835212762,0.09226812766376563,-0.024409752102916724,0.033582156004889556,1,1,1,1,0,train
3152c7c4-5415-4dc8-b400-d3482d70136f,3,2,-1,0.17273642871508857,0.14584587744495983,-0.10833599743987375,-0.8824450637042883,-0.4959864642155879,0.13400740444282536,0.08829926621962446,-0.12098961765197676,0.41792530688555324,-0.6847519988708247,-0.2028703440146658,0.29126145542993664,0.20279502748434763,0.20891598286935562,-0.020815591374306178,-0.002286037376289287,-0.07875863480452916,-2.5857886270730854,-2.768425930806141,-0.8918677630281229,-0.25361967612158387,-0.3074844979285528,0.03358215658224279,0,0,1,1,0,train
3152c7c4-5415-4dc8-b400-d3482d70136f,4,3,-1,0.1727661543292102,0.14591075511054682,-0.10830793122113924,0.42787320007824226,-0.43867109397420734,0.13383111797838576,0.08837847402688909,-0.12062444741951635,-0.8526333748530941,0.3484063106738501,-0.3076760103990276,0.3217699861428073,0.2028033933313641,0.20890756695994803,-0.020744196310330035,-0.0022860371591139988,-0.07872296495797991,-2.449020257780323,-2.582494673660886,-0.8764504857471757,-0.45910826021220097,-0.4750264400799,0.03358215624364961,0,0,0,0,0,train
3152c7c4-5415-4dc8-b400-d3482d70136f,5,4,-1,0.17296556365727622,0.14590734049656856,-0.10863470219640536,-1.0186095911074902,-0.5307920746391522,0.13417761206366358,0.0883968944471832,-0.12115860600423238,-0.7314125114301689,-0.6711784683460104,0.10343069103424306,0.4234650885190466,0.20276413820305605,0.20891598286935562,-0.020947397646262134,-0.002286037777227972,-0.07876160729174159,-2.2692239575655444,-2.4325708888855604,-0.8118958025365656,-0.20195790008964523,-0.2555609492757729,0.03358215735786732,1,1,0,0,0,train
3152c7c4-5415-4dc8-b400-d3482d70136f,6,5,-1,0.1727896871070565,0.14587319435678592,-0.10839012514743317,-0.4469292725473771,-0.5310441953119307,0.13379950799165866,0.08817216531959515,-0.12079149337691845,-0.5523295216724197,0.17090555887915787,-1.802261912493996,0.2709224349546933,0.20277250405007252,0.2088764928329047,-0.020744196310330035,-0.0022860371591133816,-0.07870810252191773,-2.08450266135789,-2.2354804215780235,-0.7646179796869832,-0.1756629248608664,-0.23044083218848163,0.03358215705892253,0,0,1,1,0,train
3152c7c4-5415-4dc8-b400-d3482d70136f,7,6,-1,0.1727822557035261,0.14590563318957944,-0.10834000689969298,-0.290796019052099,-0.34923986611775826,0.1339198690949657,0.08831216051383033,-0.12083616845854925,-0.3711338480915347,0.062317065742654436,-0.07604652868222161,0.3217699861428118,0.20275545059269282,0.20888490874231225,-0.02085266188829379,-0.002286037489054563,-0.07874674485567941,-1.8045606604307183,-2.0329912349388644,-0.6645448498407233,0.370138307234646,0.25523575620845007,0.03358215730449576,0,0,1,1,0,train
3152c7c4-5415-4dc8-b400-d3482d70136f,8,7,-1,0.17271413450449732,0.1457639267094815,-0.108396139337162,-0.06643062522883277,-0.20271486714114012,0.13399889406178345,0.08836557973268322,-0.12090609467327572,1.7240092711051596,-0.017036274496934466,0.2935650481168514,0.29126145542993664,0.2027583464628139,0.20886775323467374,-0.020767537004322236,-0.002286037230113397,-0.07873188241961722,-1.5783715207848679,-1.7261222965022316,-0.6234235157987323,0.06347664579791246,-0.018932623038323396,0.03358215714561948,0,0,1,1,0,train
3152c7c4-5415-4dc8-b400-d3482d70136f,9,8,-1,0.17285533117157514,0.1461566073169818,-0.10816359066764746,1.3292478872451314,-0.06815029405979088,0.13417396475750276,0.08855715210374188,-0.12098379046741622,0.6339387157321067,-0.4357289980778307,0.29339242497267354,0.32176998614280955,0.2027734693401129,0.20887066643408406,-0.02071536368833967,-0.0022860370714071964,-0.07866946018815606,-1.364109667207366,-1.4781765758203436,-0.5738986418640721,-0.006520871776765649,-0.07976816950453754,0.03358215694260344,0,0,0,0,0,train
3152c7c4-5415-4dc8-b400-d3482d70136f,10,9,-1,0.17314887161102635,0.14618050961482965,-0.10861064543749006,0.49838817593615314,-0.14313416028702133,0.13426879471768405,0.08862162357477124,-0.12106731344611728,-0.7302566270164857,0.2257220773472195,0.38739174871511,0.28109194519231384,0.2027734693401129,0.20888587980878237,-0.020779893842318105,-0.0022860372677017305,-0.07875863480452916,-1.1652091632413268,-1.2433053977297843,-0.5297791109915272,-0.09681430679235838,-0.15811927911293522,0.03358215730980325,0,0,1,1,0,train
3152c7c4-5415-4dc8-b400-d3482d70136f,11,10,-1,0.17315382588004663,0.1461839242288079,-0.10861465489730927,0.5553748304357335,-0.4182017170060128,0.1342396162683975,0.08859030886027126,-0.1210537166821427,-1.8403093151112715,-0.8126569596916468,0.38890989566913936,0.3726175373309258,0.20275898998950748,0.20888587980878237,-0.020841678032297462,-0.0022860374556427808,-0.07876309353534781,-0.9485793929317589,-1.0252731399606168,-0.4688878059332103,0.006568894615744249,-0.06769052606107098,0.033582157628285,0,0,0,0,1,train
3152c7c4-5415-4dc8-b400-d3482d70136f,12,11,-1,0.17316001871632197,0.1461839242288079,-0.10862467854685731,0.3365808653589839,-0.3269724382460814,0.1342444793432786,0.08854978393562424,-0.12110421894833402,1.5806767161620003,-0.7186859185346063,0.3888362966541798,0.19973586329132695,0.20274805003571672,0.2088713138117308,-0.020826575230302506,-0.002286037409702018,-0.07876755226616647,-0.6097980187639642,-0.7878062810094906,-0.3523965154311431,0.6837530108177347,0.5553480704692604,0.033582157733552775,0,0,0,0,1,train
3152c7c4-5415-4dc8-b400-d3482d70136f,13,12,-1,0.17315011017828144,0.1461890461497753,-0.10860262651785163,0.49215801908728135,0.18021833541314988,0.13423718473095697,0.08856636231388892,-0.12107508302553133,-0.22367545653436355,-0.06715396396363191,0.38831976538555457,-0.13585797455026155,0.20273421421180488,0.20886030839173628,-0.02083893206829838,-0.002286037447290694,-0.07876457977895403,-0.15060894579116627,-0.41643835369364324,-0.2190949216886069,1.2759268931518957,1.1694918173003328,0.03358215699937155,0,0,0,0,1,train
0d771355-7749-472d-91f3-c6ebb60789a2,1,0,-1,0.1724094469597505,0.1454310018466008,-0.10829389811177198,-0.07205353638620937,-0.4987088310175729,0.13401105174898617,0.08846689204430078,-0.12081868690486763,-0.292357154560957,0.1871473934678843,0.12091045708713757,0.3421090066180529,0.2024533148100597,0.20872468277474496,-0.021462265896090085,-0.0022860393434678567,-0.0785356982635964,-0.011305502465945501,-0.015832026282112315,-0.22806782192939562,0.10103853088138523,0.016001937658363677,0.03358215733290221,1,1,0,0,0,test
0d771355-7749-472d-91f3-c6ebb60789a2,2,1,-1,0.16997070803452066,0.14388418171444745,-0.10616287021785861,-0.25306726323974615,-0.44451959223143483,0.13396849984377662,0.0883803160689185,-0.1208419956431098,-0.15491466840359008,1.4331324357025568,0.2960319532819049,0.2810919451923161,0.20234520232553924,0.2085638094295309,-0.02124121579416395,-0.002286038671078178,-0.07818643101613507,0.26058050843151104,0.23962169635373004,-0.14861465915078548,0.3210393128821467,0.21414589276628465,0.0335821563061642,0,0,1,1,0,test
0d771355-7749-472d-91f3-c6ebb60789a2,3,2,-1,0.16820698826330316,0.1462061192196666,-0.10058170214950975,0.5304797760025036,0.8749234707471726,0.1339332425508887,0.08858294069215362,-0.1205720027584715,-0.06055238819416809,1.4052894685061603,0.3618829992120821,0.28109194519231384,0.202780869897089,0.20845504998487915,-0.01892087621493932,-0.002286031612315737,-0.07667640751221717,0.5581605895439626,0.5376597587507294,-0.06761851893665151,0.46282959538941215,0.34519941101957136,0.0335821567651239,0,0,0,0,0,test
0d771355-7749-472d-91f3-c6ebb60789a2,4,3,-1,0.1731278159676902,0.146236850745471,-0.10851040894200965,-1.3464226645566288,-0.17359115967235444,0.13431742546649497,0.08857004639794774,-0.12119939629615616,-0.36644920476458087,2.697679912454473,0.04838063509035777,0.3014309656675617,0.20267661857272998,0.20889332465171984,-0.021224740010169454,-0.0022860386208754372,-0.07876309353534781,1.0607054715244324,0.863863341237167,0.08987287485142552,1.4685636463308194,1.3906296619325524,0.033582157397799836,0,0,1,1,0,test
28319a94-2376-4e93-b7f0-27470d23351f,1,0,-1,0.16352396547188924,0.13875201690511738,-0.10175446914663047,-0.41870333978013663,-0.24767469528429187,0.12144243471880344,0.07917194796389707,-0.11053953334007767,-0.43563753249308834,-1.1890627427573985,0.19514576898511654,0.27092243495468876,0.20108582058621446,0.20619829150835542,-0.01658131488772111,-0.0022860244897397685,-0.07264720109575908,-1.21791097690991,-1.2923869873574665,-0.5461640979223661,-0.14344738346149355,-0.19855124310837394,0.03358215722236489,0,0,0,0,0,test
28319a94-2376-4e93-b7f0-27470d23351f,2,1,-1,0.16126234166413422,0.14389442555638224,-0.09205558584394663,0.666149724558892,-0.5287601509678896,0.11765774669259345,0.08702457313527262,-0.09621242890056693,-0.3185230374296159,-0.4555673642549765,-0.18455088010927817,0.27092243495468654,0.20243658311602677,0.20718813193021565,-0.01501611540824414,-0.002286019729407216,-0.07220727298831843,-1.1522758402551099,-1.0830442123991917,-0.6221153658262463,-0.9054363894540586,-0.8378440210988076,0.033582157185395096,1,3,1,1,0,test
28319a94-2376-4e93-b7f0-27470d23351f,3,2,-1,0.17131703064078008,0.14500417509931787,-0.10702690880889969,0.0015404016950547504,-0.43287067775644283,0.13292172297562152,0.08782954550212486,-0.11975036973543557,-0.5767851900408372,0.9033570470441797,-0.8657706500177982,0.18956635305369737,0.2027033249305133,0.20854697761071575,-0.01964169176469845,-0.002286033805193896,-0.07739574941762688,-1.132259060369678,-1.0110957922168209,-0.7301355163277424,-1.1895176458593733,-1.0705220709964953,0.0335821571556202,0,0,1,1,0,test
28319a94-2376-4e93-b7f0-27470d23351f,4,3,-1,0.17228559023424364,0.14555222064282916,-0.107951089297229,0.5626886976413151,0.05840141086081279,0.13379707645421812,0.08841163078341847,-0.12053509725625476,0.4943561505330315,0.7472607303120976,-0.15068596608052395,0.2505834144794432,0.20268755852652073,0.20881531564528807,-0.020847169960295626,-0.0022860374723513203,-0.07854164323802126,-1.1943095084481685,-0.9891536471509929,3.8780788856938613,-1.7013537725199313,-1.4891088837502717,0.03358215752343303,1,1,0,0,0,test
28319a94-2376-4e93-b7f0-27470d23351f,5,4,-1,0.1724589896499532,0.14528075883155722,-0.10855050354020182,-0.9501883454533363,-0.5220184064395239,0.13395026331297252,0.0881979539080069,-0.12100515681080487,0.4182636443540477,1.1299314423819264,0.009253391491995321,-0.003654341461158391,0.20268562794644002,0.20879945489294302,-0.020788131734315353,-0.002286037292760947,-0.07862933161078815,-1.3573221778030946,-1.0571725763159576,3.808687223396346,-2.3191189656438915,-2.0040702813890854,0.03358215724303193,0,0,1,1,0,test
28319a94-2376-4e93-b7f0-27470d23351f,6,5,-1,0.172075033800882,0.1451339304304919,-0.1081014440404496,-0.9483320063663229,-0.47119389322427524,0.13358310115945007,0.08824584700077157,-0.12036805129885265,0.522832462431453,0.48048770412723213,0.3747675104036836,-0.1663665052631322,0.20262674525397797,0.2087975127600028,-0.021031149548234148,-0.0022860380320077834,-0.07864270780324412,-1.2401854190986683,-1.2358650362933434,-0.592189060256076,-0.5878719642956867,-0.5751581675583448,0.033582156966375724,1,2,0,0,0,test
28319a94-2376-4e93-b7f0-27470d23351f,7,6,-1,0.17218774342109322,0.14544295299552473,-0.10792101834858489,-1.0497669929166438,-0.48966634673453535,0.1337216987935612,0.08805611667174232,-0.12078955098206494,0.6162688946732348,0.07380231771669167,0.38233415822348016,-0.1358579745502638,0.2025730107750645,0.2087382777053264,-0.021009181836241488,-0.0022860379651908273,-0.07867540516258092,-1.0121962149025896,-1.1074611787925652,-0.4809996610163031,0.07241040302090028,-0.00975132982878141,0.03358215717715792,0,0,1,1,0,test
28319a94-2376-4e93-b7f0-27470d23351f,8,7,-1,0.17181617324457268,0.14514758888640494,-0.10766641765006466,0.2072812762954217,-0.17141182451273615,0.13301168986092174,0.08813164039494813,-0.11957555419861941,0.03293458860734632,-0.033220231003341656,0.3867795387270373,0.13871880186557659,0.20250254460211814,0.2086842216718239,-0.02108057690021763,-0.0022860381823821673,-0.07861149668751354,-0.7779717202882056,-0.8575422497467429,-0.42021106666122815,0.10808281663574178,0.02205199054095233,0.03358215697573523,0,0,0,0,0,test
28319a94-2376-4e93-b7f0-27470d23351f,9,8,-1,0.17193879140282448,0.14474637174395896,-0.10833599743987375,-0.8639351741630861,-0.5150897111664812,0.133752093011568,0.08799348724274236,-0.1209041522784222,0.45136165106144993,0.9101438434238355,0.3814422719785612,-0.13585797455026155,0.20254533912724082,0.20861333381950625,-0.020597287236379127,-0.002286036712203671,-0.07856096440490211,-0.6537337636102698,-0.6007882729225514,-0.44008786285409107,-0.5448153961713375,-0.5389382549304726,0.03358215652295934,0,0,1,1,0,test
28319a94-2376-4e93-b7f0-27470d23351f,10,9,-1,0.17185828453124502,0.14561539100142704,-0.10718528247175872,0.1816746654035945,0.1361074859698832,0.13374115109308557,0.08837110585877145,-0.12048847977977045,1.1792339152757714,0.1933541643344051,0.3404409298265467,-0.39009573049085633,0.20251638042602998,0.20865638443301424,-0.020903462222276816,-0.0022860376435997463,-0.07853123953277774,-0.3483479512640209,-0.4646001705548297,-0.2935559152229414,0.5053993198389528,0.38501282057940417,0.03358215710975328,0,0,1,1,0,test
28319a94-2376-4e93-b7f0-27470d23351f,11,10,-1,0.17225834175463214,0.1452210030869376,-0.1082959028416816,-0.6393937419000708,-0.4430334150356211,0.13410709747788774,0.08833426501818324,-0.12111198852774807,0.4797441124341653,0.5953410951505641,0.35997745380658375,-0.4002652407284859,0.20252538979974002,0.2086272524389111,-0.02074145034633095,-0.0022860371507550962,-0.07871256125273639,-0.1242440460207569,-0.1298400426071763,-0.2593558016904462,0.04955655349193396,-0.02956843521424953,0.033582157229136864,0,0,1,1,0,test
28319a94-2376-4e93-b7f0-27470d23351f,12,11,-1,0.1722087990644294,0.14620099729869923,-0.10706499867718224,1.2709157360120495,0.4552333325920946,0.13408764517836338,0.08854609985156542,-0.1208575348019379,0.8521560480959455,-0.8606864950765613,0.38436549103636386,-0.15619699502551165,0.2024938569917549,0.20863631572596542,-0.020914446078273145,-0.0022860376770144158,-0.07872890993240479,0.3088449472207308,0.11581987006664622,-0.10690501758828429,1.1544491044293717,1.036367433080222,0.03358215701385493,0,0,1,1,0,test
28319a94-2376-4e93-b7f0-27470d23351f,13,12,-1,0.17307827327748745,0.14621977767557967,-0.10845026704472141,0.20663331575612215,0.19715042189428725,0.13430405201057197,0.08854609985156542,-0.12120328108586317,1.3376520771403966,-0.4346848899196907,0.3811572430660814,0.12854929162795606,0.2023934668275573,0.2086045942212753,-0.02120826422617496,-0.002286038570827214,-0.07876309353534781,0.9752885587186411,0.590566636055435,0.08110069233069014,2.096123877494156,2.22660095650654,0.03358216017257183,0,0,0,0,1,test
bee7543e-97f3-4e1d-b893-9e20ce63a1e5,1,0,-1,0.17283179839372884,0.14600294968795993,-0.10830592649122964,-0.874003911160256,-0.33607486251359253,0.13397701022481853,0.08832873889209501,-0.12090997946298274,-0.14475243394839088,0.10930236850043472,0.1755162426134488,0.26075292471706596,0.2027583464628139,0.20887584545525795,-0.020801861554310765,-0.0022860373345253396,-0.07872445120158614,-0.04167521894311185,0.07855787621052532,-0.29191973302646285,-0.5917633829452288,-0.578093929482862,0.03358215766817282,1,1,0,0,0,test
bee7543e-97f3-4e1d-b893-9e20ce63a1e5,2,1,-1,0.17297423362806172,0.14614294886106874,-0.1083720825782467,0.21145852995045594,-0.4408403594022225,0.13410223440300664,0.08842636711965375,-0.12100709920565839,-0.09404019480328547,0.7989447376022479,0.34846589878495504,0.34210900661805965,0.20278987927079903,0.20887066643408406,-0.02064534160636307,-0.0022860368584067424,-0.07861149668751354,0.04045888665978384,0.20633079100511081,-0.3024118580490981,-0.8034441492963084,-0.7536904436349386,0.033582156917032646,1,2,1,1,0,test
bee7543e-97f3-4e1d-b893-9e20ce63a1e5,3,2,-1,0.17314887161102635,0.14614124155407962,-0.10865675422541105,-1.3702142681008802,-0.5298685088613386,0.1342262428124745,0.08843741937183022,-0.12119356911159561,-0.12802146277333898,0.8365331291712652,0.12373599017963034,0.33193949638043235,0.20278859221741188,0.20890238793877414,-0.020785385770316273,-0.002286037284407549,-0.07875714856092293,0.17287716835006117,0.2963651756716687,-0.22707293722447558,-0.4951057730575485,-0.4972142164907759,0.033582157246021524,0,0,1,1,0,test
bee7543e-97f3-4e1d-b893-9e20ce63a1e5,4,3,-1,0.17314639447651622,0.14623343613149273,-0.10854448935047299,1.2959911471264625,0.2756770129194493,0.13420557474422987,0.08857188843997715,-0.12101875357477945,-0.35627342446924837,0.816172740032298,0.3787746422272543,0.3319394963804301,0.20280371509471087,0.20890109318348066,-0.02071536368833967,-0.0022860370714082924,-0.07868729511143067,0.36194642262240306,0.4415204485400291,-0.15034331700782871,-0.15532672029433145,-0.20826391756082271,0.033582157768334855,0,0,0,0,0,test
bee7543e-97f3-4e1d-b893-9e20ce63a1e5,5,4,-1,0.17321203854103487,0.14623514343848185,-0.10864873530577261,0.05421139448948915,-0.5202060382170072,0.13431256239161388,0.08858294069215362,-0.12117802995276751,-0.4093459305925621,1.1502918315208936,0.3611142240467318,0.22007488376657253,0.20280468038475125,0.20891630655817897,-0.020775774896319484,-0.002286037255172393,-0.07875714856092293,0.5632045513227877,0.6487758127133151,-0.0949039830103516,-0.08355595821598094,-0.14609413036960267,0.03358215768580039,0,0,1,1,0,test
bee7543e-97f3-4e1d-b893-9e20ce63a1e5,6,5,-1,0.17321946994456527,0.14624367997342752,-0.10865074003568222,0.9289881819907361,0.4222963924062963,0.13431864123521525,0.08859583498635949,-0.12117414516306048,-0.20180723524558805,0.676782651706433,0.3879544466385735,-0.0036543414611606494,0.20280468038475125,0.2089172776246491,-0.020779893842318105,-0.002286037267701726,-0.07876309353534781,0.8233181408942071,0.8693924693831991,-0.010408281936058975,0.2550374467692568,0.1541002394218488,0.03358215728870882,0,0,0,0,0,test
bee7543e-97f3-4e1d-b893-9e20ce63a1e5,7,6,-1,0.17322690134809568,0.14624026535944926,-0.10866677787495908,-1.565671783496712,0.34518506314239217,0.13433809353473963,0.08858294069215362,-0.12121882024469129,1.1667429219400915,1.0792912320774306,0.38755901920365443,-2.7697611260948642,0.2028033933313641,0.2089172776246491,-0.020785385770316273,-0.002286037284407501,-0.07876309353534781,1.64294528208111,1.1545257499925965,0.25603785834200027,2.5453427937175945,3.0079189935563226,0.03358216065386596,0,0,1,1,0,test
8ee0d0e3-30f3-4dea-8046-09ff354f45fb,1,0,-1,0.1731637344180872,0.14622489959654708,-0.10858257921875555,0.49887989464902993,-0.19649563740923523,0.1342627158740827,0.08854978393562424,-0.12113335487113672,0.1067639030535987,0.30548118650801437,0.35137105262999496,0.29126145542993664,0.20279502748434763,0.2088884693193693,-0.020698887904345174,-0.002286037021290248,-0.07866797394454983,0.5890781536160832,0.765593880020824,-0.13057264559272116,-0.5673220201579705,-0.5576766872333145,0.03358215769106463,1,1,0,0,0,test
8ee0d0e3-30f3-4dea-8046-09ff354f45fb,2,1,-1,0.1731946985994639,0.14621977767557967,-0.10863871165622457,-0.5696684994950261,-0.5208924334828346,0.13429189432336924,0.08854978393562424,-0.12117997234762103,-0.08418587052775293,-0.24848325755199743,0.357531959264064,0.2912614554299389,0.2027937404309605,0.20890756695994803,-0.020785385770316273,-0.002286037284407532,-0.07874971734289185,0.7435634059702372,0.89775479030317,-0.0708076479889511,-0.36164787436393603,-0.38466084839865605,0.033582157606734046,0,0,1,1,0,test
8ee0d0e3-30f3-4dea-8046-09ff354f45fb,3,2,-1,0.17316992725436253,0.14623514343848185,-0.10858057448884594,0.5948269571475736,-0.31239752358674944,0.1342311058873556,0.08856636231388892,-0.12106537105126376,-0.43126206591834854,0.4951633453615,0.37823803850000376,0.34210900661805516,0.20280178451463016,0.20890627220465458,-0.020745569292329576,-0.0022860371632904253,-0.07871999247076748,0.9609636711596091,1.0670996018606456,0.010928590541543924,0.010667194928610747,-0.06376058954460936,0.03358215739242576,0,0,1,1,0,test
8ee0d0e3-30f3-4dea-8046-09ff354f45fb,4,3,-1,0.1732182313773102,0.14624367997342752,-0.10864873530577261,0.5208894665075636,-0.3424408836650482,0.13431499392905444,0.08858478273418303,-0.12117997234762103,-0.602307122783101,0.38263030532869624,0.28770589744411657,0.3522785168556802,0.20280081922458978,0.20891436442523878,-0.02078401278831673,-0.0022860372802310644,-0.07875714856092293,1.1994064410056935,1.305411067712677,0.07773716279735704,0.13199224040798924,0.043567453270262776,0.03358215692220674,0,0,1,1,0,test
8ee0d0e3-30f3-4dea-8046-09ff354f45fb,5,4,-1,0.17322566278084062,0.14624026535944926,-0.10866477314504948,-1.1583467622839374,-0.20855081539154488,0.13433201469113826,0.0885792566080948,-0.12121299306013074,-1.101907024356298,-1.3117470383185261,0.2374076615388019,0.14888831210320166,0.202761242332935,0.20891339335876866,-0.020948770628261674,-0.002286037781404662,-0.07876309353534781,1.705170516588904,1.5667890653629613,0.2520765207890013,1.4824235936980636,1.4070492733077646,0.0335821571096773,0,0,1,1,0,test
678a2d98-d330-4057-b9df-d384d262e7f7,1,0,-1,0.08570850053770218,0.13564301087790848,0.02054608371891936,0.6000642549530181,-0.5379042118686489,0.006193638880520155,0.07513971796151821,0.06933788446433277,-0.3568104147575863,-1.382225241393185,-0.1726793589963018,0.3217699861428073,0.19865103734107636,0.18308820427515268,0.07105475316099429,-0.0022857565829227998,0.021596992218156263,-1.1569486746353532,-1.2009188490603777,-0.5408682848094024,-0.2771541357627873,-0.3132100011146357,0.033579912711543286,1,2,0,0,0,test
678a2d98-d330-4057-b9df-d384d262e7f7,2,1,-1,0.16350167126129803,0.14395588860799097,-0.09560796724377213,0.7856243609825921,0.1811946163288003,0.12049778242315128,0.08448255513468658,-0.10343036817622066,-0.12175977170940654,0.5880322758090869,0.025163491280388774,0.40312606804379647,0.20080427765777573,0.20473877860378778,-0.011591898301388381,-0.0022860092974200737,-0.06501385393422134,-0.9358143462082545,-1.0162180951260174,-0.46412738092637634,0.03269857050504829,-0.04471486729859622,0.03358159434460181,1,1,1,1,0,test
678a2d98-d330-4057-b9df-d384d262e7f7,3,2,-1,0.1698976325664716,0.1459312427944164,-0.10364091999157166,-0.44117771144390794,-0.523767637955807,0.12812673114286463,0.08729903739765474,-0.1126489741509926,-0.15177770663797632,0.6736502649975158,0.35080835470653143,0.23024439400419533,0.20113601566831327,0.2069049042097684,-0.019364349400791125,-0.002286032960192394,-0.07250600795316832,-0.6188903412781609,-0.7738133956112225,-0.35902246027559825,0.5677399815016944,0.44386378190021375,0.03358239673686433,0,0,1,1,0,test
678a2d98-d330-4057-b9df-d384d262e7f7,4,3,-1,0.17187562447281596,0.14562051292239442,-0.10720733450076442,-0.07253044969988458,-0.5042538462360162,0.13237341128277838,0.08736350886868409,-0.11936577555444003,0.48586453092781745,0.7133267484138189,0.17036765697605077,0.16922733257844724,0.20115918262928192,0.2072386273866611,-0.02068103913835114,-0.0022860369669050213,-0.07551267876854816,-0.40197352792249924,-0.4264052445089335,-0.33156779750083165,0.007953532621690226,-0.06622645280346966,0.033582145806173753,0,0,0,0,0,test
678a2d98-d330-4057-b9df-d384d262e7f7,5,4,-1,0.17165763663592393,0.14603026659978605,-0.10637336685836746,1.0027453159495632,-0.2505402956578535,0.1320342118098222,0.08811690405871285,-0.11802940789522319,0.9660757557516507,0.6183115990986385,0.2685092670968019,0.15905782234082444,0.20157007442312908,0.20726193298194362,-0.01902659582890399,-0.002286031932757224,-0.07547255019118027,-0.24587730090750054,-0.188623732542009,-0.3184655314298117,-0.3519149213023417,-0.3764440148898348,0.03358216461061104,1,1,0,0,0,test
678a2d98-d330-4057-b9df-d384d262e7f7,6,5,-1,0.17241935549779103,0.14619758268472097,-0.10740981222163483,1.4076480841232666,-0.06785563364793476,0.1328816026078525,0.08849268063271253,-0.11898700855800502,1.1708028259869963,1.193100701646114,0.19348711482070982,0.16922733257844724,0.2017821164686618,0.20767528360938495,-0.019875098704620453,-0.00228603451479593,-0.07771677803657005,-0.052949149853078324,-0.017512990604724738,-0.2529628111275857,-0.13252390815195814,-0.18858147738547162,0.03358220371141109,0,0,1,1,0,test
678a2d98-d330-4057-b9df-d384d262e7f7,7,6,-1,0.173178597225148,0.14619075345676444,-0.10864673057586301,-1.1356886690755283,-0.4424213165533379,0.13421408512527178,0.08846689204430078,-0.12114306684540428,1.887971189095159,-0.1783530697852195,-0.3267696021253989,0.22007488376657028,0.20162155655861502,0.20788859454398464,-0.021465011860089166,-0.0022860393521420773,-0.07864270780324412,0.24109776644326514,0.19397244820949228,-0.14807238176354867,0.4435305108587267,0.32717837831259766,0.03358210831087583,0,0,1,1,0,test
678a2d98-d330-4057-b9df-d384d262e7f7,8,7,-1,0.17268069318861048,0.14624367997342752,-0.10777868252500271,1.7036777789985242,1.0472025328736392,0.13317946594431943,0.08855899414577129,-0.11939296908238921,0.8729945467431557,0.23877364714470953,0.34173560340788073,0.36244802709330526,0.2017248425929337,0.20772707382112388,-0.02033916662046538,-0.0022860359267695843,-0.07828452309414549,0.6266953793919823,0.5163030193834087,-0.03380141120715965,0.9234546140119904,0.7941359601374844,0.033582873782973525,0,0,1,1,0,test
678a2d98-d330-4057-b9df-d384d262e7f7,9,8,-1,0.17322813991535074,0.14624197266643837,-0.10866677787495908,-1.5677048339961654,7.628102095743478,0.13431256239161388,0.08854425780953601,-0.12121882024469129,1.910287644164105,2.4679731304078087,-0.4970556430373234,-9.0341794324712,0.20118588898706527,0.2078309779334251,-0.02307963869154962,-0.002286044264644584,-0.07876160729174159,1.557278382845699,0.9389903251730676,0.23808074019104397,2.7982401470771534,3.5738533122228455,0.03358347982548475,0,0,1,1,0,test
8ba738e9-9bc7-40e9-816c-5ecb5d975c47,1,0,-1,0.07795878522273873,0.13316912305065656,0.030184825124314956,1.704406832747087,0.7807795806321868,0.09254118070047261,0.08617723380174394,-0.05697799525446099,-0.41340694777011205,-1.3065264197347048,0.03162883020360867,0.33193949638043235,0.20166306403035056,0.19589559994936598,0.029582458882852727,-0.0022858837033522044,-0.022580112733079635,-1.2756863588197154,-1.2461957576074278,-0.6232102216340211,-0.7480406995451377,-0.7081633631805309,0.033582153762765264,0,0,0,0,0,test
8ba738e9-9bc7-40e9-816c-5ecb5d975c47,2,1,-1,0.16259751716509802,0.1423663858011093,-0.09601091795560335,0.880395740189992,-0.4825411198409556,0.13208041102119258,0.08768034009774264,-0.11856356647993922,-0.15125064024698143,0.040912506211050075,0.2859027215776075,0.3014309656675617,0.20212736853976437,0.20776882967933838,-0.018798680816980152,-0.002286031239818942,-0.07396698541808101,-1.2754601961964995,-1.1463768672195218,-1.112112824519312,-1.313111886102859,-1.1714648176658802,0.03358215706404371,1,1,0,0,0,test
8ba738e9-9bc7-40e9-816c-5ecb5d975c47,3,2,-1,0.16644946132836097,0.14035176355393383,-0.10461120926782197,-0.9661025793254248,-0.5055408048464718,0.13345179813766056,0.08758455391221331,-0.12085559240708438,0.4420823449394123,0.26905321937224963,0.31511550877896355,0.24041390424182038,0.20205818942020512,0.20823591265145883,-0.021075084972219466,-0.0022860381657498732,-0.07732440972452839,-1.120834504349579,-1.1461289505658205,-0.5388302391017663,-0.3604088437775879,-0.3839445317748305,0.033582155876723044,0,0,0,0,0,test
8ba738e9-9bc7-40e9-816c-5ecb5d975c47,4,3,-1,0.15520203208508415,0.14021688630179244,-0.08656463062153014,0.37528554373537437,-0.4925761786828465,0.1319892283671721,0.08742613829768403,-0.11868593735571054,0.2063625477926097,0.032037369046120076,0.19494036082518398,0.19973586329132695,0.2022740926258993,0.20816631955443465,-0.01985862292062596,-0.0022860344649205644,-0.07743141926417613,-1.1099656005477214,-0.9766301909836931,-0.7838660702676191,-1.2466388986071615,-1.1171811380600634,0.03358215714140888,1,1,1,1,0,test
8ba738e9-9bc7-40e9-816c-5ecb5d975c47,5,4,-1,0.16702415653471275,0.1392198190201395,-0.10687053987595026,-1.1136949120752326,-0.38668517563089727,0.13317217133199777,0.08764718334121326,-0.12034280016575699,1.4936975739668477,-1.0632460916046023,-0.022237619763336117,-0.08501042336213627,0.2023236441813045,0.20838351475491476,-0.020568454614388762,-0.0022860366244662526,-0.07721591394127444,-0.9847184500265538,-0.9647158338647209,-0.5224279895227665,-0.5385373629208164,-0.5337908258681084,0.03358215815792034,1,1,0,0,0,test
8ba738e9-9bc7-40e9-816c-5ecb5d975c47,6,5,-1,0.15450348015322554,0.12413405446417132,-0.10431851870101919,-1.4106139964426792,-0.5283446990627196,0.13293023335666343,0.08656037854386125,-0.1211022765534805,1.6139535969414163,-0.6419430042766102,0.3719406391472825,-0.3494176895403561,0.20219526060593646,0.20843336283371347,-0.021327713660135045,-0.0022860389342513054,-0.07876457977895403,-0.6907310847205156,-0.8274214657622269,-0.3821092581000757,0.44346115115890067,0.326874636370209,0.033582156966679044,1,1,0,0,0,test
8ba738e9-9bc7-40e9-816c-5ecb5d975c47,7,6,-1,0.12959341551928838,0.13771055964174703,-0.04805777851777835,0.6545952321032088,-0.21145580290717053,0.13230289669700254,0.08761586862671328,-0.11898700855800502,0.48293769494936295,-0.36003012974347753,0.38842614941626885,-0.7867066297581816,0.20212254208956257,0.20830421099318955,-0.021090187774214418,-0.0022860382116846353,-0.07782824630703643,-0.4214344690291254,-0.5051561736429621,-0.3205837790889249,0.30668644877710716,0.20093859049522805,0.0335821562402023,0,0,1,1,0,test
8ba738e9-9bc7-40e9-816c-5ecb5d975c47,8,7,-1,0.16584256337337744,0.1370959291256596,-0.1074519115497366,-1.4733610798629588,-0.5085723212336228,0.13363294767698125,0.08756797553394861,-0.12116249079393941,-0.2811301590625455,-0.22116193991043975,0.3886951203618483,-0.9087407526096756,0.20211546329593325,0.2082310573191083,-0.020810099446308013,-0.002286037359595187,-0.07871999247076748,-0.33075795961568666,-0.20995657405414006,-0.3866948932447561,-0.7506992247670587,-0.7101196094173767,0.03358215719077065,0,0,1,1,0,test
8ba738e9-9bc7-40e9-816c-5ecb5d975c47,9,8,-1,0.16476500986146786,0.14593465740839467,-0.09532930978633661,0.7951671137407028,1.3189892707105841,0.13281351955951723,0.08853136351533014,-0.11883744415428453,-1.0360555895871126,-0.42215546755301636,0.38835121223740093,-2.322302675639416,0.20159806783429957,0.20822393616499418,-0.02298764889758036,-0.0022860439842807153,-0.07841828501870514,-0.14717993063383722,-0.11055811261326362,-0.2805510205732879,-0.187799107946013,-0.23627210730339127,0.03358215723433533,0,0,1,1,0,test
8ba738e9-9bc7-40e9-816c-5ecb5d975c47,10,9,-1,0.1727550072239146,0.1460336812137643,-0.10814554809846098,0.6366598369158741,0.2969812951157773,0.1342760893300057,0.08853504759938896,-0.12117026037335346,-1.5216658041781017,-0.33236104573202735,0.38877541019634965,-1.285012631401762,0.20112507571452248,0.20770344453701797,-0.022798177381643674,-0.002286043408446597,-0.0791822142323014,0.10689347119700901,0.09067783871725928,-0.1920494001093635,0.22097214633453877,0.12329204719349135,0.03358215718225802,0,0,0,0,0,test
8ba738e9-9bc7-40e9-816c-5ecb5d975c47,11,10,-1,0.17304730909611074,0.14615490000999268,-0.10847632853354632,0.31095025177451174,0.5012103151002084,0.13426514741152323,0.08858294069215362,-0.1211022765534805,-1.228598072190349,-0.4346848899196907,0.38571837474771137,-0.5426383840552209,0.1995687064061132,0.20722762196666658,-0.0274210077740989,-0.0022860574754471927,-0.08257530838529802,0.5062388404496557,0.36918994067619093,-0.06197802605293152,0.9916399622407626,0.864256879736564,0.03358215730720444,0,0,0,0,0,test
8ba738e9-9bc7-40e9-816c-5ecb5d975c47,12,11,-1,0.17317612009063788,0.1462061192196666,-0.10862467854685731,-1.0151479878282565,0.044191310315428264,0.13432715161625716,0.0885792566080948,-0.12120522348071669,-2.240239795933056,1.4715828995256455,0.38854926049583755,-0.562977404530462,0.1942718381913037,0.20566193912803415,-0.043381923518765374,-0.0022861060615554057,-0.07895036022973133,1.0932954848357066,0.8069473658795133,0.10543755863258276,1.8120027480800442,1.821684909480429,0.03358215718440166,0,0,1,1,0,test
48910ac7-0d4f-44ba-ac17-641ddae7e130,1,0,-1,-0.017261026779670546,0.10425929380368859,0.15036036428568025,1.5062260211950853,0.1738810928857778,-0.1101481330372886,0.01893717360218455,0.1959490082008605,-0.25144055387665837,-0.8099160902040956,-0.3637122931433709,0.34210900661805516,0.19458845332454222,0.16372254935067437,0.13586224950333808,-0.0022855567827178686,0.0941435151248891,0.5749083896870113,0.6437335877651548,-0.08598629280730104,0.011610202335355676,-0.06293692995252173,0.03358236094201252,0,0,0,0,0,test
48910ac7-0d4f-44ba-ac17-641ddae7e130,2,1,-1,0.1332818688048823,0.14620099729869923,-0.044058342348110256,1.919406802116316,2.2499097240992088,0.0745550982527532,0.08773375931659554,-0.026600882140373622,0.17724289824135314,1.3722982147702172,0.168524336192291,0.29126145542993664,0.20272037838789303,0.20065188351993968,0.013919480232086695,-0.002285931555548283,-0.040953056193151566,0.9087720312692992,0.8822220713813559,0.02807648310052046,0.6576007923567481,0.5302650006493853,0.0335820886329492,0,0,1,1,0,test
48910ac7-0d4f-44ba-ac17-641ddae7e130,3,2,-1,0.1731513487455365,0.14624197266643837,-0.10854248462056339,-1.5668918829854606,7.628102095743478,0.13321472323720732,0.08835084339644794,-0.11966878915158803,5.442265614004894,2.697679912454473,-10.126985440841045,-9.491807393164281,0.20267694033607675,0.20883247115292658,-0.02096524641225617,-0.002286037831530434,-0.07876309353534781,1.789054382862623,1.2481992414223695,0.2948223448651142,2.6904730802460635,3.317293049812919,0.033582136478488706,0,0,1,1,0,test
642ed159-dda0-417a-b08d-ca16fd99bd43,1,0,-1,-0.29516950890467986,-0.780175238469244,-0.4383285736707291,0.5001396995265464,-0.5095784374449157,0.3264721032430903,0.7043499604935319,0.2211282726869475,-0.13522461012781056,-1.4015414912567639,0.2469621518444606,0.39295655780617594,0.20157650969006483,0.20622127341481455,-0.014584999060388203,-0.0022860184142286183,-0.07008491711863854,-3.613669780111938,-3.843351495064365,-1.0996803814138494,-0.3651033782326404,-0.5486248794976879,0.0335821575375331,1,1,0,0,0,test
642ed159-dda0-417a-b08d-ca16fd99bd43,2,1,-1,-0.23358918354993036,-0.36978132095669897,-0.05611478802449318,-0.5520399798547787,-0.513096844862862,0.3514123827707715,0.40617124902479024,-0.1331412398555531,0.2912141375681334,-0.3981406687433105,-0.22145141896413695,0.362448027093303,0.19743123249340638,0.20768175738585232,-0.038468020942407415,-0.002286091085069338,-0.0779144484361971,-3.3456537208580315,-3.7092452049400917,-1.023879519940705,0.5167238014013757,0.19440706687713738,0.033582155120832395,1,2,0,0,0,test
642ed159-dda0-417a-b08d-ca16fd99bd43,3,2,-1,-0.031786943547113616,-0.3003792918484932,-0.301257170831187,-0.3417694382335338,-0.5095159451922152,0.16323813178435018,0.2571905737701546,0.010401739819046059,0.05031909597416548,-0.04835976817912324,-0.033409950234196704,0.32176998614280955,0.19877427270289583,0.20351167427439856,-0.015049066976233129,-0.002286019817857137,-0.06362124367519469,-2.98354981129186,-3.4154493353856243,-0.9328544735297782,0.9202380598114098,0.6743054911102421,0.03358215628462089,0,0,1,1,0,test
642ed159-dda0-417a-b08d-ca16fd99bd43,4,3,-1,-0.1231523342517498,-0.22248853239032443,-0.06191447165298932,-0.4910582229751896,-0.4738202585121894,0.22647755753807286,0.23220143159917625,-0.11698439946403329,-0.13419323866432428,0.024728549704642888,0.36112492935799867,0.4132955782814193,0.1960846528871023,0.20486275142313784,-0.032256650376483016,-0.0022860722046788564,-0.06878891269401609,-2.5958825716914844,-3.018515534940176,-0.8385525479774218,0.9797935386549926,0.8046921644251299,0.033582156690756114,0,0,1,1,0,test
642ed159-dda0-417a-b08d-ca16fd99bd43,5,4,-1,0.021118456753136283,-0.18372583450907712,-0.24991403311621477,-0.3974700419206495,-0.4892028325299205,0.10071600957558857,0.26307405601209066,0.1164953467179176,0.2675605475067162,-0.22533849701199402,-0.8431108514756593,0.35227851685568246,0.16956202197478706,0.20215703654860226,-0.13395342708249985,-0.0022863819568593154,-0.06571833340356886,-2.19531450289869,-2.5935595301648307,-0.7387861194118895,1.0149970935278785,0.8704933021936614,0.03358215724328246,0,0,0,0,0,test
642ed159-dda0-417a-b08d-ca16fd99bd43,6,5,-1,0.011119503302968486,-0.21332029385868692,-0.2684798368090951,-0.5597826428266304,-0.5020305605066124,0.0720469673828299,0.11089927987845781,0.0018338361202009043,-0.31801847797277405,-0.04522750593920033,0.21848267846488337,0.3522785168556802,0.1794758724526449,0.17547569052717713,0.021523054545545872,-0.0022859077899778876,-0.015682456156620013,-1.8877999027227554,-2.15446179693817,-0.6789141942239139,0.5227443957287762,0.3958707785580618,0.03358215722052826,1,1,0,0,0,test
642ed159-dda0-417a-b08d-ca16fd99bd43,7,6,-1,0.04748755361354411,0.05137545981533257,-0.016537410149010688,0.9825608460289699,0.28932740731303197,0.04391529496443192,0.02953444139738125,-0.03901861243888123,0.7608123469302701,0.49458331984836507,0.3766529833505566,-0.3799262202532358,0.1754152190161915,0.18544886686397766,-0.038106926676528076,-0.0022860902031850284,-0.07548444014003002,-1.6764973410436306,-1.8173681182575472,-0.6530552897095404,-0.02254366311026997,-0.09486214300019735,0.03358215725479496,1,1,0,0,0,test
642ed159-dda0-417a-b08d-ca16fd99bd43,8,7,-1,0.13183150654919712,0.08558818457054375,-0.11288272487486485,1.1558378545027586,-0.4329922948469857,0.12275668070541859,0.12262203535362413,-0.06682205237206408,0.6505389526023428,-0.044705482977378884,0.3882495117803659,-0.8070456502334475,0.17191539909318804,0.18136391391306977,-0.03571381905132776,-0.002286082926543236,-0.07968010584038457,-1.4605944645343598,-1.5857408791270993,-0.597471114261629,0.0033234134149121024,-0.07139807372200345,0.03358215731344886,1,1,1,1,0,test
642ed159-dda0-417a-b08d-ca16fd99bd43,9,8,-1,0.11164286029158098,0.0674378039690841,-0.10151791101729671,0.7212013582476717,-0.4686292189765608,0.1488482932111984,0.12364252663791736,-0.10743170157445711,0.1464938306824956,-0.40805972736288915,0.3828573803116472,-1.051113895936406,0.13171139067548457,0.17784315058129282,-0.19233262170299179,-0.002286562113353318,-0.07877349724059134,-1.3139407446204499,-1.3490708321159983,-0.5915791155477924,-0.4082629316239645,-0.4246058579289002,0.0335821571869554,0,0,1,1,0,test
642ed159-dda0-417a-b08d-ca16fd99bd43,10,9,-1,0.09095754856468237,0.03744042017003921,-0.10326002130874612,1.1396324477797057,0.2599020909460072,0.13661036527292994,0.1475964411883672,-0.0626206523039158,1.078648445264827,-1.2350040929432815,0.3880621688331961,-0.5426383840552074,0.10206057650570498,0.13739855579024784,-0.14730155808203943,-0.0022864272673029087,-0.06125663009770121,-1.054745537577814,-1.1883108489812322,-0.482285721070022,0.25046829965785006,0.14941599669610037,0.03358215720958818,0,0,1,1,0,test
642ed159-dda0-417a-b08d-ca16fd99bd43,11,10,-1,0.1190160511610036,0.07259728569024025,-0.10739377438235796,1.5841042155892497,-0.08357407594596435,0.1567921260294625,0.12022001254727327,-0.1237322791851369,-1.2632255720960215,-1.3347177134114678,0.35918860618260817,-2.729083085144371,0.10034622139402322,0.10757030702803615,-0.028095141935873633,-0.0022860599429774158,-0.07897711261464327,-0.6892450605246424,-0.9041842878735645,-0.36756941670733634,0.8222476940864558,0.6916298042856743,0.033582157236231404,0,0,1,1,0,test
642ed159-dda0-417a-b08d-ca16fd99bd43,12,11,-1,0.14021660686601067,0.08834377805100241,-0.12321911228880406,0.8911834924264175,-0.20676085557314225,0.14013366302428124,0.1109324366349872,-0.10691113975371568,-3.4849096821976486,-1.4255562900664696,-0.9670422255201929,-0.45111279191660897,0.10078961128589586,0.10584569297712988,-0.01888792464695033,-0.002286031401231314,-0.08150372674521456,-0.2525422640239483,-0.5035272124082477,-0.24744618440866004,1.1716074046456257,1.0547997650319654,0.033582157238984785,0,0,0,0,1,test
642ed159-dda0-417a-b08d-ca16fd99bd43,13,12,-1,0.13543202155968118,0.09139815025455911,-0.11188837883969925,-0.5026209032652798,-0.15559732960882408,0.14296397260507687,0.1094661711795767,-0.1129791812760898,-5.286524568076546,-1.4788064907110785,-10.505233151146046,-0.4816213226294751,0.024376929927544592,0.10629173617573139,-0.3468370320753623,-0.002287048197937496,-0.07766921824117107,0.23145263612066877,-0.024819040248899887,-0.12034870978897973,1.387505512095684,1.2960148203453172,0.03358215723916647,0,0,0,0,1,test
695451c6-94db-4d3f-84cb-b3c64ee53e7c,1,0,-1,0.1731984143012291,0.1462385580524601,-0.1086226738169477,-0.12252065577979615,-0.25493326251683074,0.13431620969777472,0.08857557252403599,-0.1211916267167421,-0.9943035137254033,-1.4767182474103093,-0.2838051735198269,0.39295655780617594,0.2027486935624103,0.20890821433759477,-0.020980349214251123,-0.0022860378774635167,-0.07876309353534781,1.7005818086914708,1.660575835182545,0.2403463695428206,1.0709420278314405,0.9472567191176912,0.03358215695226445,0,0,0,0,1,test
d8d7a113-a53b-417c-a043-ef2cefd544a4,1,0,-1,0.14389515161356406,0.14622489959654708,-0.06120880672480728,2.1776122912192166,3.921440878266718,0.10465145292311241,0.08847426021241842,-0.07390402400797191,-0.4003184260559931,-1.29981419584122,-1.5511588005008459,0.3319394963804301,0.20280500214809802,0.20113935888793233,0.01221286360665698,-0.0022859367638163645,-0.0430471734343133,0.7977564297735024,1.1689825865353756,3.4286189676943635,-1.5562966274339907,-1.370264112634817,0.033582156153271196,0,0,0,0,0,test
d8d7a113-a53b-417c-a043-ef2cefd544a4,2,1,-1,0.1731909828976987,0.14624367997342752,-0.10860463124776124,1.0333574977169069,0.41502054685200296,0.13417396475750276,0.0885626782298301,-0.12097796328285569,0.45752094221498707,-0.48241619759441823,-0.3620676897000019,0.067532230202217,0.20280532391144482,0.20891760131347245,-0.020778520860318565,-0.002286037263525283,-0.07876160729174159,0.8125803389219467,1.126505320295535,-0.2726908992048928,-1.2219729826487107,-1.0970084927359198,0.0335821571146547,0,0,1,1,0,test
d8d7a113-a53b-417c-a043-ef2cefd544a4,3,2,-1,0.17322566278084062,0.14624367997342752,-0.10866076368523027,0.38257226770908637,-0.16680159669182668,0.13431377816033416,0.08857188843997715,-0.1211916267167421,1.0592250037244606,0.15226060141873693,-0.1107491333176064,0.07770174043983981,0.20280500214809802,0.2089179250022958,-0.02078126682431765,-0.0022860372718781696,-0.07876309353534781,0.9681602837143071,1.1427551050680875,-0.013809551359581814,-0.3550631626394877,-0.3790773307141562,0.033582156308362955,0,0,1,1,0,test
d8d7a113-a53b-417c-a043-ef2cefd544a4,4,3,-1,0.17322690134809568,0.14624026535944926,-0.10866677787495908,-0.46586044299313334,-0.08470032526290747,0.13431742546649497,0.08856636231388892,-0.12120328108586317,3.005148453525059,-1.4788064907110785,0.2305877091798678,-7.752821142530586,0.20280468038475125,0.20891760131347245,-0.02078126682431765,-0.0022860372718781696,-0.07876309353534781,1.3580375627886319,1.313299904856391,0.15056219886098807,0.9447801891784103,0.8159645493028935,0.033582156938464836,0,0,0,0,1,test
6e1d60ea-5b50-415f-a9a1-fb7aa198c557,1,0,-1,0.17309809035356855,0.1462266069035362,-0.10847432380363671,1.306868180406558,0.3427675100886491,0.1342809524048868,0.08858478273418303,-0.12112558529172267,-0.14237489086113003,0.32360835295241785,-0.0012966927614799285,0.27092243495468654,0.20280532391144482,0.2089179250022958,-0.020779893842318105,-0.002286037267701726,-0.07876309353534781,-0.026815638259754818,0.17779246581681363,-0.38450152264257714,-1.059394666456756,-0.9640383769862861,0.0335821573546653,1,2,0,0,0,test
6e1d60ea-5b50-415f-a9a1-fb7aa198c557,2,1,-1,0.17320336857024937,0.14623343613149273,-0.10863670692631497,0.0989907730231348,-0.12557533519721095,0.13433323045985854,0.08859030886027126,-0.12120328108586317,0.03935763628099552,0.6140047229601202,0.24042321390628116,0.28109194519231384,0.20280532391144482,0.2089179250022958,-0.020779893842318105,-0.002286037267701726,-0.07876309353534781,0.05381669963954495,0.22261967847041675,-0.300733939347881,-0.812726066699052,-0.7613502631772914,0.03358215702867159,0,0,1,1,0,test
6e1d60ea-5b50-415f-a9a1-fb7aa198c557,3,2,-1,0.173214515675545,0.14624026535944926,-0.10864673057586301,0.2559825153478743,-0.44669309363510595,0.13433566199729907,0.0885976770283889,-0.12119939629615616,-0.7006022287611829,0.582028389403169,0.3779295917191278,0.24041390424181588,0.20280532391144482,0.2089179250022958,-0.020779893842318105,-0.002286037267701726,-0.07876309353534781,0.2786110121297319,0.31100784406497195,-0.1579405866137695,0.05351490190897581,-0.026046988515469563,0.033582157214442916,0,0,1,1,0,test
6e1d60ea-5b50-415f-a9a1-fb7aa198c557,4,3,-1,0.1732219470790754,0.14624026535944926,-0.10865875895532065,-0.6532743083810723,-0.2798500516363698,0.1343393093034599,0.08859583498635949,-0.1212071658755702,-1.0059221114336974,0.30990431668714813,0.387324171437738,0.3726175373309258,0.20280500214809802,0.2089179250022958,-0.02078126682431765,-0.0022860372718781696,-0.07876309353534781,0.454962987591246,0.5574245725729691,-0.13251876340082286,-0.23075611955998107,-0.2731288500849932,0.033582157310782214,0,0,1,1,0,test
6e1d60ea-5b50-415f-a9a1-fb7aa198c557,5,4,-1,0.1732182313773102,0.1462385580524601,-0.10865474949550144,-1.2734651623573312,-0.25895050948243054,0.13434417237834098,0.08858662477621244,-0.12122464742925182,-0.06444360007277293,1.3037775355678918,0.3889252845540855,-1.91552226613445,0.2028033933313641,0.20891760131347245,-0.020786758752315813,-0.002286037288583943,-0.07876309353534781,0.9458155203239957,0.7507394139395446,0.05981493647547153,1.4176852152741577,1.3309924190691924,0.03358215739188917,0,0,0,0,1,test
fd45ca77-d554-4037-a7ab-473aba809efc,1,0,-1,0.17321946994456527,0.1462385580524601,-0.10865675422541105,-1.5586532952214134,-0.20755060492920657,0.13430162047313143,0.08855899414577129,-0.12118579953218156,-0.2653993936963027,-1.4788064907110785,-0.8460053000094324,0.26075292471706374,0.2027934186676137,0.20891663024700236,-0.020825202248302966,-0.0022860374055243826,-0.07876309353534781,1.8698096708959056,1.636522783568389,0.3019346770046598,1.8860549445305523,1.9223277412159032,0.033582157418055425,0,0,0,0,1,test
5ae34f62-6145-4c62-9ccf-e05ada04567d,1,0,-1,0.1656394383435462,0.13771055964174703,-0.10640143307710197,-0.8561695740386835,-0.5207046292726678,0.12260835692154529,0.07722306749678111,-0.11445734375961307,0.04254570418463382,-1.2172540364341615,-0.5846712558549496,0.29126145542993664,0.19886307938660908,0.20447853278979966,-0.018771221176989327,-0.0022860311525669964,-0.07542499039578127,-1.4890130653475948,-1.6425739300937077,-0.5968978607406457,0.1387120811995918,0.048094724058362945,0.03358215787805443,0,0,0,0,1,test
5ae34f62-6145-4c62-9ccf-e05ada04567d,2,1,-1,0.16221603845053695,0.1433122338730883,-0.0942828407735212,-0.17289759683279146,-0.4087381386561516,0.12194089989411538,0.08160160140068907,-0.10877389641823448,0.7354798486004256,-1.4673211531646075,-0.09217809459744791,0.14888831210320616,0.20063406484732535,0.20495208953838748,-0.01322300091684333,-0.002286014263759956,-0.06513126717911259,-1.3539871398811762,-1.3802229487491884,-0.6085181153164338,-0.47867016511930716,-0.4839138367395307,0.03358215696553764,1,1,0,0,0,test
5ae34f62-6145-4c62-9ccf-e05ada04567d,3,2,-1,0.16733751405024508,0.14424954541012164,-0.10147180222937573,0.07540308020425063,-0.43050672465781986,0.12431164889864782,0.08523042419862711,-0.10873504852116424,0.184976071052697,-0.13397788183654644,0.16656191882068758,-0.09517993359976584,0.20085897742672953,0.20673367282220656,-0.019820179424638807,-0.0022860343471935883,-0.07092613099975816,-1.1359361215364288,-1.2322092092171797,-0.5153887377571665,0.015053746995230407,-0.06044139994900353,0.03358215703907812,0,0,0,0,0,test
5ae34f62-6145-4c62-9ccf-e05ada04567d,4,3,-1,0.1702407156961256,0.14526539306865502,-0.10497807484128024,0.3731226095065614,-0.38216623494325735,0.12932061602617276,0.08724193409474301,-0.11461662013760113,0.211326534098151,0.63658389639032,0.22912844143780603,0.27092243495468876,0.2020318048257686,0.206959931309741,-0.015775374453990423,-0.0022860220390760687,-0.07275272439180058,-0.9373145145265537,-0.9931843958527602,-0.4727308731554942,-0.09871027728135813,-0.15954180294935286,0.033582157701197726,0,0,1,1,0,test
5ae34f62-6145-4c62-9ccf-e05ada04567d,5,4,-1,0.17223852467855102,0.14555392794981828,-0.10787290483075429,-0.30534423052361115,-0.4288048842803651,0.1328730922268106,0.0875642914498898,-0.1199523788002009,0.8979256691899924,0.5812453549604369,0.2116908275480247,0.1895663530536951,0.20220330468960612,0.20813977707091844,-0.020048094436562646,-0.002286035041338617,-0.0771638954150568,-0.7754905261122488,-0.775457861456962,-0.44847441437706587,-0.31738693197209233,-0.34722936431818735,0.03358215720087099,1,1,0,0,0,test
5ae34f62-6145-4c62-9ccf-e05ada04567d,6,5,-1,0.1725110094746661,0.14610709541429698,-0.10766441292015505,0.7724192908401629,-0.2948360417227338,0.13333386857179408,0.08807822117609523,-0.12014661828555219,1.0346477317611196,0.03986846028740718,0.20741472477887452,0.29126145542993437,0.20172323377619975,0.20831230321377375,-0.02282838298563358,-0.0022860434996499605,-0.0779634944752023,-0.5396327572402337,-0.5980684187373657,-0.3598586320368913,0.11733282103152382,0.030382563935670487,0.033582156533658356,1,1,0,0,0,test
5ae34f62-6145-4c62-9ccf-e05ada04567d,7,6,-1,0.17301882204924418,0.1462146557546123,-0.10836005419878905,0.8477673322404691,0.2009384988611326,0.13364875267034482,0.08835084339644794,-0.12036222411429212,1.5610641507428757,-0.5411853534434055,0.2821692442732954,0.3116004759051777,0.20030972739376393,0.20782935948930825,-0.02681140376630261,-0.0022860556184950134,-0.07868729511143067,-0.2122440046334078,-0.33952406699281545,-0.2547683410772078,0.623420855712404,0.49723959932396655,0.03358215806748761,0,0,0,0,0,test
5ae34f62-6145-4c62-9ccf-e05ada04567d,8,7,-1,0.1731587801490669,0.14622148498256882,-0.10857856975893633,-0.7832876410644773,-0.004089225480530222,0.13388461180207778,0.0883821581109479,-0.12070602800336389,1.49630535165388,-1.0507166381206792,0.18856534796577806,0.28109194519230934,0.19876365451245184,0.20640739448825132,-0.027377072350113583,-0.0022860573447928585,-0.07875863480452916,0.42919500016535495,0.019355410312509008,-0.05760085658773584,2.010614906493611,2.0990640714181446,0.033582157428602225,0,0,1,1,0,test
5ae34f62-6145-4c62-9ccf-e05ada04567d,9,8,-1,0.1731984143012291,0.14623514343848185,-0.10862668327676693,-0.8438606791964107,0.05218047187557305,0.1339101429452035,0.08847426021241842,-0.12064969855261201,0.8842842327993147,0.5641914846533216,-3.9004139328956113,-0.2477225871641304,0.1712889258569935,0.20485206969196668,-0.1380160808191423,-0.0022863941530271307,-0.07876309353534781,1.095366904380058,0.7224928667231845,0.11124690409247869,2.0952108076869536,2.2252151038525465,0.03358215755692007,0,0,1,1,0,test
5cef0615-ee15-431d-8cfc-1b73950aec9a,1,0,-1,0.17317612009063788,0.14619587537773182,-0.10863670692631497,-0.5158872139225882,-0.3318116131196582,0.13426514741152323,0.08852399534721249,-0.12116443318879293,0.05529627048023187,-1.3467251128163207,0.2461197776641508,0.39295655780617594,0.2027905227974926,0.20890400638289097,-0.02078401278831673,-0.00228603728023109,-0.07874971734289185,0.456453720692667,0.6374563007246864,-0.1760874392404205,-0.6636285553041041,-0.6379111063638003,0.03358215741999759,1,1,0,0,0,test
5cef0615-ee15-431d-8cfc-1b73950aec9a,2,1,-1,0.1730770347102324,0.14609855887935133,-0.10859059813839399,-0.33430987244035487,-0.4821475503264753,0.13420435897550959,0.08847978633850666,-0.12111393092260159,-0.2453727427722009,0.07432434067851311,0.2639461281693094,0.4234650885190421,0.20278698340067794,0.20890303531642088,-0.02079499664431306,-0.002286037313642729,-0.07875566231731672,0.5736661224801827,0.7523735370179333,-0.13688426650280724,-0.5877975834414062,-0.5747723473248262,0.03358215848590761,0,0,1,1,0,test
5cef0615-ee15-431d-8cfc-1b73950aec9a,3,2,-1,0.17283799123000418,0.14619758268472097,-0.10808741093108236,0.17131481163651777,0.008825372510079582,0.13401226751770645,0.08853873168344778,-0.12074487590043415,-1.554309963660609,-1.257974768036223,0.08298689192434096,0.4132955782814193,0.20279213161422655,0.20889947473936382,-0.020757926130325448,-0.0022860372008784114,-0.07872593744519235,0.6614487167045837,0.8808603135252586,-0.14042614850638152,-0.7685755521844954,-0.7248801266836786,0.03358215653245164,0,0,1,1,0,test
5cef0615-ee15-431d-8cfc-1b73950aec9a,4,3,-1,0.17313648593847566,0.14623172882450358,-0.10853045624110574,0.5504711027607853,-0.2182433965305951,0.13427001048640433,0.08856452027185951,-0.12112947008142969,-1.1919643868561935,0.10355974251341611,0.36005506731326836,0.4336345987566671,0.20280178451463016,0.2089046537605377,-0.02073870438233187,-0.0022860371424081277,-0.07871553373994883,0.833304397675865,0.9770865011413986,-0.03956421223863578,-0.25755515839273213,-0.2960623599227607,0.03358215780617461,0,0,1,1,0,test
5cef0615-ee15-431d-8cfc-1b73950aec9a,5,4,-1,0.1732070842720146,0.14624026535944926,-0.10863470219640536,0.8121249039322724,-0.2615243663221096,0.13431134662289362,0.0885792566080948,-0.12117997234762103,-0.780855318758691,0.48414211379797073,0.37844946839752397,0.4336345987566694,0.20280178451463016,0.20891436442523878,-0.020779893842318105,-0.002286037267701727,-0.07876012104813537,1.0395253776076245,1.165472560429735,0.02662423580391626,-0.054488805923740474,-0.1207809312930402,0.03358215717568734,0,0,1,1,0,test
5cef0615-ee15-431d-8cfc-1b73950aec9a,6,5,-1,0.17322566278084062,0.14624026535944926,-0.10866477314504948,-1.2556206745643363,-0.2262319264101596,0.13433323045985854,0.08857188843997715,-0.1212227050343983,-0.566656636812509,-1.4138389228664645,-0.04280252270694439,0.4336345987566671,0.20279631453773478,0.20891436442523878,-0.020803234536310306,-0.002286037338701307,-0.07876309353534781,1.5083425048824513,1.391529432872697,0.19871563926345231,1.3195752896391337,1.2186000504318115,0.033582156687807965,0,0,1,1,0,test
de4688b2-6e82-46f2-95eb-5c97674ddc36,1,0,-1,0.17301139064571378,0.14604221774870996,-0.10855050354020182,-0.6395052310425433,-0.3985034733956051,0.13403536712339165,0.0882716355891833,-0.12106342865641025,-0.03198261429213588,-0.35219941190917314,-0.19144309331926349,0.2810919451923161,0.2027705734699918,0.2088742270111411,-0.020742823328330495,-0.0022860371549368597,-0.07870958876552395,-0.6798434379036511,-0.6178554566101111,-0.45430778168122793,-0.6092047928554609,-0.5926983627454936,0.033582152157104854,1,1,0,0,0,test
de4688b2-6e82-46f2-95eb-5c97674ddc36,2,1,-1,0.17300519780943843,0.14599441315301429,-0.1085966123281228,-0.992538629058886,-0.47838146606218573,0.13355149117272297,0.08812979835291872,-0.12043991990843263,0.23172308805620362,-0.9066278763796929,0.3436866463862632,0.40312606804379647,0.20276413820305605,0.20888296660937206,-0.02080735348230893,-0.0022860373512311313,-0.07876903850977268,-0.5926936475750153,-0.4932212706641362,-0.45601244464035945,-0.7724263615843017,-0.7281077654427581,0.03358216204908292,1,1,1,1,0,test
de4688b2-6e82-46f2-95eb-5c97674ddc36,3,2,-1,0.17284294549902446,0.1459141697245251,-0.10842821501571573,-0.6221557707448228,-0.44726975297895183,0.1333910097016469,0.08804874850362467,-0.1202689891613235,-0.35205691631523667,-0.5464058319996083,0.37155926243340115,0.39295655780617367,0.20276896465325786,0.2088764928329047,-0.020759299112324988,-0.0022860372050546064,-0.07872296495797991,-0.5294635279812419,-0.3976887548053207,-0.4695327681241978,-0.9204905991112099,-0.8501108960886155,0.033582207135960676,1,1,0,0,0,test
de4688b2-6e82-46f2-95eb-5c97674ddc36,4,3,-1,0.17260761772056143,0.1461344123261231,-0.10778870617455075,0.3623545978024047,0.5700544318756047,0.13328766936042372,0.08837478994283027,-0.11976008170970313,-0.25852125600184167,-0.05201430231885607,0.23521641813886968,0.3827870475685486,0.20278505282059722,0.2088813481652552,-0.020711244742341046,-0.002286037058878168,-0.07865459775209387,-0.444704232573541,-0.32837668440252865,-0.4213801279676016,-0.7872013649245119,-0.7403005697409386,0.03358211836531239,1,1,1,1,0,test
de4688b2-6e82-46f2-95eb-5c97674ddc36,5,4,-1,0.17304607052885568,0.14614807078203615,-0.10848234272327514,0.21152212586975366,-0.47239221915331137,0.13397336291865772,0.08829005600947741,-0.12094494257034596,-1.1062154301726468,0.002280068718389872,0.27454438632348543,0.3726175373309258,0.20278440929390365,0.20889753260642363,-0.02078263980631719,-0.0022860372760546465,-0.07868878135503689,-0.3020669736195531,-0.23546459933400504,-0.34007308565793437,-0.4331033879381601,-0.4450919597928844,0.033582150030827485,0,0,1,1,0,test
de4688b2-6e82-46f2-95eb-5c97674ddc36,6,5,-1,0.17307084187395705,0.14622319228955794,-0.10843422920544456,0.30912761740310485,-0.5377553924525292,0.13388461180207778,0.08850557492691839,-0.12057588754817852,-1.2046779121741555,1.340321881213266,0.322196403100027,0.3522785168556802,0.20280081922458978,0.2088968852287769,-0.020709871760341506,-0.0022860370547023033,-0.07868283638061202,-0.10482326115810117,-0.07910741073153953,-0.2642607763720439,-0.10710390070998407,-0.16656980306151503,0.03358215025719558,1,1,0,0,0,test
de4688b2-6e82-46f2-95eb-5c97674ddc36,7,6,-1,0.17317735865789294,0.146236850745471,-0.10859059813839399,1.0082811893055728,-0.5395952818890039,0.1341314128522932,0.08856452027185951,-0.12090803706812922,-0.7182896283763937,1.4932858112364311,0.1427024563347079,0.362448027093303,0.20280274980467053,0.20891339335876866,-0.02077165595032086,-0.0022860372426430475,-0.07875268983010428,-0.09219406588070937,0.13710869280375246,-0.5156707930388315,-1.2356711000097829,-1.1082027088314637,0.033582157378355106,1,1,1,1,0,test
de4688b2-6e82-46f2-95eb-5c97674ddc36,8,7,-1,0.1732182313773102,0.1462385580524601,-0.10865474949550144,-0.944572500509215,-0.5035040762225599,0.13431256239161388,0.08859215090230067,-0.12116831797849995,-0.352761410641594,0.7932022360842235,0.0948771473320343,0.362448027093303,0.2028001756978962,0.20891533549170888,-0.020790877698314437,-0.002286037301113288,-0.07876160729174159,0.10239798416488609,0.15095265953702727,-0.21327252993286464,-0.12272882944799138,-0.1800947014489722,0.0335821570554618,0,0,0,0,0,test
de4688b2-6e82-46f2-95eb-5c97674ddc36,9,8,-1,0.1732219470790754,0.14624197266643837,-0.10865675422541105,0.7475796444918238,-0.031150124277917114,0.13432593584753688,0.08859583498635949,-0.12118579953218156,0.2855757471532401,0.9816659679531431,0.24743653094997267,0.37261753733092356,0.20280274980467053,0.20891274598112192,-0.020768909986321776,-0.00228603723429015,-0.07874971734289185,0.19602392248645414,0.3642620437234857,-0.2515402607544322,-0.7325456795979612,-0.6950759424539885,0.033582159943677456,0,0,1,1,0,test
de4688b2-6e82-46f2-95eb-5c97674ddc36,10,9,-1,0.17322566278084062,0.14624367997342752,-0.10866076368523027,-0.0953632914837184,-0.5288994376970171,0.13433809353473963,0.08859215090230067,-0.12120910827042372,-0.034204720272233216,-0.03896285699036027,0.1686394182884096,0.3421090066180529,0.20280242804132373,0.20891533549170888,-0.02078126682431765,-0.0022860372718781713,-0.07876160729174159,0.397030918025878,0.4668936324372769,-0.136740441428396,-0.08502535835327042,-0.14737504398191031,0.0335821752337274,0,0,1,1,0,test
de4688b2-6e82-46f2-95eb-5c97674ddc36,11,10,-1,0.17322813991535074,0.14624197266643837,-0.10866677787495908,-1.5677396042518663,7.628102095743478,0.13433323045985854,0.08857373048200658,-0.12122076263954479,0.3186546570957031,2.697679912454473,0.34981744433239415,-6.359598239976112,0.2028001756978962,0.2089150118028855,-0.020789504716314897,-0.0022860372969368443,-0.07876457977895403,1.3585188973808364,0.687235000060662,0.18896565921450137,2.8591748734254328,3.731485240115183,0.03358214158722743,0,0,1,1,0,test
6cea85e9-ab12-49c9-b7d1-7f8aecdf2db5,1,0,-1,0.17283427552823896,0.14612758309816656,-0.10816359066764746,0.5551278494581435,-0.41326258797002835,0.13311503020214493,0.08819242778191866,-0.11967655873100208,-0.5980234743967402,-1.2240408172551929,-0.450055312084151,0.3522785168556802,0.20271233430422333,0.2083851331990316,-0.018916757268940695,-0.002286031599712369,-0.07672099482040372,-0.06855481755095828,0.09223758793575018,-0.3354270988030837,-0.8339350355155439,-0.7788456619860984,0.033582098029834334,0,0,0,0,0,test
6cea85e9-ab12-49c9-b7d1-7f8aecdf2db5,2,1,-1,0.17292592950511404,0.14614294886106874,-0.10829389811177198,0.057677428172271644,-0.3436726607965779,0.13203299604110194,0.08725114430489007,-0.11894039108152071,0.24579377428677898,-0.2462209091127827,0.09973401323741081,0.2912614554299389,0.20258684659897636,0.20882437893234237,-0.021315356822139177,-0.0022860388965426216,-0.07869324008585554,0.10044141304341381,0.17686570944152466,-0.22499973090755934,-0.27461020174120215,-0.3106470881899831,0.0335822331727393,1,1,0,0,0,test
6cea85e9-ab12-49c9-b7d1-7f8aecdf2db5,3,2,-1,0.17180626470653212,0.14590221857560118,-0.10676428919074103,1.25693517700538,-0.474224557307114,0.1308792315255628,0.08614407704521455,-0.11826443767249824,0.4921937831956506,-0.15538231689915658,0.31697890202134865,0.31160047590518225,0.20262642349063117,0.20869814029122874,-0.02061101705637454,-0.002286036753978457,-0.07827114690168951,0.11731053940285574,0.36211727480337585,-0.43450548325388266,-1.2092059624211888,-1.0865767896678329,0.03358220768203221,1,2,0,0,0,test
6cea85e9-ab12-49c9-b7d1-7f8aecdf2db5,4,3,-1,0.17121546812586447,0.14620953383364488,-0.10544718164012853,0.7102496249988771,-0.23061686720999927,0.12326365626177246,0.08850004880083016,-0.10361295329245086,-0.020776030458411653,0.2460824664861867,-0.04869378931347975,0.24041390424182038,0.2025463044172812,0.20873795401650305,-0.021121766360203867,-0.002286038307670557,-0.0784792210065601,0.1533767319371233,0.3806090012364597,-0.35131303375888623,-1.0894717785272212,-0.9886614714134361,0.03358206225632234,0,0,1,1,0,test
6cea85e9-ab12-49c9-b7d1-7f8aecdf2db5,5,4,-1,0.17319346003220884,0.14621807036859055,-0.10863871165622457,-0.28468576350433694,-0.479033295395084,0.13427852086744624,0.08854794189359483,-0.1211605483990859,-0.018566380281655914,1.5032047453870154,-0.7626972368128027,0.026854189251712263,0.20254244325711973,0.20865735549948433,-0.0207963696263126,-0.0022860373178214826,-0.07811806381024902,0.1449044200754395,0.4201443127645115,3.7494951680145894,-1.3674256376597187,-1.215831695904473,0.033582137061245354,0,0,1,1,0,test
6cea85e9-ab12-49c9-b7d1-7f8aecdf2db5,6,5,-1,0.1731909828976987,0.14621294844762314,-0.10864071638613418,-0.6951636617743575,-0.5382443759252465,0.1342760893300057,0.08854794189359483,-0.12115666360937886,0.19845932964833668,1.8535077933820183,-0.7410250032350302,-1.0714529164116628,0.20243947898614786,0.20865347123360392,-0.02121924808217129,-0.002286038604228651,-0.0783588352744564,0.1812228583158574,0.41085706991246307,-0.34364987978416806,-1.087900137676833,-0.987374883224851,0.03358219416833297,0,0,0,0,0,test
6cea85e9-ab12-49c9-b7d1-7f8aecdf2db5,7,6,-1,0.17319593716671897,0.1462061192196666,-0.10865675422541105,-1.1654928349652343,-0.536668314879217,0.1342943258608098,0.08855715210374188,-0.121176087557914,0.49444647323329866,1.2677554618223272,0.37407032700743037,-0.03416287217402453,0.20236354283630612,0.20854989081012607,-0.02110391759420983,-0.002286038253409157,-0.07799767807814534,0.3951994728645952,0.4506688900452086,-0.13238978155172665,-0.0092267680523149,-0.08122304130763766,0.03358214004529112,0,0,1,1,0,test
6cea85e9-ab12-49c9-b7d1-7f8aecdf2db5,8,7,-1,0.1731984143012291,0.1462044119126775,-0.10866276841513987,-1.4582267582485275,-0.5311519804556497,0.13431499392905444,0.08854794189359483,-0.12121882024469129,0.664942716238752,0.8574155412720539,0.3429867866621932,-0.4409432816789816,0.20235099406578141,0.20847350024781114,-0.020833440140300214,-0.002286037430596397,-0.07862784536718194,0.48241306723937644,0.6852273926613209,-0.1859818344460602,-0.7720851417059138,-0.7277823306379109,0.0335821635769847,0,0,0,0,0,test
6cea85e9-ab12-49c9-b7d1-7f8aecdf2db5,9,8,-1,0.1731946985994639,0.14620099729869923,-0.10866076368523027,-1.1848814025166274,-0.475080015377657,0.13430040470441115,0.08854794189359483,-0.12119551150644912,1.1568459723214621,0.3249135348259657,0.38765269067723934,-0.013823851698778932,0.20233941058529709,0.20846087638369978,-0.02082932119430159,-0.002286037418066393,-0.07868580886782446,0.7481205693580047,0.7808298497216843,-0.027779357733707252,0.2864693526803062,0.18263218916662272,0.03358216025642883,1,1,1,1,0,test
6cea85e9-ab12-49c9-b7d1-7f8aecdf2db5,10,9,-1,0.17315754158181185,0.14624367997342752,-0.10855050354020182,2.0516035386145512,0.4065795107308768,0.13426150010536242,0.0885976770283889,-0.12108091021009187,0.4425360203103069,0.35049465145912434,0.3884207967606354,-0.2578920974017464,0.2025212068762318,0.20844922358605852,-0.02000415901257733,-0.0022860349078077345,-0.07764989707429022,0.839552110268159,1.0720951076670442,-0.09202790648047247,-0.7460739112377395,-0.7062685444358983,0.03358216167701211,0,0,0,0,0,test
6cea85e9-ab12-49c9-b7d1-7f8aecdf2db5,11,10,-1,0.17322813991535074,0.14624367997342752,-0.10866477314504948,-1.1376169601594193,-0.05308467506263142,0.13434295660962073,0.0885976770283889,-0.12121105066527722,-0.0782079355691438,-0.650818016972546,0.37828353607288784,-1.4273857747284902,0.20248066469453663,0.20863210777126162,-0.020952889574260298,-0.0022860377939612963,-0.07875714856092293,1.1260200806457092,1.1723212252406763,0.07241320259653566,0.40187398938675306,0.28852169531149086,0.033582155030536374,0,0,1,1,0,test
6cea85e9-ab12-49c9-b7d1-7f8aecdf2db5,12,11,-1,0.17322813991535074,0.14624367997342752,-0.10866477314504948,-1.5677225556103613,7.628102095743478,0.13432958315369772,0.08857004639794774,-0.12121882024469129,-1.7043923012432012,-1.4788064907110785,0.3886850841325356,-0.16636650526314575,0.20240408501800128,0.2085913229795172,-0.021106663558208914,-0.00228603826175502,-0.07876309353534781,2.074302318355235,1.4863438501940691,0.3684241735554236,2.833608267039219,3.664128885544008,0.03358205950662716,0,0,1,1,0,test
06a313b7-ddd2-4188-bc2b-0cd3065b8fc9,1,0,-1,-8.605725416904702,-8.291656726309215,4.193010491885288,-0.45384058992163684,-0.540876881120823,-10.772112768046139,-11.338005332901535,5.254570657891138,0.09780649302204565,-1.4500931449000733,-0.08575022426366197,0.28109194519231384,0.20280532391144482,0.2089179250022958,-0.020779893842318105,-0.002286037267701726,-0.07876309353534781,-2.1418541879565884,-2.34842415516886,-0.7620566088054319,0.09388767476584625,0.002560267262773462,35.370065907270615,1,3,0,0,0,test
06a313b7-ddd2-4188-bc2b-0cd3065b8fc9,2,1,-1,-8.327741382177134,-7.004292622680221,5.2546994141744445,-0.8754604483877693,-0.5125492614045492,-8.376724994628647,-9.35085460058255,3.522945069932972,0.09438465653812031,-0.09482329691307055,-0.7843855283574754,0.362448027093303,0.20280532391144482,0.2089179250022958,-0.020779893842318105,-0.002286037267701726,-0.07876309353534781,-1.8662985864003765,-2.0958592648406777,-0.6810188547966061,0.34641818157485094,0.23286277033201389,-5.957344448793616,0,0,0,0,0,test
06a313b7-ddd2-4188-bc2b-0cd3065b8fc9,3,2,-1,-8.790410657442473,-6.527706413199038,6.563180611985902,-0.5142847537832473,-0.5300950348588407,-10.373550955785186,-9.787928807194907,6.252324507084787,-0.02046956092058469,0.24503817162455535,-0.3000029785485168,0.31160047590518675,0.20280532391144482,0.2089179250022958,-0.020779893842318105,-0.002286037267701726,-0.07876309353534781,-1.4364088743996986,-1.793798642819829,-0.5454767983596642,1.142073534382618,1.0200493854146884,-1.8342615615190438,0,0,1,1,0,test
06a313b7-ddd2-4188-bc2b-0cd3065b8fc9,4,3,-1,-8.763912749587538,-5.816329639265467,7.355594212816502,0.007885973360429798,-0.49222920490058153,-10.255780047736696,-9.2882435920029,6.591073313550294,0.5588843602425337,0.07589053403297169,0.3393817730930833,0.34210900661805516,0.20280532391144482,0.2089179250022958,-0.020779893842318105,-0.002286037267701726,-0.07876309353534781,-1.1323026357159254,-1.3225588891224287,-0.4906418258648581,0.49922334950761893,0.37848630964016644,-2.4243544985075,1,1,0,0,0,test
06a313b7-ddd2-4188-bc2b-0cd3065b8fc9,5,4,-1,-9.407519360876812,-8.750258163966883,4.952291921499796,-0.8625878267546846,-0.43406495349822904,-12.998860046505834,-16.464768419966784,3.4061090482967478,0.18589600979160342,-0.011815671471737297,0.31840070117397645,0.22007488376657028,0.20280532391144482,0.2089179250022958,-0.020779893842318105,-0.002286037267701726,-0.07876309353534781,-0.8720875542226321,-0.9892014139033939,-0.43616893692919845,0.2559917465161477,0.15461790257621014,-2.0816006609816613,0,0,1,1,0,test
06a313b7-ddd2-4188-bc2b-0cd3065b8fc9,6,5,-1,-13.571863627183923,-3.4971443129127646,17.86088613582991,0.7854428826802576,-0.3132957733718957,-16.040407314853663,-9.87879858254774,15.210259635719181,0.39244374420748673,0.47892151077277356,0.3816657453512565,0.3319394963804301,0.20280532391144482,0.2089179250022958,-0.020779893842318105,-0.002286037267701726,-0.07876309353534781,-0.5740626228322588,-0.7039568791119794,-0.35188643218545174,0.4654604135739101,0.3474683856713007,-0.7245052097903913,0,0,1,1,0,test
06a313b7-ddd2-4188-bc2b-0cd3065b8fc9,7,6,-1,-5.545432570362099,-0.19278992731437758,8.74939471085097,1.7699193782687057,0.5642987813742567,-10.840665103107455,-3.2326943620575865,13.910975693446899,1.087103554470685,-0.30416968982076725,0.3748411094186432,0.07770174043983528,0.20280532391144482,0.2089179250022958,-0.020779893842318105,-0.002286037267701726,-0.07876309353534781,-0.2963594729243461,-0.377265657285618,-0.28701307428279094,0.3534881296407053,0.2438164170199238,1.1969705504609987,0,0,0,0,0,test
06a313b7-ddd2-4188-bc2b-0cd3065b8fc9,8,7,-1,-0.7624338686863228,-0.18435241617408848,1.0175985042624922,0.04684952189861762,7.628102095743478,-4.392541479109055,0.2789229856331358,7.311941689967967,1.2507136573923148,-1.4788064907110785,-10.793343026595085,-17.007075458768355,0.20280532391144482,0.2089179250022958,-0.020779893842318105,-0.002286037267701726,-0.07876309353534781,0.6719352500528759,-0.07285091948098171,0.01667382591023339,2.872104721253135,3.7662032778601398,-0.2113751064545601,0,0,1,1,0,test
032f2bb5-9526-4158-8f80-781fbb2bd79b,1,0,-1,0.17320336857024937,0.14623514343848185,-0.10863470219640536,0.9393156209065305,-0.11035599487295834,0.13426150010536242,0.08858109865012422,-0.12109839176377349,-0.012279363758315294,-1.3790928780222043,-0.5083082633426853,0.33193949638043235,0.20278537458394402,0.2089069195823013,-0.02081833733830526,-0.0022860373846423725,-0.07875714856092293,0.864573108041471,1.0654963869465113,-0.060018774445745,-0.5556789588175552,-0.5479443600951696,0.033582157249051024,0,0,0,0,0,test
032f2bb5-9526-4158-8f80-781fbb2bd79b,2,1,-1,0.1732182313773102,0.1462385580524601,-0.10865474949550144,0.4596877597201389,-0.39344414855038334,0.13432593584753688,0.08858478273418303,-0.12119745390130264,0.6340413977968898,-1.4266004137832338,0.12056320355291932,0.32176998614280955,0.20278183518712936,0.208897856295247,-0.02079499664431306,-0.002286037313642773,-0.07876012104813537,1.2326125030541908,1.1997489316937682,0.11556629381851109,0.8348389199153613,0.7045796455669928,0.033582157224984886,0,0,1,1,0,test
032f2bb5-9526-4158-8f80-781fbb2bd79b,3,2,-1,0.17321575424280006,0.1462385580524601,-0.10865074003568222,-0.9580551718866739,-0.24351604476291422,0.13431742546649497,0.08856820435591833,-0.12120133869100966,-0.8328729635498272,-1.4324010889974388,0.372010223670517,0.34210900661805516,0.20276252938632214,0.20889429571818993,-0.02086227276229058,-0.0022860375182894082,-0.07876309353534781,1.698184316496789,1.6031891374376563,0.24603202986359035,1.3048826338237727,1.202047211897829,0.03358215734156655,0,0,1,1,0,test
905c79c2-3dea-40b9-bcc2-8835d2e97b70,1,0,-1,0.1594639420097748,0.1450229554761983,-0.08781959154494479,1.3913603504076837,0.45498519359709144,0.12442714692707377,0.08677773950333166,-0.10728796435529717,-0.30696664287269254,-1.3801370017389687,0.2386120090563219,0.3217699861428073,0.20268176678627856,0.20657959694228326,-0.011388696965456285,-0.002286008688525203,-0.06857786610193307,-0.008958151115858248,0.08586159968306956,-0.2664761606083063,-0.4332600544789562,-0.4452034199365953,0.03358215168474518,1,1,0,0,0,test
905c79c2-3dea-40b9-bcc2-8835d2e97b70,2,1,-1,0.17189668011615214,0.1462163630616014,-0.10654176417077453,1.2700227012511178,-0.54062908097194,0.13169744387430657,0.0883803160689185,-0.1172136020567478,-0.1344256718027249,1.233299456962227,0.061239721167700545,0.27092243495468876,0.20280403685805767,0.2087936284941224,-0.02025816068249245,-0.002286035680617023,-0.0781968347213786,0.17088937430227538,0.2421948336984419,-0.2023000193522396,-0.2099611510983537,-0.25529967330560693,0.03358215749384181,1,1,0,0,0,test
905c79c2-3dea-40b9-bcc2-8835d2e97b70,3,2,-1,0.17316125728357704,0.14623002151751446,-0.1085725555692075,-0.09728193662570524,-0.397688865550823,0.13405603519163628,0.08849268063271253,-0.12086336198649843,0.4505216711932095,0.2335529196505181,0.03145152348575156,0.3726175373309258,0.20279116632418617,0.20891663024700236,-0.020834813122299754,-0.002286037434759492,-0.07876309353534781,0.43211539911337354,0.4393414534365634,-0.10836681708333665,0.2613083672148094,0.15977425489580663,0.033582156009197506,0,0,0,0,0,test
905c79c2-3dea-40b9-bcc2-8835d2e97b70,4,3,-1,0.1730844661137628,0.14622831421052535,-0.10845026704472141,1.1367231868365948,-0.5232061319788225,0.13405603519163628,0.08851662717909485,-0.12083811085340276,0.43408092371499024,0.9023130011205368,0.248762651383153,0.3421090066180529,0.202800497461243,0.20890368269406762,-0.02074007736433141,-0.0022860371465845595,-0.0787066162783115,0.660980782236232,0.7256941717150105,-0.06055168288383988,0.0769951204881009,-0.0052823480748952,0.033582156301134806,1,1,1,1,0,test
905c79c2-3dea-40b9-bcc2-8835d2e97b70,5,4,-1,0.1732021300029943,0.14624197266643837,-0.10862467854685731,0.0902739820810882,-0.3787870782579349,0.1341946328257474,0.08856636231388892,-0.12100709920565839,0.4671046078819797,0.7138490203136288,0.3004565922448826,0.3827870475685486,0.20280081922458978,0.2089130696699453,-0.020778520860318565,-0.00228603726352528,-0.07874674485567941,0.7795458617891551,0.9765735571991342,-0.08417671737992287,-0.5795327979859837,-0.5678729663105959,0.033582157740557075,0,0,1,1,0,test
905c79c2-3dea-40b9-bcc2-8835d2e97b70,6,5,-1,0.17322690134809568,0.14624367997342752,-0.10866276841513987,-1.5669696113312688,0.13694695230338302,0.13431985700393553,0.08855715210374188,-0.12121687784983777,0.9153062323458097,2.697679912454473,-2.017464763153783,0.15905782234082896,0.20278730516402474,0.20891339335876866,-0.020837559086298838,-0.0022860374431124854,-0.07876309353534781,1.5575654860012704,1.1065431222431656,0.23293831258323094,2.435507362079834,2.7956983745690294,0.03358215763033886,0,0,1,1,0,test
4efe69f1-7d46-4e1e-a5f6-f108c19e3a4f,1,0,-1,0.1731946985994639,0.14623514343848185,-0.1086206690870381,0.6751796721264751,-0.501082510139248,0.13419706436318796,0.08858294069215362,-0.12099350244168379,-0.36852497633132764,-1.4729333069594546,-0.6656756698833453,0.3014309656675617,0.20278376576721008,0.2088936483405432,-0.020768909986321776,-0.002286037234290035,-0.07873931363764831,0.12405526627002438,0.3509785597329234,-0.3650023083553003,-1.1037500371200455,-1.0003468851251056,0.03358225806285356,0,0,0,0,0,test
4efe69f1-7d46-4e1e-a5f6-f108c19e3a4f,2,1,-1,0.17321946994456527,0.14623514343848185,-0.10866076368523027,-0.5933395287654768,-0.5396319335870845,0.13430891508545306,0.0885792566080948,-0.121176087557914,0.5771344301569575,0.3007682925103016,0.07685007224062235,0.3522785168556802,0.20277475639350004,0.20889623785113015,-0.02081833733830526,-0.002286037384642604,-0.07873336866322345,0.31244877215274736,0.38800248691177114,-0.16305846102745053,-0.15931941863388321,-0.21171059623697383,0.03358220721735154,1,1,1,1,0,test
4efe69f1-7d46-4e1e-a5f6-f108c19e3a4f,3,2,-1,0.1732070842720146,0.14623172882450358,-0.1086447258459534,-0.8391715176477702,-0.4540728320660134,0.1342858154797679,0.0885626782298301,-0.12115666360937886,0.6832196767430561,-0.4346848899196907,0.29307327288053076,0.4031260680437987,0.20273099657833699,0.20888717456407582,-0.02096661939425571,-0.0022860378357012134,-0.07875566231731672,0.5840248805405504,0.5945171041078767,-0.06745194037894899,0.3192968751730159,0.2125652240024112,0.03358206552323465,0,0,0,0,0,test
4efe69f1-7d46-4e1e-a5f6-f108c19e3a4f,4,3,-1,0.1732070842720146,0.1462385580524601,-0.10863670692631497,0.5829725431959432,-0.3404924463363598,0.1342724420238449,0.08854978393562424,-0.12114889402996482,0.1342301437417233,0.005803910414175988,0.34299682289150585,0.33193949638043463,0.20276027704289462,0.20884315288409774,-0.020654952480359857,-0.002286036887640177,-0.07859514800784513,0.852275697335333,0.8922154552295359,-0.0009414951917485363,0.3007118593255226,0.19560445605724291,0.0335821595934086,0,0,0,0,0,test
4efe69f1-7d46-4e1e-a5f6-f108c19e3a4f,5,4,-1,0.17322442421358555,0.14624197266643837,-0.10866076368523027,0.7351325659236695,-0.5305921767649348,0.1342760893300057,0.08856636231388892,-0.12113723966084373,0.08929606420099241,-0.30416968982076725,0.356737758984455,0.362448027093303,0.20273775360861954,0.20887260856702425,-0.02087600258228599,-0.0022860375600551918,-0.07876160729174159,1.0264143933858034,1.1862686630795076,0.010005743024457047,-0.24394394440795886,-0.2844177603770482,0.03358218353904235,0,0,1,1,0,test
4efe69f1-7d46-4e1e-a5f6-f108c19e3a4f,6,5,-1,0.17322566278084062,0.14624026535944926,-0.10866477314504948,-1.5677568772176014,7.628102095743478,0.13431377816033416,0.08855531006171247,-0.12120910827042372,2.1539397358526395,-1.4788064907110785,-0.516044857978843,0.03702369948934184,0.20273389244845808,0.20884995034938847,-0.0207963696263126,-0.0022860373178196797,-0.07876309353534781,1.9234365600126055,1.3771573350928559,0.32909263031689595,2.727557238303244,3.4026750712945244,0.03358212352842264,0,0,0,0,1,test
7421455c-785d-4945-9d6b-384f51e924f1,1,0,-1,0.17235123429876226,0.14509295506275272,-0.1085966123281228,-1.1874439142807103,-0.5341323568422934,0.13385300181535068,0.08811321997465403,-0.12093911538578543,0.0487064801687928,-1.132506147749932,-0.27711167765023237,0.3827870475685486,0.20258523778224244,0.20872986179591885,-0.02092131098827085,-0.002286037697890292,-0.07874823109928562,0.3263358486856987,0.4371415503477358,-0.1740379940434973,-0.34379087224456095,-0.369522002719023,0.033582157445661634,0,0,0,0,0,test
7421455c-785d-4945-9d6b-384f51e924f1,2,1,-1,0.171622956752782,0.14612075387021004,-0.1062109837356892,1.1645528508509626,0.30158825306074183,0.13303843677276775,0.08797138273838945,-0.11978727523765231,0.5246402534069209,-0.49385191090874997,-0.35600045453951784,0.28109194519231384,0.2026988202436583,0.2086965218471119,-0.020295231196480062,-0.0022860357933572172,-0.078083880207306,0.3669985864279998,0.6097399446232009,-0.2861517198452384,-1.060837222127371,-0.9652166292267933,0.03358215728685567,0,0,1,1,0,test
7421455c-785d-4945-9d6b-384f51e924f1,3,2,-1,0.1730212991837543,0.14605587620462301,-0.10855050354020182,0.5343137014230224,-0.20808143956272188,0.13354176502296078,0.08810032568044816,-0.12045545906726074,0.06210197145149299,-1.4556037898542586,0.29340647569371126,0.4234650885190421,0.20269463732015006,0.20881078400176092,-0.02079774260831214,-0.002286037321996572,-0.07869175384224933,0.4895419063588613,0.6543139318190465,-0.15416948396328584,-0.5552419564954354,-0.5475818098833107,0.03358215718221845,1,1,1,1,0,test
7421455c-785d-4945-9d6b-384f51e924f1,4,3,-1,0.17261876482585706,0.145926120873449,-0.10805132579270942,0.0966820280446093,-0.4138965537476933,0.133342378952836,0.08796401457027181,-0.12028064353044457,-0.8642995519868648,-0.20961868538508902,0.3643646241801275,0.4234650885190466,0.2026711485958346,0.20880657604705713,-0.020880121528284615,-0.0022860375725883416,-0.0786323040980006,0.6168978005619031,0.7886443944689407,-0.11887243497757234,-0.5259104859888938,-0.5230351037776969,0.03358215661831136,1,1,1,1,0,test
7421455c-785d-4945-9d6b-384f51e924f1,5,4,-1,0.1726831703231206,0.14594831586430773,-0.10812951025918413,-0.10676277589624562,-0.4814675043794216,0.1334055989262902,0.08800638153694824,-0.12033697298119644,-0.17004649808378772,-0.6632315587055876,0.36372431274997935,0.4234650885190421,0.20265441690180167,0.20878294676295125,-0.02085128890629425,-0.002286037484882185,-0.07871553373994883,0.7518445501533817,0.9282503411589582,-0.08004467991790286,-0.4797582433861668,-0.4843176761034325,0.03358215652327745,0,0,1,1,0,test
7421455c-785d-4945-9d6b-384f51e924f1,6,5,-1,0.1725890392117354,0.14551124527509,-0.10849036164291358,-0.09720241368605433,-0.4357164545070883,0.13330955319738863,0.08754218694553688,-0.12067300729085417,-0.5653547179153423,-0.19917747933469468,0.3240812069649458,0.40312606804379647,0.2026132311934129,0.20876611494413608,-0.020955635538259382,-0.0022860378023014123,-0.07875120358649806,1.0294929900035825,1.0761772890819474,0.04599501476127055,0.353088362024755,0.24353736642626664,0.03358215785110837,1,1,1,1,0,test
7421455c-785d-4945-9d6b-384f51e924f1,7,6,-1,0.1708253194405179,0.14624367997342752,-0.10477559712040982,1.00850573786013,1.582240591916174,0.13259589695858834,0.08857373048200658,-0.11844508039387494,-0.6255292313929919,-0.22354029345228146,0.35719340379525,0.3827870475685486,0.20266374803885848,0.20872468277474496,-0.020564335668390138,-0.0022860366119768446,-0.07838558765936833,1.2879815144233686,1.3805320544020112,0.10585996407475057,0.24587688066794902,0.14581153686400755,0.03358215720657207,0,0,1,1,0,test
7421455c-785d-4945-9d6b-384f51e924f1,8,7,-1,0.17322318564633046,0.14624197266643837,-0.10865875895532065,-1.556040422667622,0.4496749150625162,0.13430891508545306,0.0885424157675066,-0.12121493545498425,-0.48257450579396416,-1.4788064907110785,0.3185151141881409,0.31160047590518225,0.20255917495115267,0.20877550192001376,-0.021226112992168998,-0.002286038625081364,-0.07875863480452916,1.9908703497655398,1.663883958810908,0.3382332676067038,2.2144432361766455,2.4124911159228373,0.033582156732437855,0,0,1,1,0,test
bca2e806-60bf-40a4-9a24-8c3d1e2e65d3,1,0,-1,0.1727314744460683,0.1461036808003187,-0.10802526430388451,0.7752783031556806,0.1611459664953275,0.1337435826305261,0.0883084764297715,-0.12055840599449691,-0.024471281065279356,-0.8436325003004517,0.2261516958236691,0.26075292471706824,0.20270268140381972,0.20882178942175544,-0.020810099446308013,-0.002286037359585114,-0.07841828501870514,0.05456596252265946,0.07638717106866212,-0.21766136447010803,-0.004519365609218282,-0.077112121993304,0.0335821570135124,1,2,0,0,0,test
bca2e806-60bf-40a4-9a24-8c3d1e2e65d3,2,1,-1,0.17262867336389762,0.14614465616805788,-0.10781075820355644,0.9801877199963405,-0.04170071343338215,0.13382503913478438,0.08850004880083016,-0.12048653738491694,-0.0020789276206915376,0.27531774385209545,0.36551945963303833,0.3522785168556802,0.202761242332935,0.20881466826764133,-0.02053001111840161,-0.0022860365075746346,-0.07834100035118179,0.2990122728730801,0.3118291767152703,-0.14660113943000064,0.16629579724123897,0.07418872496781664,0.033582156722251164,0,0,1,1,0,test
bca2e806-60bf-40a4-9a24-8c3d1e2e65d3,3,2,-1,0.17305474049964115,0.1461668511589166,-0.10847432380363671,-0.4488570028206922,-0.4996547448182688,0.1342396162683975,0.08851294309503603,-0.12113529726599023,0.17458154854131072,-0.211938911906623,0.32778457558131985,0.3522785168556802,0.20276703407317714,0.20887357963349437,-0.020755180166326364,-0.0022860371925251415,-0.07866202897012496,0.5091566516342171,0.5797881807716149,-0.105147698092642,-0.03156197640494403,-0.1007694961331618,0.033582157276212915,0,0,1,1,0,test
bca2e806-60bf-40a4-9a24-8c3d1e2e65d3,4,3,-1,0.1730138677802239,0.1461788023078405,-0.10839413460725239,0.042778261442412875,-0.26810902326970165,0.13417031745134195,0.08853320555735955,-0.12100321441595135,0.661459955875861,0.33448470260665764,0.28788521140783624,0.32176998614280955,0.20274000595204703,0.208879406032315,-0.020895224330279568,-0.0022860376185254434,-0.07871107500913017,0.6961115313412466,0.810145834197234,-0.06729562727414816,-0.16783678129577453,-0.21904836017232188,0.03358215711272527,1,1,1,1,0,test
bca2e806-60bf-40a4-9a24-8c3d1e2e65d3,5,4,-1,0.1731203845641598,0.14624197266643837,-0.10849236637282318,0.584256575090335,0.430017164035188,0.13427365779256514,0.0885774145660654,-0.12112170050201564,0.5428774934923558,-0.21367911291502206,0.2432768484408494,0.34210900661805516,0.20271748251777194,0.20885221617115204,-0.02087600258228599,-0.002286037560056292,-0.078730396176011,0.887882849432454,1.01508344727863,-0.017120261657382126,-0.13937974722194557,-0.1944819450261417,0.0335821581049436,0,0,1,1,0,test
bca2e806-60bf-40a4-9a24-8c3d1e2e65d3,6,5,-1,0.1732219470790754,0.14624026535944926,-0.10865875895532065,-1.5643112570397786,-0.08669011909076309,0.13432228854137607,0.08856452027185951,-0.12121299306013074,-0.33066288590917603,-1.4788064907110785,0.09539970033824714,0.34210900661805516,0.20269045439664182,0.20882955795351626,-0.020895224330279568,-0.0022860376185286704,-0.07876309353534781,1.6143996807909697,1.2253007801916442,0.24486973222294928,2.287225690930257,2.533006549301292,0.033582157611080465,0,0,1,1,0,test
d0d7fc46-c0c2-4ee5-a29b-69328fcb7731,1,0,-1,0.11311799389236753,0.1356225231940389,-0.02384264593962249,1.4804280617347894,-0.1537239507961444,0.06306122077129182,0.06942754562831728,-0.027541001249473836,-0.3258120940718758,-1.1963715932161243,-0.5372627849097288,0.2810919451923161,0.20209583573177922,0.20078071167164027,0.010708075335159823,-0.0022859413414197086,-0.04401174553474905,-1.106587027814445,-1.0430634023120302,-0.5986290257831693,-0.8483242993943333,-0.7908364008615931,0.03358215688085589,1,1,0,0,0,test
d0d7fc46-c0c2-4ee5-a29b-69328fcb7731,2,1,-1,0.16187790958990325,0.1391720144244438,-0.09859701953899776,-0.4993550789580641,-0.5390424446829237,0.11630702764437009,0.07901721643342662,-0.10249801864653449,-0.16117377079487438,-0.18513974169588102,0.2842427292492924,0.26075292471706824,0.2022184275669051,0.20820419114676872,-0.02025678770049291,-0.0022860356762678218,-0.07667194878139852,-0.9466321466157389,-0.9610122844699974,-0.49236563865323113,-0.32851007337178306,-0.3567628120961068,0.03358215762847083,1,1,1,1,0,test
d0d7fc46-c0c2-4ee5-a29b-69328fcb7731,3,2,-1,0.1622135613160268,0.14336003846878398,-0.09422269887623295,0.35716777294878377,-0.3992405424491588,0.11036313437095518,0.08051295456130768,-0.09142442558665777,0.18892330003086075,-0.059323246129327496,0.2123839964525529,0.047193209726964634,0.2012351187791237,0.20832751658847204,-0.02497572683291602,-0.002286050032299797,-0.07732440972452839,-0.9238095861376252,-0.7856717338251002,-0.6656104029384302,-1.1720253108173904,-1.0562110873710535,0.0335821573175257,1,1,1,1,0,test
d0d7fc46-c0c2-4ee5-a29b-69328fcb7731,4,3,-1,0.16407760503490484,0.1437697921461756,-0.09675868221188716,-0.2279380143100548,-0.03746919669918611,0.12202721947325477,0.08343811730401102,-0.1069752387838816,0.3894514607551076,0.3959138853314403,-0.7805550341698076,-0.6341639761938397,0.20053689231659563,0.20733832354425855,-0.023759264781322516,-0.0022860463332204416,-0.0731183403189303,-0.9491735784742621,-0.7606539269825087,3.911135884968964,-1.472882541352255,-1.3019883124673493,0.03358215686168024,1,1,1,1,0,test
d0d7fc46-c0c2-4ee5-a29b-69328fcb7731,5,4,-1,0.16429063860277662,0.14471222560417635,-0.0959968848462361,0.6900499010306217,-0.5146240789740383,0.12508974087962257,0.08681273830189044,-0.10830966404824492,0.9222087580403687,0.5880320268710985,0.00517132248955668,-0.33924817930274237,0.20212318561625614,0.20663591879754933,-0.01401109258457998,-0.0022860166691815705,-0.06990508164228611,-0.8885409331709644,-0.7884576198084506,-0.5634668412751287,-0.9365675325109124,-0.8633594060168183,0.033582157037913375,0,0,0,0,0,test
d0d7fc46-c0c2-4ee5-a29b-69328fcb7731,6,5,-1,0.1701775487661171,0.14515441811436147,-0.10500614106001475,0.4498868097729219,-0.424679842881626,0.13137040208855313,0.08752929265133101,-0.11758848426347578,0.4336353491854952,1.1153135547609836,0.38004522885823794,0.28109194519230934,0.20234520232553924,0.20823170469675503,-0.019832536262634676,-0.002286034385591858,-0.07690083029675615,-0.7319548032747459,-0.721992868405647,-0.44024650933097365,-0.34886162070904425,-0.37394524783389355,0.0335821569660745,1,1,1,1,0,test
d0d7fc46-c0c2-4ee5-a29b-69328fcb7731,7,6,-1,0.17147556724942886,0.14480783479556772,-0.10751405817693445,-1.0681515973752083,-0.4991297996772225,0.13223481364866727,0.08714983199327252,-0.11936966034414705,0.8639817331659454,-0.12144833500087784,0.3467925248175564,0.118379781390331,0.20168623099131922,0.20845504998487915,-0.023591760977378487,-0.002286045821786445,-0.07839450512100565,-0.6376152331230809,-0.5503451010252387,-0.46017397595027865,-0.728090058553259,-0.6914360379433688,0.03358215792289239,1,1,0,0,0,test
d0d7fc46-c0c2-4ee5-a29b-69328fcb7731,8,7,-1,0.16821565823408863,0.14200955864038078,-0.10552336137669363,-0.7227968177629589,-0.2994883506175937,0.1304561440109078,0.08497622239856852,-0.11881996260060292,0.16053252928366096,-0.056712882382231794,0.3537549916327304,0.15905782234082672,0.20153821985179715,0.2077921352746209,-0.02141146556210706,-0.0022860391892640664,-0.07839301887739943,-0.5415484965461556,-0.446931237978153,-0.43444622455315896,-0.7174694768127317,-0.6826265642108961,0.03358215791478279,1,1,1,1,0,test
d0d7fc46-c0c2-4ee5-a29b-69328fcb7731,9,8,-1,0.16536447641292099,0.13919591672229165,-0.10421226801580996,-0.2550188840435911,-0.5289428088392114,0.12824222917129058,0.08326128126918764,-0.11709123118097649,-0.794441900493817,-0.017036274496934466,0.3832447787631161,-0.05450189264927238,0.19907126027198033,0.20764323841587148,-0.03130654683280051,-0.002286069296009243,-0.08024933714156622,-0.3501289793410779,-0.3416240765847398,-0.3282133024735275,-0.14138492649912565,-0.1962763179482258,0.033582157176326476,0,0,1,1,0,test
d0d7fc46-c0c2-4ee5-a29b-69328fcb7731,10,9,-1,0.15969059981745232,0.14620270460568835,-0.08680118875086389,1.744161572845638,0.8198140219863036,0.12821183495328375,0.08849268063271253,-0.11152626992566218,-0.5092994666051404,0.9226731413215156,0.2888674237165692,-0.32907866906511957,0.20038823765038,0.20516151620710676,-0.015160278518195966,-0.0022860201616879978,-0.06871608675731139,-0.09545699881958583,-0.13179238342606794,-0.24270315771419051,0.22437952295593985,0.12634511907755588,0.03358215721116224,0,0,0,0,0,test
d0d7fc46-c0c2-4ee5-a29b-69328fcb7731,11,10,-1,0.173178597225148,0.14621124114063402,-0.1086226738169477,-0.24028739967590174,-0.1388273249330482,0.13427487356128542,0.08854425780953601,-0.12115860600423238,-0.15650338918288642,-0.017036274496934466,-0.2980967640610643,-0.06467140288689745,0.19970255995837666,0.20648637456115318,-0.02370571848334041,-0.0022860461716891368,-0.07742398804614503,0.09858457398357545,0.14737587304615898,-0.21445216717484175,-0.12597188356488515,-0.18290243018699293,0.03358215707982494,0,0,1,1,0,test
d0d7fc46-c0c2-4ee5-a29b-69328fcb7731,12,11,-1,0.1731860286286784,0.14622148498256882,-0.1086226738169477,0.5311628432838493,-0.02913536048830017,0.13424204780583807,0.08852031126315367,-0.1211314124762832,-0.09445424871990937,-0.3302727049467531,0.13321621238837533,0.09804076091508314,0.1967268925272894,0.20579659367855535,-0.03347723137407514,-0.0022860759136607497,-0.07842125750591758,0.5593478761057192,0.36008183092838364,-0.040585275878597005,1.283019188129691,1.1775212290218842,0.03358215680624131,0,0,1,1,0,test
d0d7fc46-c0c2-4ee5-a29b-69328fcb7731,13,12,-1,0.1731860286286784,0.14623514343848185,-0.10860663597767084,0.7821298381225582,-0.1561999528824032,0.13422989011863531,0.08854609985156542,-0.12108479499979889,1.918825702384888,1.3340571077954317,-0.16340186861967268,-0.5121298533423457,0.19533269194566083,0.20280311944004537,-0.026729024846330135,-0.002286055384630153,-0.07879876338189705,1.0639302586155315,0.8651648299941939,0.09088686490911371,1.4773464232405151,1.4010220057916205,0.033582161455918774,0,0,1,1,0,test
91a4e946-e337-4a8a-b3da-3c8802f33c4a,1,0,-1,0.15499519135348772,0.1261930666930642,-0.10269669220414626,-1.4012837768725388,-0.4521498013018403,0.13300439524860008,0.08660827163662592,-0.12117026037335346,-0.4091711001365964,-0.8285507789724922,-0.24144024234519817,0.39295655780617367,0.19872407762079702,0.2029591374529089,-0.012919571894944724,-0.0022860133313010074,-0.06756722044970456,-0.6237468662671634,-0.39529573071471513,3.8016220359927697,-1.521957092507694,-1.3421410998247933,0.03358215878487795,1,1,0,0,0,test
91a4e946-e337-4a8a-b3da-3c8802f33c4a,2,1,-1,0.14989353282986068,0.1404473727453252,-0.07770171969115286,-0.4089711452095149,0.16043580889237744,0.1310555179900024,0.0873469304904194,-0.11727770108691372,-1.066592873472667,-0.5187947505394717,0.2897332157652753,0.3319394963804301,0.20184711266471278,0.20481225596669236,-0.007453730554771199,-0.0022859967004752704,-0.06251696467577442,-0.5924720778758301,-0.43172890677801146,-0.5522132194075192,-1.1193215054782264,-1.0131001985224812,0.03358215652660251,1,1,1,1,0,test
91a4e946-e337-4a8a-b3da-3c8802f33c4a,3,2,-1,0.1601154283859408,0.13482521083011437,-0.10084833122748763,-0.7698818007359054,-0.4699450049805564,0.13125611982884747,0.08609986803650871,-0.11891319755357153,-1.8481817122570163,-0.42772408588609445,0.35739145205368666,0.3726175373309258,0.20141594978001806,0.20795397968630505,-0.022619689721703317,-0.002286042865129219,-0.07783567752506752,-0.5559839848293571,-0.3974458728577976,-0.5282128426239437,-1.0868258157415873,-0.986509552857336,0.033582157405536925,0,0,0,0,0,test
91a4e946-e337-4a8a-b3da-3c8802f33c4a,4,3,-1,0.14145641268833423,0.12975280176540394,-0.07660312770068764,0.21288926989148158,-0.32492835704600365,0.12922700183471175,0.08623617914668506,-0.11552760332389865,-1.5304187607082975,-0.15625247963785321,0.3873582946174011,0.4132955782814193,0.19987759921902884,0.20752023666299152,-0.027344120782124594,-0.0022860572404170025,-0.07742398804614503,-0.5309804897694644,-0.357448079237464,-0.5585213553886169,-1.1584378699344178,-1.0450871530301413,0.03358215552792092,0,0,0,0,0,test
91a4e946-e337-4a8a-b3da-3c8802f33c4a,5,4,-1,0.15724566805594714,0.13407228844790725,-0.09708745791706289,-0.03723606043504035,-0.30931704034285185,0.13231627015292555,0.08695089145409621,-0.11970957944351181,-1.653195605489283,0.4127938724536094,0.3298306281971955,0.37261753733092806,0.2004303886488091,0.20597268039846772,-0.01842111076710632,-0.002286030088679299,-0.06921695085260698,-0.42931663953528176,-0.3300395590410575,-0.40124522423964304,-0.6830568873574323,-0.6540782870905582,0.033582157252429384,1,1,1,1,0,test
91a4e946-e337-4a8a-b3da-3c8802f33c4a,6,5,-1,0.15817335492999343,0.14005127752384666,-0.09156843647591187,0.643075285578996,-0.27913794325515706,0.13182753112737577,0.08728061697736063,-0.11858104803362084,-1.9026691415728347,-0.10172609839535329,0.38078590258151274,0.3522785168556802,0.20163314003909935,0.20652877779701445,-0.01564768712803309,-0.0022860216492863747,-0.07234846613090917,-0.47057903768955744,-0.2185969112946744,3.7404374216074237,-1.5719615878292026,-1.3830786963413733,0.033582157061407526,1,2,1,1,0,test
91a4e946-e337-4a8a-b3da-3c8802f33c4a,7,6,-1,0.16823547531016972,0.1446780794643937,-0.10242204420652995,1.384372874957228,-0.2392307237063515,0.13326943282961962,0.08845952387618314,-0.11964159562363885,-1.695827406732215,0.22369173911325874,0.3772892802889797,0.3014309656675617,0.2019594080727415,0.20773872661876513,-0.019387690094783326,-0.002286033031868765,-0.076307819097875,-0.4197188502140517,-0.26382823877327727,-0.46239153344631145,-0.997352556841465,-0.9132041744632978,0.033582157667076236,0,0,0,0,0,test
91a4e946-e337-4a8a-b3da-3c8802f33c4a,8,7,-1,0.16932169879286477,0.14546002606541605,-0.10326202603865574,0.22735358410085144,-0.4296779411576629,0.13415937553285948,0.0884889965486537,-0.12103235033875405,-1.288352762937087,-0.19975750484782961,0.2674628229204678,0.22007488376656803,0.20191693531096558,0.20806694708566056,-0.020961127466257546,-0.0022860378190787322,-0.07762165844577208,-0.18955088882389848,-0.20807593405442618,-0.2737580176452252,0.08455168591504131,0.0013614986687636899,0.033582163984901756,0,0,1,1,0,test
91a4e946-e337-4a8a-b3da-3c8802f33c4a,9,8,-1,0.17226453459090746,0.1455061233541226,-0.10797113659632508,-0.3441137386025661,-0.44617425164319546,0.13420557474422987,0.08849268063271253,-0.1211022765534805,-0.7107374534060795,0.4853022892932348,0.3423966563786084,0.23024439400419308,0.20136318059114497,0.20802422016097596,-0.023142795863528517,-0.0022860444565435453,-0.07584262484912864,-0.0036754547313136393,0.0442313215199,-0.24352289720016043,-0.1742007910496944,-0.22455411089038063,0.033582157235204246,0,0,1,1,0,test
91a4e946-e337-4a8a-b3da-3c8802f33c4a,10,9,-1,0.17059990020009544,0.1446780794643937,-0.10624907360397176,0.013470973722881146,-0.23049001088640825,0.13412654977741212,0.08852399534721249,-0.12094300017549246,-0.41996172355181516,0.18018658943428809,0.2992596046288585,0.18956635305369962,0.20235453346259608,0.2074671516959591,-0.016549736301731663,-0.0022860243966421156,-0.07303213818976964,0.2675149608557214,0.24798565974897793,-0.14705339742161216,0.31715738519489844,0.21059798416525569,0.03358215738836441,1,1,1,1,0,test
91a4e946-e337-4a8a-b3da-3c8802f33c4a,11,10,-1,0.1712922592956787,0.14580319477023151,-0.10604860061301095,0.5244501650155442,-0.35785162320512315,0.13426879471768405,0.08855346801968306,-0.12113918205569725,-0.47718730266654913,0.6900659827711886,0.37919817110424886,0.3522785168556802,0.20223966394779305,0.20846443696075684,-0.021270048416154316,-0.0022860387588165038,-0.07745222667466317,0.5101286069306624,0.5452612192211443,-0.0941241155089294,0.155837339443844,0.06484115570109351,0.033582157357445595,1,1,1,1,0,test
91a4e946-e337-4a8a-b3da-3c8802f33c4a,12,11,-1,0.17226453459090746,0.1460439250556991,-0.10733964667479855,0.7353546469116932,-0.211339276418951,0.13429554162953006,0.08857004639794774,-0.12116443318879293,0.5215463698362739,0.7057279163157743,0.3776358647412438,0.27092243495468876,0.20225285624501133,0.20834888005081437,-0.02072360158033692,-0.0022860370964496862,-0.0772753636855232,0.8282022728049174,0.8112112795003332,0.004674325597853303,0.5736496160060601,0.44972766840282,0.033582157255934574,0,0,1,1,0,test
91a4e946-e337-4a8a-b3da-3c8802f33c4a,13,12,-1,0.1729036352945228,0.1462385580524601,-0.10814554809846098,-0.8453423407377205,-0.22703910271870317,0.13430648354801253,0.08855899414577129,-0.12119356911159561,-0.18152168663307292,2.21042313222676,0.17977026567811114,0.30143096566755945,0.20131105492896545,0.20836215129257246,-0.024798612154975204,-0.0022860494934020667,-0.07876309353534781,1.3410763480864853,1.1598796746257711,0.1613179400781775,1.5128289818670642,1.443314079446022,0.03358215712834599,0,0,1,1,0,test
173fe0a7-1691-4753-b214-987587b481a8,1,0,-1,0.17061971727617653,0.14623172882450358,-0.10445684506478214,1.976666907852665,2.0067769091677334,0.1338931221831197,0.08857557252403599,-0.12051567330771963,-0.8523114352211715,0.06011284432374742,0.2355462755422793,0.34210900661805516,0.20280468038475125,0.2082757263767331,-0.018058643519227445,-0.0022860289890125,-0.0758143862206105,0.6382984553380503,0.8127041489888865,-0.1138662224237577,-0.5292475574572679,-0.5258297888836416,0.0335821573311991,0,0,0,0,0,test
173fe0a7-1691-4753-b214-987587b481a8,2,1,-1,0.17320089143573925,0.1462385580524601,-0.10862668327676693,-0.12685706747624742,-0.328410403350548,0.13432107277265581,0.08859399294433008,-0.12117997234762103,-0.31530786695278373,-1.28912439409209,-0.5105476806433183,0.12854929162795153,0.20280532391144482,0.2089172776246491,-0.020777147878319024,-0.002286037259348839,-0.07876012104813537,0.826774138564946,0.951709472662107,-0.03383508925171963,-0.15884368725577316,-0.21129144777258427,0.03358215746610266,0,0,0,0,0,test
173fe0a7-1691-4753-b214-987587b481a8,3,2,-1,0.17322566278084062,0.14624026535944926,-0.10866477314504948,-1.3598364824156417,-0.09149969787127005,0.13434417237834098,0.08858662477621244,-0.12122464742925182,1.3324014041705763,-0.5274956933469699,0.3873435748144092,-0.7561980990453313,0.20279888864450907,0.2089179250022958,-0.02080735348230893,-0.002286037351230589,-0.07876309353534781,1.3048859245472788,1.1583141716404615,0.14864487362601228,1.36130921975957,1.2660077874851388,0.03358215766475329,0,0,1,1,0,test
64bc3ddd-a718-4b1d-8ad9-99b9fc3e16b8,1,0,-1,0.14915658531309495,0.14413003392088242,-0.07218470297991146,0.6661676704973182,0.3341328824485103,0.09620307608593502,0.07900984826530898,-0.07038634692826015,-0.16534048899418285,-1.4333872023835774,-0.08237002223115582,0.33193949638043235,0.20137862523179073,0.20249690981313898,0.0003681478966150299,-0.002285972861796758,-0.05095844815021387,-2.575894990335245,-2.8423141632772353,-0.8624013237484216,0.206340252125158,0.08677859695772522,0.033582157580090706,1,1,0,0,0,test
64bc3ddd-a718-4b1d-8ad9-99b9fc3e16b8,2,1,-1,0.14805302188882893,0.12115309646114729,-0.09737814375395605,-0.9366325443767908,-0.5031123971051104,0.07566631086308276,0.011911625302014166,-0.10832908799678005,0.7918525178610423,-1.4788064907110785,-0.3228434292182837,0.3726175373309258,0.18553950272284814,0.2074826887594808,-0.08836630575173332,-0.002286242911641033,-0.0745391892064751,-2.2698466274582603,-2.571649392163421,-0.7737959739552499,0.5242668110901529,0.3883921831072933,0.033582153974962385,1,1,0,0,0,test
64bc3ddd-a718-4b1d-8ad9-99b9fc3e16b8,3,2,-1,0.0902218396151717,0.14154687844632607,0.02017320395573226,1.4697293662178037,-0.4023974962009504,-0.04687588152811852,0.044733130182044556,0.12206225036808542,0.14123412375022634,-0.48897926095693667,0.321654446717143,0.40312606804379647,0.20223580278763162,0.19154878274035314,0.05046414211387487,-0.002285819856705219,0.0005339478308290146,-2.0398213999576287,-2.23616298456729,-0.737001723445614,0.08988634549586924,0.0006334793927486353,0.033582156678438,0,0,1,1,0,test
64bc3ddd-a718-4b1d-8ad9-99b9fc3e16b8,4,3,-1,0.14290058210774406,0.14562051292239442,-0.060308682995393256,1.08771866142474,0.755554865808606,0.020184705313422355,0.08107293533824836,0.05324125831327184,-0.19441191048210532,-0.10265413921636919,-0.03923631589117682,0.3827870475685486,0.20268916734325468,0.20834499578493393,-0.018845362204964553,-0.0022860313824725202,-0.0763390302136056,-1.7231852674032877,-1.9840121921067926,-0.6359274453285423,0.5700108071318625,0.44239547861721334,0.03358215626022443,0,0,0,0,0,test
64bc3ddd-a718-4b1d-8ad9-99b9fc3e16b8,5,4,-1,0.17121670669311953,0.14596026701323164,-0.10574187693684091,0.041281570177671124,-0.21768993286923358,0.12356151959823936,0.08632091308003793,-0.10638669314326721,-0.2791330191389357,0.15524374980356634,0.1314364543902624,0.4438041089942922,0.20277507815684684,0.20880107333705986,-0.020413307648440605,-0.002286036152567428,-0.07828898182496415,-1.5232701746721284,-1.6369196031211557,-0.619036597525232,-0.08999208897433167,-0.15294433305975333,0.03358215696437846,1,1,0,0,0,test
64bc3ddd-a718-4b1d-8ad9-99b9fc3e16b8,6,5,-1,0.17209980514598336,0.14585782859388374,-0.10729153315696795,0.326208561597124,-0.4956147294835183,0.12892062811720292,0.08616433950753807,-0.11511387322010042,-0.352690267062459,0.3854725548120517,0.3149790160603113,0.4336345987566694,0.20278183518712936,0.2088874982528992,-0.02075106122032774,-0.002286037179995933,-0.07870067130388664,-1.3048205742960257,-1.4177751657709643,-0.5575812526673299,0.017689461069766498,-0.0584084181331764,0.033582157522343524,1,1,0,0,0,test
64bc3ddd-a718-4b1d-8ad9-99b9fc3e16b8,7,6,-1,0.1727351901478335,0.1458390482170033,-0.10834201162960258,0.3618009656019577,-0.23818497650571183,0.13168407041838356,0.08720693529618423,-0.11842954123504684,0.31261374848190776,0.08737591047600315,0.24127763156176618,0.4132955782814193,0.2027207001512398,0.20889429571818993,-0.021040760422230936,-0.002286038061229379,-0.0787214787143737,-1.135783309359097,-1.1783134317428472,-0.5353028797931139,-0.27392924491528786,-0.3104377910674857,0.03358215730756028,1,1,1,1,0,test
64bc3ddd-a718-4b1d-8ad9-99b9fc3e16b8,8,7,-1,0.17230045304130445,0.1461941680707427,-0.10722136761013167,1.565923858342398,1.0080604828747892,0.13146036897385333,0.08834715931238912,-0.11686979816767602,-0.136974576542162,0.05918455456474305,0.22168356653366988,0.39295655780617367,0.20275577235603962,0.20883279484174996,-0.020630238804368116,-0.0022860368124622984,-0.07858028557178295,-0.9336246576854861,-0.9930168850452262,-0.4704355266979137,-0.07794357548056265,-0.14150098094167163,0.033582157396326126,0,0,1,1,0,test
64bc3ddd-a718-4b1d-8ad9-99b9fc3e16b8,9,8,-1,0.173178597225148,0.14622319228955794,-0.10860864070758046,0.8212322433593184,0.04471549372401014,0.13424569511199888,0.08856452027185951,-0.12109062218435944,1.0267439566210954,-0.5406632682470869,-0.564101000255708,0.14888831210320166,0.20270493374724724,0.2088680769234971,-0.020996824998245615,-0.0022860379275858067,-0.07872445120158614,-0.6540028130824471,-0.7714130862962096,-0.3763428198592417,0.36427731615180525,0.25360278749942367,0.033582157277026084,0,0,1,1,0,test
64bc3ddd-a718-4b1d-8ad9-99b9fc3e16b8,10,9,-1,0.17321203854103487,0.1462266069035362,-0.10865875895532065,0.05075814728783529,-0.07032535608607204,0.13430162047313143,0.08855531006171247,-0.12118968432188859,1.4586418451857683,-1.1420772844133753,-0.08910834659168025,0.28109194519230934,0.20268015796954464,0.2088169340894049,-0.02088561345628278,-0.002286037589293842,-0.07876457977895403,-0.2727726997665254,-0.46489509923877326,-0.26041057128938727,0.9016944337092553,0.7718593730472172,0.033582157849068386,0,0,0,0,0,test
64bc3ddd-a718-4b1d-8ad9-99b9fc3e16b8,11,10,-1,0.1732070842720146,0.1462266069035362,-0.10865074003568222,-1.4614909562050733,0.4050751448501193,0.13428824701720843,0.08853873168344778,-0.12118579953218156,0.5567592803585059,0.4684803047223792,0.17759708749094172,-0.04433238241164733,0.20211803740270753,0.20879201005000556,-0.023178493395516586,-0.0022860445641170873,-0.0788923967290888,0.39001106904721217,-0.04699539220706928,-0.06612956301508295,2.083862778404447,2.207933798831596,0.03358215735053771,0,0,1,1,0,test
b085cdd7-8cc0-4216-bc6f-d366118752a4,1,0,-1,0.17314144020749594,0.14621294844762314,-0.10856052718974986,0.7977647883278896,-0.44494920934138193,0.13409250825324448,0.08849820675880075,-0.12091580664754328,-0.3781437763702267,0.03458973024190228,0.31441096548121433,0.34210900661805516,0.20280146275128338,0.20889429571818993,-0.020696141940346094,-0.0022860370129375892,-0.07866351521373117,-0.02842891740186505,0.13050077924967904,-0.31939373319258885,-0.8016605315042451,-0.7522198328753555,0.033582157261875994,1,2,0,0,0,test
b085cdd7-8cc0-4216-bc6f-d366118752a4,2,1,-1,0.17316992725436253,0.14620270460568835,-0.1086186643571285,-0.4495409673989592,-0.4231984776055267,0.13421408512527178,0.08848347042256548,-0.12112558529172267,-0.03359906955080904,-0.2757464481732474,0.12443852623151702,0.3522785168556802,0.20279663630108158,0.2089140407364154,-0.020800488572311225,-0.002286037330348419,-0.07875863480452916,0.1392684625111629,0.22085122194691664,-0.2158732754722224,-0.28237555002677084,-0.31727192224902945,0.03358215734820079,0,0,0,0,0,test
b085cdd7-8cc0-4216-bc6f-d366118752a4,3,2,-1,0.17313772450573076,0.14618221692181876,-0.10859059813839399,0.04578095342745495,-0.4699218789687243,0.13414478630821622,0.08844662958197727,-0.1210537166821427,-0.31166279775299677,0.810720251270841,0.37548342809465385,0.4031260680437987,0.2028001756978962,0.2089091854040649,-0.020764791040323152,-0.0022860372217607793,-0.07873634115043587,0.33792313465187307,0.40467900335190643,-0.15250202578851085,-0.09883681645307871,-0.15937315307445268,0.033582157241356145,1,1,1,1,0,test
b085cdd7-8cc0-4216-bc6f-d366118752a4,4,3,-1,0.17313277023671048,0.1461941680707427,-0.10856854610938829,0.06230075055931114,-0.4717726519771085,0.1340645455726782,0.08840610465733025,-0.12096825130858813,-0.66295613420803,0.007326539620652324,-0.06818213939281598,0.39295655780617367,0.20279695806442835,0.20891274598112192,-0.020793623662313517,-0.002286037309466198,-0.07874674485567941,0.5893958653700008,0.6224417833327366,-0.07159921556720164,0.20622133531563638,0.11002723175982965,0.033582158079270716,0,0,0,0,0,test
b085cdd7-8cc0-4216-bc6f-d366118752a4,5,4,-1,0.17308942038278308,0.146236850745471,-0.1084482623148118,1.1410412039461593,-0.3479220689542681,0.13393688985704952,0.08857557252403599,-0.12058559952244609,-0.1824359152625634,0.7747559311386016,0.2732972175608981,0.39295655780617367,0.20280274980467053,0.20890950909288825,-0.020755180166326364,-0.0022860371925256346,-0.078730396176011,0.8016781994828102,0.8981030619749113,-0.030896287761412195,-0.019101544393270126,-0.08986477888281375,0.033582156214479714,0,0,1,1,0,test
b085cdd7-8cc0-4216-bc6f-d366118752a4,6,5,-1,0.17321946994456527,0.14624197266643837,-0.10865274476559184,-0.3545156531628292,-0.3283134961179981,0.13430891508545306,0.08858478273418303,-0.12117026037335346,-0.05059273392578487,0.11811937864505699,0.3005556163741009,0.3522785168556802,0.2028001756978962,0.20891533549170888,-0.020790877698314437,-0.002286037301113288,-0.07875863480452916,1.0275442644655541,1.130804315457041,0.03053596498068653,0.05968992601701292,-0.020580476838998368,0.03358215738161205,0,0,1,1,0,test
b085cdd7-8cc0-4216-bc6f-d366118752a4,7,6,-1,0.1732293784826058,0.14624367997342752,-0.10866677787495908,-1.5392721303696213,0.08551804617998836,0.13431742546649497,0.0885608361878007,-0.12120910827042372,-0.24801023565690694,1.6535583116630848,-0.07444474648392001,0.26075292471706374,0.20278762692737154,0.20891274598112192,-0.020833440140300214,-0.002286037430583165,-0.07876309353534781,1.6433477047735272,1.3783958857128593,0.2456807192844334,1.9191274070941713,1.9683089636903568,0.03358215815901827,0,0,1,1,0,test
7076367b-f492-443b-98da-5bdb9e20655a,1,0,-1,0.14373042216863996,0.14417954582356723,-0.06334384407853988,1.811638974300691,-0.05065976478801223,0.12504962051185356,0.08700246863091969,-0.10804549834816717,-0.4200566933603759,-1.458504125516533,0.25295311166216844,0.34210900661805516,0.2024159902618324,0.20105422872738649,0.010914022635091003,-0.002285940718883163,-0.044363985269422805,0.43291124225369904,0.4949023499553062,-0.12386587112652579,-0.024608275950031108,-0.09469009462373948,0.03358215680053676,1,1,0,0,0,test
7076367b-f492-443b-98da-5bdb9e20655a,2,1,-1,0.17157341406257925,0.14609685157236219,-0.10615886075803939,1.5201836991302617,0.3790124500002863,0.13304329984764884,0.0883987364892126,-0.11934440921105138,0.15176143020636354,-1.471845680356791,0.3198258457363751,0.33193949638043235,0.2027734693401129,0.2085262615260202,-0.01925451084082783,-0.0022860326273387755,-0.0770509409009842,0.6191197167848341,0.7265665650637216,-0.08695123187664167,-0.17225303367358386,-0.22285542629788813,0.033582157241389965,0,0,0,0,0,test
7076367b-f492-443b-98da-5bdb9e20655a,3,2,-1,0.17298785786786747,0.1462163630616014,-0.10830793122113924,0.8248674175117675,-0.2842562280510109,0.13405846672907681,0.08851110105300662,-0.12084782282767033,0.2174391397892884,1.3878872094841812,0.3471598508104,0.3522785168556802,0.20276413820305605,0.20888587980878237,-0.0208197103203048,-0.002286037388819296,-0.07865162526488143,0.8800643065421409,0.930685978077919,0.004073791543649473,0.2597146225578723,0.15833878540224017,0.03358215724815904,0,0,1,1,0,test
7076367b-f492-443b-98da-5bdb9e20655a,4,3,-1,0.17318850576318856,0.1462385580524601,-0.10860663597767084,-1.5458267599499298,-0.22906337887470538,0.13422867434991506,0.08851662717909485,-0.12111393092260159,0.8560797482362936,2.697679912454473,-0.30157866655060545,0.047193209726964634,0.20261902293365508,0.2088764928329047,-0.021399108724111188,-0.002286039151291959,-0.07876309353534781,1.4838526196081037,1.2167301907519557,0.20477272166618654,1.8749445597369139,1.9070253801961623,0.03358216038497071,0,0,1,1,0,test
0019535e-7ea8-4abc-8099-d30add22734c,1,0,-1,0.07138199309832513,0.05711371860580439,-0.04847476233897683,-0.2822416388528091,-0.3180990167677593,0.13282810878416051,0.08707062418600788,-0.12040107201136237,-0.7433814059813378,-1.415115076236763,0.1829336851574637,0.36244802709330526,0.18659295592022915,0.1810114167844217,0.028411305237244083,-0.0022858868611982984,-0.027660093379134144,0.32037739581318375,0.368899045057012,-0.15126451627148937,-0.010547218048439824,-0.08238249318136535,0.0335821566908751,0,0,0,0,0,test
0019535e-7ea8-4abc-8099-d30add22734c,2,1,-1,0.10408388433389806,0.14605758351161216,0.0030327632285832755,1.4338341245020285,1.7493477507128259,0.13332535819075217,0.08857557252403599,-0.11960857491112913,-0.7299588653652775,0.6851355169715531,-0.05501259928873471,0.29126145542993437,0.20269817671696472,0.19260853994806096,0.04794197418071768,-0.002285827594496375,-0.004352821146417104,0.5242751923537168,0.6032083627181725,-0.10367319024847926,-0.06808052923470594,-0.1326304107418102,0.03358215694812551,0,0,1,1,0,test
0019535e-7ea8-4abc-8099-d30add22734c,3,2,-1,0.17297175649355157,0.14622148498256882,-0.10827585554258551,0.26765735775312793,-0.16635009370765722,0.13432350431009635,0.08859215090230067,-0.12118579953218156,-0.10035690831349396,0.9064894337530969,0.33387656677410854,0.3522785168556802,0.20271201254087656,0.20881013662411418,-0.020720855616337835,-0.0022860370881111207,-0.07863973531603169,0.8503316337540181,0.826718590432233,0.011860546438240877,0.6162514154096507,0.4904440986671093,0.03358215714045245,0,0,0,0,0,test
0019535e-7ea8-4abc-8099-d30add22734c,4,3,-1,0.1732021300029943,0.1462385580524601,-0.10862868800667654,-1.3599236183588594,0.12274446908264294,0.13433566199729907,0.08857557252403599,-0.1212227050343983,2.493433647496887,2.6016209661536376,0.36455731978293066,-2.596879452055261,0.2025031881288117,0.20882405524351902,-0.021670959160020348,-0.0022860399782601904,-0.07876309353534781,1.480298389910891,1.184137604769302,0.20567976561128587,1.9701255893024336,2.040549459516807,0.03358215732520422,0,0,1,1,0,test
c496dfbd-9795-473a-87d8-872a28e3a9ea,1,0,-1,0.17322690134809568,0.14624197266643837,-0.10866477314504948,-1.2671173754901817,0.06477417613140488,0.13432593584753688,0.08856820435591833,-0.12121493545498425,-0.45568831223743594,-0.79664701083918,-0.13879236526305974,0.3421090066180529,0.20280532391144482,0.2089179250022958,-0.020779893842318105,-0.002286037267701726,-0.07876309353534781,1.526198094921966,1.5086764510799122,0.19123075233061623,0.894398456724703,0.7645907361386247,0.03358215757860038,0,0,0,0,1,test
db55fd64-ebc4-46cb-8b01-7ef1b25edbd0,1,0,-1,0.17298166503159212,0.1460217300648404,-0.10852644678128652,-0.4903735854242316,-0.31449596647441175,0.1338870433395183,0.08824400495874216,-0.12085559240708438,-0.22648003403771136,-1.3300191489067164,-0.7620141041375872,0.31160047590518225,0.20278891398075868,0.20888393767584215,-0.020705752814342882,-0.0022860370421723896,-0.07863527658521303,-2.5298144591801384,-2.6702152632628726,-0.8957958368684092,-0.46168796831192344,-0.4789582463814911,0.03357940146647947,1,3,0,0,0,test
db55fd64-ebc4-46cb-8b01-7ef1b25edbd0,2,1,-1,0.17297299506080663,0.14596538893419905,-0.10857856975893633,-1.1708878327045986,-0.4716750526827464,0.13392716370728733,0.08810953589059521,-0.12106148626155674,0.32522471212697546,-0.032698083572525974,-0.1202708386075104,0.34210900661805965,0.20275158943253138,0.20890141687230404,-0.020939159754264886,-0.002286037752170605,-0.07872742368879856,-2.3833953074682745,-2.521136487235509,-0.8554871283383022,-0.401500332093606,-0.42580228137957526,0.0335838808725086,0,0,1,1,0,test
db55fd64-ebc4-46cb-8b01-7ef1b25edbd0,3,2,-1,0.17274014441685376,0.14602002275785125,-0.10813752917882255,0.7697058649501275,-0.5235565114948042,0.1330809886779773,0.08810953589059521,-0.11970957944351181,-0.3288500267410555,0.6746943109211587,0.338059667151628,0.32176998614280955,0.20276896465325786,0.2088638689687933,-0.020705752814342882,-0.0022860370421715587,-0.07863081785439438,-2.3082964880889665,-2.3606336348453776,-0.8929041147143151,-0.8434834458348012,-0.7895741710399476,0.03358211194742957,1,1,1,1,0,test
db55fd64-ebc4-46cb-8b01-7ef1b25edbd0,4,3,-1,0.1728565697388302,0.14593807202237294,-0.1084222008259869,-0.5646096516148068,-0.3333183013554902,0.13368644150067327,0.08799348724274236,-0.1207992629563325,-0.32916902394344943,0.5969074129740168,0.3844912784437493,-0.2273835666888848,0.20271555193769122,0.2088813481652552,-0.021007808854241947,-0.002286037960995962,-0.07874079988125454,-2.2711217627693387,-2.278311243405559,-0.944308371607605,-1.0810627925270933,-0.983007360546415,0.03358263484428607,0,0,1,1,0,test
db55fd64-ebc4-46cb-8b01-7ef1b25edbd0,5,4,-1,0.1725531207613384,0.14549929412616608,-0.1084462575849022,-0.8213642115959522,-0.4352822948706154,0.1332706485983399,0.08732851007012529,-0.12083616845854925,0.5904772449305059,0.39486971493880313,0.38866233534609357,-0.35958719977799475,0.20269270674006934,0.20882761582057607,-0.02087737556428553,-0.0022860375642341324,-0.07865162526488143,-2.168429246269801,-2.237560772030328,-0.8330885344388058,-0.6733336839586264,-0.6488315382471402,0.033583269759941456,0,0,1,1,0,test
db55fd64-ebc4-46cb-8b01-7ef1b25edbd0,6,5,-1,0.17114982406134585,0.14541563608369862,-0.10627313036288705,0.2744663832783586,-0.21457244057486835,0.13045857554834833,0.08756244940786038,-0.11609672501597791,0.8970056416924683,0.7326428426911548,0.38866701891977284,-0.705350547857206,0.20268562794644002,0.2088046339141169,-0.020810099446308013,-0.0022860373595854065,-0.07855056069965859,-1.994658316420529,-2.124990513122313,-0.7472677484841467,-0.24211375155833295,-0.2862935649560186,0.03358148736440037,0,0,1,1,0,test
db55fd64-ebc4-46cb-8b01-7ef1b25edbd0,7,6,-1,0.17251967944545157,0.14556758640573134,-0.10831194068095847,-0.9042300309272071,-0.5277844564468955,0.1336134953774569,0.08778902057747784,-0.12089832509386166,0.14072155667680186,0.9132762301327526,0.3880106495227244,-0.9595883037978076,0.20268659323648036,0.2087975127600028,-0.020775774896319484,-0.0022860372551721346,-0.07855650567408345,-1.9157898690864348,-1.9345049818430482,-0.794683974914368,-0.8222689765592913,-0.7703470496906667,0.03358213425347528,1,1,0,0,0,test
db55fd64-ebc4-46cb-8b01-7ef1b25edbd0,8,7,-1,0.1726608761125294,0.14604563236268822,-0.10797915551596352,-0.1616208177742531,0.18476532086066982,0.13358431692817033,0.08826979354715389,-0.12034474256061051,-0.3289702443770519,0.8981363195499883,0.3887794246880747,0.17939684281607682,0.20273099657833699,0.20879848382647292,-0.02059042232638142,-0.0022860366913399115,-0.07851489085310934,-1.803678950195426,-1.8480503711401146,-0.7363487608818864,-0.6174889388406043,-0.600792642136117,0.033582199377496506,1,1,1,1,0,test
db55fd64-ebc4-46cb-8b01-7ef1b25edbd0,9,8,-1,0.17303616199081515,0.1462044119126775,-0.10840014879698122,1.030860544709137,0.25102445207086976,0.13409737132812555,0.08852952147330073,-0.1208905555144476,-0.4673144178912342,0.5859439350238126,0.3831209986015932,0.30143096566755945,0.2027438671122085,0.20884315288409774,-0.02072497456233646,-0.00228603710064171,-0.07867986389339958,-1.447394653163483,-1.7251557767123584,-0.5593650502742524,0.776917177563712,0.6446223505606982,0.03358220588585853,0,0,1,1,0,test
db55fd64-ebc4-46cb-8b01-7ef1b25edbd0,10,9,-1,0.1731872671959335,0.1462044119126775,-0.1086447258459534,-0.5554565500447741,-0.30523651384618133,0.13427973663616652,0.08851478513706544,-0.12119745390130264,0.05416317109554303,0.09207449053937887,0.37846485728247004,0.4132955782814193,0.2027284224715627,0.20885610043703248,-0.020845796978296083,-0.0022860374681732873,-0.07875863480452916,-1.055198238516047,-1.3346013631205311,-0.4551669508755305,0.9572794252645421,0.8277933827115135,0.03358217056572307,0,0,0,0,0,test
db55fd64-ebc4-46cb-8b01-7ef1b25edbd0,11,10,-1,0.17317735865789294,0.14623172882450358,-0.1085966123281228,1.389394372853098,-0.16171065994933048,0.13425055818687998,0.08853873168344778,-0.12112558529172267,0.44585207457038606,0.3045532701559927,0.38633660647337165,0.4234650885190421,0.2027287442349095,0.20884056337351078,-0.020778520860318565,-0.002286037263525233,-0.07874971734289185,-0.7190588153799838,-0.9046805330096452,-0.38033353082651494,0.6699452085553511,0.5418727053416587,0.03358212608650548,1,1,1,1,0,test
db55fd64-ebc4-46cb-8b01-7ef1b25edbd0,12,11,-1,0.17319965286848418,0.1462146557546123,-0.10865274476559184,-1.1843349486915509,-0.5302010747527212,0.1342724420238449,0.08849268063271253,-0.12120910827042372,0.9525752640230452,-0.21802967767051684,0.36804725125592197,0.3522785168556802,0.20272198720462695,0.20884088706233417,-0.020808726464308473,-0.0022860373554082864,-0.07876309353534781,-0.4648292189131631,-0.5362086795441805,-0.3355931274574178,0.22195982815323864,0.12408872348515981,0.03358275597045253,0,0,1,1,0,test
db55fd64-ebc4-46cb-8b01-7ef1b25edbd0,13,12,-1,0.17314144020749594,0.14624367997342752,-0.10852444205137692,1.8663673567735695,2.390312846468646,0.13414113900205538,0.08857188843997715,-0.12091580664754328,0.04602937617897966,0.0054124554273070205,0.3607636251027427,0.3522785168556802,0.2027284224715627,0.20883408959704344,-0.020752434202327284,-0.0022860371841715845,-0.07873336866322345,-0.0847023569104994,-0.2575253589686345,-0.21334962698929227,0.8960996577748596,0.7662322005163489,0.033581927440565325,0,0,1,1,0,test
db55fd64-ebc4-46cb-8b01-7ef1b25edbd0,14,13,-1,0.1732293784826058,0.14624367997342752,-0.10866677787495908,-1.5677124610199966,7.628102095743478,0.13432958315369772,0.08857188843997715,-0.12121687784983777,1.2638241869966047,2.697679912454473,0.38370109265586533,0.39295655780617367,0.20270750785402153,0.20884056337351078,-0.020869137672288283,-0.0022860375391744077,-0.07876309353534781,0.8642651836613148,0.1591649776998978,0.06449478741190219,2.834969954811808,3.6676242971475577,0.03358250640028336,0,0,0,0,1,test
a807876e-8b9b-40b4-b2be-ca190228e2ec,1,0,-1,0.17073738116540804,0.14312101549030554,-0.10829991230150081,-1.2747693273513947,-0.5403869333990214,0.1335490596352824,0.08755508123974275,-0.12104206231302161,0.14961665413832848,-0.23688187600633898,0.3326227071919794,0.3014309656675617,0.20234262821876495,0.2085353248130745,-0.021131377234200655,-0.002286038336946551,-0.07874228612486076,-0.024748207740279866,0.06532006592550765,-0.2687281740124919,-0.41542615419828743,-0.4301618799907737,0.03358215748748536,1,1,0,0,0,test
a807876e-8b9b-40b4-b2be-ca190228e2ec,2,1,-1,0.17035342531633682,0.14589538934764465,-0.1044207599264092,1.084766554553637,0.736095834060295,0.13338006778316447,0.08836005360659499,-0.11992324287739821,0.702993665459777,-0.06924230474890615,0.10879137565111544,0.31160047590518675,0.20263157170417978,0.20845246047429222,-0.019546956006730107,-0.002286033516934361,-0.07683692182168876,0.12432636885166727,0.22488597008332775,-0.22930031662543196,-0.39423824044717165,-0.41225819240961703,0.03358215651545838,1,1,1,1,0,test
a807876e-8b9b-40b4-b2be-ca190228e2ec,3,2,-1,0.17208494233892255,0.14575539017453584,-0.10738776019262913,0.0779924547949152,-0.008654938399371145,0.13384327566558848,0.0883803160689185,-0.12064192897319796,0.49294563951032633,0.2770580693294888,0.35089533536057455,0.362448027093303,0.20256561021808842,0.20874313303767694,-0.021061355152224053,-0.002286038123900151,-0.07841828501870514,0.3156654305967797,0.38829966618876655,-0.16102830292672066,-0.1419198718255844,-0.19668668388102298,0.033582157187752454,0,0,1,1,0,test
a807876e-8b9b-40b4-b2be-ca190228e2ec,4,3,-1,0.17228435166698858,0.1462163630616014,-0.10716924463248186,1.3797096228571903,-0.46471137809757107,0.13405603519163628,0.08856452027185951,-0.12078760858721142,1.053245564683202,0.1453826937353012,0.3451934189470715,0.32176998614280955,0.20270976019744905,0.20867677682888644,-0.02016479790652365,-0.0022860353965721415,-0.07779109021688098,0.6004604743575862,0.5980431650732345,-0.060004829737175115,0.3926558912739915,0.27998887364994374,0.03358215743119606,0,0,1,1,0,test
a807876e-8b9b-40b4-b2be-ca190228e2ec,5,4,-1,0.17318107435965815,0.1462385580524601,-0.1085946075982132,-0.5328124771007605,-0.083117185098022,0.13430162047313143,0.0885608361878007,-0.12118385713732804,0.7440115112733909,2.194181173169039,0.28754799410293064,0.33193949638043235,0.20261998822369545,0.20882178942175544,-0.0211629558201901,-0.0022860384329500033,-0.07876309353534781,1.0952211825735858,0.9102319486835554,0.09775004765281228,1.4347802467183324,1.3509262070111359,0.03358215726268929,0,0,0,0,1,test
