info-network_id,info-layer_i,info-layer_j,info-layer_distance,r2_y_given_hip1,r2_y_given_hip1_hi,delta_r2_y_hi_given_hip1,r2_residual_y_given_hi_after_hip1,cmi_proxy_hi_y_given_hip1,varfrac_yhat_from_hip1,varfrac_yhat_from_hip1_hi,varfrac_increment_hi_given_hip1,nonlin_mse_rev,nonlin_prop_perfect_perdim_avg,cka,trustworthiness,dec_lin_i,dec_lin_j,dec_lin_diff,dec_lin_ratio,cond_gain_R2,grad_norm_i,grad_norm_j,grad_norm_diff,grad_norm_rel_diff,grad_norm_log_ratio,y_nonlin_asym,label-starts_skip,label-skip_start_count,label-recieved_skips,label-num_recieved_skips,label-not_in_skip_range,split
1a89af81-e4aa-4c11-8312-a21ec174817a,0,1,1,0.1527378381970442,0.14983265116118852,-0.07203461251909,-0.9406691945497566,-0.11410721191902247,0.12729537231694674,0.10598397148038347,-0.13436644875979079,0.2601412819913684,1.5683862039943373,0.02450477129004752,0.28454909268087014,-0.4212591991828288,0.16529740467491627,-4.496763946352189,-0.0447412175483707,-0.094750996459309,-1.20299676827514,-1.2542226442252067,0.6332167167642289,0.8441549991767158,0.7826064316760186,-0.049601835449577275,1,1,0,0,0,train
1a89af81-e4aa-4c11-8312-a21ec174817a,1,2,1,0.15088657272280004,0.1491939597628113,-0.06920083387523432,-0.9749829241051384,0.2827055141253503,0.12444182432827912,0.10587481748888193,-0.1266811765779056,0.552298805295477,0.007928759933904454,0.22121343326102744,0.25857478421119734,0.1706829630510521,0.1652667953463176,0.042775685494162975,-0.044729148869543926,-0.09318895351092096,-1.1119289621372737,-1.0479880167992675,0.49714505762917566,0.09273684996343179,0.15699042598960242,-0.04960183557959432,1,1,0,0,0,train
1a89af81-e4aa-4c11-8312-a21ec174817a,2,3,1,0.1563022511716688,0.1528009579478912,-0.07459547098752486,0.6887380803759601,-0.6465418232012594,0.13188418597439872,0.11039925043662072,-0.13798404027732533,1.283503506111789,0.33767775846998294,0.322788716261112,0.2585747842111935,0.17065238371557273,0.16622639779788517,0.03518969260649855,-0.04472916903460269,-0.10108534993277221,-0.8864750470228714,-0.8361373419688578,0.43823217409539994,0.05973761872108988,0.12840922779301236,-0.04960183544144842,1,3,1,1,0,train
1a89af81-e4aa-4c11-8312-a21ec174817a,3,4,1,0.15636767547507793,0.15284537533530831,-0.07465923738365123,1.5824472844302828,-0.5665168200663204,0.13209322967484877,0.11057253239812942,-0.1382062717935658,0.771771431116926,-0.7590037675173988,-1.3426011132115432,0.07675462492347442,0.17161104588285117,0.16557977573123878,0.047494946911914034,-0.04472913632364468,-0.08973091360448952,-0.6548817173464762,-0.6240498673161381,0.3813140297043587,0.0584601131871464,0.12720410572638327,-0.04960183570925147,0,0,1,1,0,train
1a89af81-e4aa-4c11-8312-a21ec174817a,4,5,1,0.15638584889269158,0.15284537533530831,-0.07469749722132704,1.572841464340799,2.427940317609613,0.13217847079542064,0.11061892284451756,-0.13834692465194584,1.5357977873658601,-1.3057491114292685,-0.42188333671389006,-0.0011683004855516147,0.17096505742084936,0.16554534023656528,0.04280499767688193,-0.04472914879164548,-0.10696724958670233,-0.42302952014766465,-0.3325327955730837,0.2787966855927937,-0.396592568314072,-0.27702913762320114,-0.049601835551139416,1,1,0,0,0,train
1a89af81-e4aa-4c11-8312-a21ec174817a,5,6,1,0.15638221420916887,0.15284997023745492,-0.07468219328625672,1.8513839195696502,-0.3656883265124457,0.13215107186380826,0.11062710939388018,-0.138254093765415,1.0777908824131301,-1.2515000694666238,0.19491041911368132,0.1546775503324966,0.17093065566843504,0.16530123084099108,0.04441130528988042,-0.04472914452114196,-0.10106380451279444,-0.10434557280346926,0.04127219225830824,0.16158339430446428,-0.8355584461558953,-0.6958089429775806,-0.04960183546102,0,0,1,1,0,train
1a89af81-e4aa-4c11-8312-a21ec174817a,6,7,1,0.15638584889269158,0.15284997023745492,-0.07468984525379188,1.7096278849231135,1.0217542333374405,0.13224849028731894,0.1106666777157995,-0.13844256859564424,-0.010328831759653573,-1.406801255380282,0.2957346224120859,-0.7890556573990574,0.17068678546798702,0.1653008482243836,0.042544119250683264,-0.0447291494851817,-0.10792602077571291,0.3042948143504442,0.5428148224997112,0.009814881882821513,-1.4407813630495279,-1.3458915743990043,-0.04960183565365801,0,0,1,1,0,train
1a89af81-e4aa-4c11-8312-a21ec174817a,7,8,1,0.15638463733151733,0.15284997023745492,-0.07468729459794683,1.855407259037858,-0.4144348813750595,0.13215107186380826,0.11064075364281788,-0.138225963193739,0.13948862129194511,-1.6929384339046645,0.2639907209325531,-1.654865939721566,0.17068640322629353,0.16411282365814867,0.051642620766645546,-0.04472912529172193,-0.07449830168020895,0.8525768899456574,1.0312526593457745,-0.11972312937914151,-1.3831808375018104,-1.2791986371101538,-0.04960183556301327,0,0,1,1,0,train
dd250f9e-9ea5-4b0f-b671-830f9e54364e,0,1,1,-0.013349025374135178,-0.05151136600061527,-0.057679521423122555,-1.6985810143567568,-0.6957330999561565,-0.01622936444592844,-0.08214566172230671,-0.12437165664330539,-0.3217304354134652,0.813021751944025,-0.8475698104402738,0.3105234011505429,0.09067671866958596,0.11578222426731637,-0.19165142701891674,-0.04472977695116792,-0.05032434046515549,0.6111902718310717,0.3486268083859431,0.31821566669222046,1.2012284007507077,1.0710799018497361,-0.049601835628484886,1,1,0,0,0,train
dd250f9e-9ea5-4b0f-b671-830f9e54364e,1,2,1,0.14508561782052184,0.1393164517816732,-0.07343747323387005,-1.612461360477661,-0.6917023630115599,0.12125543005928327,0.09703334417725726,-0.13607678751769203,0.4212198687064115,-0.4202132324000108,0.3391716422540061,0.3451558124434476,0.12121630101283905,0.16352971594834445,-0.32325140255391754,-0.04473012224570348,-0.10662252286705806,0.6402922285545346,0.3906105630130304,0.26042086730687325,1.1042106345058567,0.9928962528688282,-0.04960183540269205,1,3,0,0,0,train
dd250f9e-9ea5-4b0f-b671-830f9e54364e,2,3,1,0.1449814235595369,0.1404131017606614,-0.07139184724613624,-1.4412563324713985,-0.7034277665741033,0.1219140191932254,0.09827087755590595,-0.13535101876845104,0.8838868849156223,-1.4663689526997041,0.3079377644908168,0.2932071955040963,0.16891700642711813,0.1641208586069058,0.0380124558023335,-0.04472916153512901,-0.08599278323834712,0.68618850683728,0.37573811010450003,-3.875131676838438,1.463689594659807,1.2822489629240135,-0.04960183558952918,1,1,0,0,0,train
dd250f9e-9ea5-4b0f-b671-830f9e54364e,3,4,1,0.15103196006370925,0.14821830887368354,-0.07113168034994068,-1.4995217610586797,-0.525457552735968,0.1257691503486124,0.10496747493452538,-0.13223133836958184,0.22687028175132973,-2.2854230599709413,0.32690316131609193,0.24125857856474112,0.16950756984356358,0.1654007111589367,0.03273626291292238,-0.044729175559623795,-0.0989308079349956,0.66993006965128,0.40754575659213965,0.28413186930483564,1.1684570331901871,1.0446845200711252,-0.04960183526019354,0,0,1,1,0,train
dd250f9e-9ea5-4b0f-b671-830f9e54364e,4,5,1,0.15220838596389977,0.15175332025846672,-0.06772145348510264,-0.20435318586634738,3.785583184680273,0.1261466467397164,0.1078095719882467,-0.127418197555817,1.0244396644424845,-2.2854230599709413,0.34419068161185395,0.18065185880216747,0.170786168308295,0.16638939247267295,0.034966920017834524,-0.04472916962626195,-0.10655788660712477,0.7047019143250773,0.3831317167227865,-3.8190256835552723,1.5240228322930562,1.3308080238429418,-0.049601835661587095,0,0,1,1,0,train
dd250f9e-9ea5-4b0f-b671-830f9e54364e,5,6,1,0.15637131015860067,0.15282546409267306,-0.0747000478771721,-1.5466123286663296,-0.6119475215782287,0.13215208663905315,0.11052614195174126,-0.13846507305298505,0.2168396010782562,-1.8423892320697766,0.35371683353763766,-0.1656722541268414,0.17177388084427886,0.16649269895669339,0.0417497590989997,-0.04472915159665085,-0.10483425300890349,0.6780126966073524,0.5034511992984095,0.12805122410129308,0.6140791016800938,0.5942299302539229,-0.049601835424717064,0,0,1,1,0,train
dd250f9e-9ea5-4b0f-b671-830f9e54364e,6,7,1,0.15637736796447188,0.15284384370125947,-0.07468219328625672,0.13430036500817982,1.5397759429272504,0.13225559371403328,0.11068032196473718,-0.13843412942414146,0.9491638234932241,-2.103928095572745,0.354302980196719,-0.5552868811719677,0.17187708610152175,0.16646438532773963,0.04275809818453161,-0.04472914891640857,-0.10729043088636882,0.809544916728606,0.7610628335262705,-0.005243281921546381,-0.2056379639903828,-0.10447752618337576,-0.04960183511435538,0,0,1,1,0,train
dd250f9e-9ea5-4b0f-b671-830f9e54364e,7,8,1,0.15638948357621432,0.15285303350555265,-0.07469239590963693,0.7337004742591928,4.602946304110033,0.1322961847238294,0.11069805948835619,-0.13851008196766668,-0.5312573792147042,-1.1703925280531016,0.21097109131565192,-0.3128600021216557,0.17184880021620333,0.1664513763630852,0.0426408494536558,-0.044729149228065194,-0.10752743050612425,1.0911637323494094,0.9428053415653989,-0.02601119780571036,0.2393015208589454,0.2816357624751438,-0.0496018355085133,0,0,0,0,0,train
dd250f9e-9ea5-4b0f-b671-830f9e54364e,8,9,1,0.15637615640329763,0.1528515018715038,-0.07466688935118639,1.7294513126687177,-0.7173029183341718,0.13223834253486993,0.11069669506346241,-0.13835255076628103,-2.1982451137783587,-1.7269770293245854,0.35574106945660794,-1.455729574787381,0.17183580399862458,0.16644908066344033,0.04255877534204274,-0.04472914944622563,-0.1078721572257685,1.2898430738913462,1.4890670200768858,-0.24828680726092095,-1.6293491052032152,-1.5734758324579234,-0.04960183549311237,0,0,1,1,0,train
33a54d6e-e4ee-4aa4-9ef3-06f2bfc0b3ae,0,1,1,-2.08718434513272,-1.9563739998945284,1.1360911804585705,-0.7194308413958502,-0.6681391380699818,-2.2020775670226733,-1.955752095047925,2.072170275991715,0.07718429952389028,-0.25193513100153714,-0.0415420312607216,0.3451558124434476,-6.239133983510694,-6.241229076943965,-0.03083111121871976,-0.04483970815896267,0.5746508737039776,-2.050960612817099,-2.0038583475190057,0.8062323662140695,0.6794983484759952,0.6500749643297384,-0.049601834971465364,1,1,0,0,0,train
33a54d6e-e4ee-4aa4-9ef3-06f2bfc0b3ae,1,2,1,-3.067417298133266,-2.5166457349697837,2.266710194272556,-0.33624088205485936,-0.2498208115569441,-2.7816623890481207,-2.565205220047406,2.4223171277573132,-0.056990639462081376,1.453931794150136,0.28469743007295617,0.319181503973771,-6.229565964578062,-6.252552487654458,0.1292896138080433,23.01280736522612,-0.31294146457414534,-1.9314242444114307,-1.7813869085198144,0.6869094194455945,-0.0056995513430025185,0.07435801635459843,-0.04960183505873577,1,1,0,0,0,train
33a54d6e-e4ee-4aa4-9ef3-06f2bfc0b3ae,2,3,1,-3.490552615115483,-3.0499668373211892,2.269373078974793,-1.1111421275578484,-0.3431078402997481,-2.988503012441482,-3.1850498050378335,1.7177560165028665,0.45134697205966273,-0.3785159330390213,-0.548657216833766,0.319181503973771,-6.24087827983421,-6.252051004836485,0.038699338069985816,-0.04485986340590648,-0.02374088618432071,-1.6882203869917327,-1.497119315780328,0.5925135478781313,-0.35826719317875977,-0.24013507649792315,-0.04960183795250505,0,0,1,1,0,train
33a54d6e-e4ee-4aa4-9ef3-06f2bfc0b3ae,3,4,1,-3.985943017407238,-3.8297355163054103,2.013738698215883,-0.5216902020557438,-0.6139433763256035,-3.828331005123318,-3.442859253140425,3.5143121635339063,0.5627576650520834,0.06228413949864235,-0.14878657042120633,0.2932071955040963,-6.240377288403494,-6.261653916684626,0.11610890600950736,-0.04486706570833359,6.351114396015637,-1.377461507538869,-1.2861286555457567,0.5590230827418248,0.06420909628397312,0.13278601556657152,-0.04960183540865706,0,0,1,1,0,train
33a54d6e-e4ee-4aa4-9ef3-06f2bfc0b3ae,4,5,1,-0.8827883436736295,-0.8860972275937576,0.382869756134713,-0.8175588696082887,-0.5870605030137771,-1.51952451567215,-1.7206234819544597,0.6648343447842476,0.47942516399943125,-0.4931835506630454,-0.2594306333327915,0.3364977096202195,-6.249970790660062,-6.263362172049069,0.05562809863532031,-0.044749805569326506,0.2209935432882076,-1.146808338397624,-1.147007732524588,0.5572059169806379,0.4978488312015697,0.4985456069115366,-0.049601835222757726,0,0,0,0,1,train
33a54d6e-e4ee-4aa4-9ef3-06f2bfc0b3ae,5,6,1,-0.005470243058029262,-0.03918018027319351,-0.05373110617497799,1.129011056655381,-0.5289916496936101,-0.5279307964635802,-0.2477377245297166,0.9527113630878362,0.016571464768142703,0.3310826968376638,-0.24718435491984247,0.24125857856474497,-6.251677372158752,-6.339084037299082,0.6226449019377996,-0.04484353436507785,2.475865326616797,-0.9947225458179296,-0.9756278393421425,0.4931864509140707,0.3014194589973113,0.3343731999864471,-0.04960183587735588,0,0,0,0,1,train
33a54d6e-e4ee-4aa4-9ef3-06f2bfc0b3ae,6,7,1,-0.385540618101759,-0.05954478658691848,0.7125037642703481,1.7230507415130083,-0.19586725001578137,-1.629190261613587,-0.06711652151743855,4.377901022587158,-0.061770435921724744,-1.0821579707089763,0.3503883578664259,-0.5466287783487472,-6.327325039932382,-6.305170431678212,-0.2172702747152796,-0.044644900781119976,7.457097970374835,-0.807371525418866,-0.7014717844905557,0.38217780004560264,-0.29970689417568736,-0.18867542033185583,-0.04960183527004683,1,1,0,0,0,train
33a54d6e-e4ee-4aa4-9ef3-06f2bfc0b3ae,7,8,1,0.01676069292816595,0.03802336559395606,0.02803526824993827,0.44556557842203287,2.5335944840788316,-0.39733429632077094,0.01821461133888964,1.1390032609550271,-0.654876125672354,-1.689747285071901,0.3576853762857034,-0.5899192924648744,-6.293444665188007,-6.376248610687662,0.5870697133780902,-0.044804260200056366,3.4730879575754185,-0.5076664919331314,-0.5486855179205717,0.38873061471883874,0.41453062710220284,0.4289999168088725,-0.0496018354113363,0,0,0,0,0,train
33a54d6e-e4ee-4aa4-9ef3-06f2bfc0b3ae,8,9,1,-0.12914519616363834,0.029777047874860452,0.3214729192884031,1.7381210006721104,2.1174166385376196,-1.108850047936075,0.05752642137816895,3.1924449754741984,-0.26928373333201006,-0.983126951298581,0.35200723911531717,-0.9016109941009766,-6.3644531969233045,-6.262735700874651,-0.8270789717631595,-0.04327206336745121,-5.003505194579554,-0.3406418637033952,-0.17799385294447995,0.22090708521520427,-0.8196586448199925,-0.6799646148997096,-0.0496018353752589,0,0,0,0,0,train
33a54d6e-e4ee-4aa4-9ef3-06f2bfc0b3ae,9,10,1,0.09214402918960068,0.03537363868941754,-0.1350791730413053,1.8483949003155122,-0.7116819608504806,0.134814856881679,0.13823897596908827,-0.08871053092963091,-2.8901658297273114,-2.117889244119839,-10.142149371101437,-5.949284940041285,-6.251051514843752,-6.275192421976509,0.13797188232939647,-0.04480106944410707,-1.2592091983257998,0.06459506576980147,0.5305008726859484,-0.0027468344566920926,-2.212424829353889,-2.3991125373853324,-0.049601835048085144,0,0,0,0,0,train
0d771355-7749-472d-91f3-c6ebb60789a2,0,1,1,0.153204289249128,0.15212397569829234,-0.06920083387523432,0.08561912275251485,0.1356573647420833,0.13199276692560336,0.11061210072004872,-0.1378462004761129,0.4126970555451219,1.262156988243752,0.10754094594418882,0.3018652983273186,0.1718449777992684,0.1662703987077457,0.043998003513543216,-0.044729145620517136,-0.10093453199292785,-0.006414701322856122,-0.011892488701102084,0.21039645721361006,-0.05258039757387758,0.03066051637070352,-0.049601835556807854,1,1,0,0,0,train
0d771355-7749-472d-91f3-c6ebb60789a2,1,2,1,0.15147902613700515,0.1507393785181173,-0.0678744928358059,-0.07842809862314322,0.15744992608464375,0.13196333844350117,0.11054933717493534,-0.13789402244796212,0.6026969945531824,0.9701102616938659,0.2735739650653902,0.24991668138797307,0.17165500367760278,0.1661418395276314,0.04352607737176811,-0.044729146874922694,-0.1001373514537505,0.24617564388082194,0.2576827800591463,0.12630794817533111,-0.27360968626519633,-0.1653628758065898,-0.0496018354124448,1,1,0,0,0,train
0d771355-7749-472d-91f3-c6ebb60789a2,2,3,1,0.15629255868227485,0.1528193375564776,-0.07454445787062376,-0.3305116587368239,-0.24888787068043924,0.13228400742089055,0.11069396621367487,-0.13848476445315827,0.4758608859442759,2.0663192155664367,0.33600746526753683,0.24991668138797116,0.1715265704685894,0.1666599024141635,0.03857231849226545,-0.04472916004224775,-0.10739815798625764,0.5408730015388651,0.5527337467447446,0.04058644345134945,-0.4160628402990468,-0.29501384189730917,-0.04960183542435156,0,0,1,1,0,train
0d771355-7749-472d-91f3-c6ebb60789a2,3,4,1,0.15638706045386583,0.15284690696935718,-0.07469749722132704,1.454562534791091,-0.7163243959962196,0.13222413568144128,0.1106885085140998,-0.13833004630894022,-0.4531050108635626,1.867760816252403,0.03877528562196674,0.2672328870344216,0.17204412572157785,0.166535934633339,0.043490902752505375,-0.04472914696857945,-0.1044464354493037,0.863420172340458,1.0510075313237797,-0.1260930948686168,-1.4264987118017598,-1.3292557593815193,-0.049601835631575775,0,0,0,0,0,train
f9dc5598-86d2-4179-8a7a-6523357846f3,0,1,1,0.15339813903700694,0.15014050960501063,-0.0729120381297888,-0.5941810942548643,-0.35840452751396984,0.13069486938737226,0.10983301410570649,-0.13585455600145158,0.11591046145762321,0.3251258383431155,-1.0349806893136835,0.1200451390395938,0.1713201599541036,0.1658728600525708,0.043018976610730265,-0.04472914822285447,-0.10604079652765838,-0.17580958998024235,-0.3864999607809398,0.6032905971850747,1.2974428213532485,1.148518959698094,-0.04960183596850806,1,5,0,0,0,train
f9dc5598-86d2-4179-8a7a-6523357846f3,1,2,1,0.1496786462320792,0.1495018182066334,-0.06614514817285887,-0.12918229726861752,-0.5236363031541051,0.12744048517696788,0.10898024854710071,-0.12859124239470648,0.933105990311705,-0.40234301196679023,0.3340669645855782,0.13736134468604425,0.1712578545580644,0.16570336089545581,0.043839717726860884,-0.04472914604096218,-0.10237807513143816,-0.16334201212889854,-0.6395625842463124,-3.8114438508008215,2.918938923540996,2.494446792263114,-0.04960183612447133,0,0,0,0,0,train
f9dc5598-86d2-4179-8a7a-6523357846f3,2,3,1,0.11043254511480734,0.14552110131363016,0.00984909207469876,1.192340672816965,2.14828969648307,0.10952462822820301,0.10507253565134561,-0.08698331382872405,-0.019310879248947498,0.0034609829190840893,0.3576644424764505,0.10272893339314527,0.17108852148784734,0.16350637633528797,0.059372243349632835,-0.04472910473396403,-0.044410122681258726,-0.4399878884373217,-0.6767121757344727,-4.056471939020544,1.604504343462226,1.3956218152419033,-0.049601833901316436,0,0,1,1,0,train
f9dc5598-86d2-4179-8a7a-6523357846f3,3,4,1,0.07933055821080072,0.11426964018056426,0.023283396410601495,-0.1522327695544268,0.46283047131265076,0.0979095107750417,0.08730635910957635,-0.09141387886769521,-0.8091085019869229,-0.7232633266509576,0.3604321458028269,0.35381391526666806,0.1688936896838151,0.16384307894987307,0.03996171595314371,-0.04472915635223341,-0.08146824504301625,-0.48059950129032897,-0.5154061360508136,0.3750953564186966,0.36267588546249013,0.3856410726940437,-0.049601833415942216,0,0,1,1,0,train
f9dc5598-86d2-4179-8a7a-6523357846f3,4,5,1,0.14392373065442227,0.13979738487301718,-0.07019048834311552,-1.353905341471715,-0.09046370903582854,0.12782407021954129,0.10664435312896778,-0.13447053187499203,0.24132691766345862,-0.5795564898696924,0.35533063992367975,0.2672328870344178,0.16923006237408825,0.16311304646279537,0.048133952495187156,-0.044729134619163,-0.097788900676174,-0.30426113060939236,-0.5111959837556681,0.7408984447809653,1.34296095002617,1.185133735406635,-0.04960183487539831,0,0,0,0,0,train
f9dc5598-86d2-4179-8a7a-6523357846f3,5,6,1,0.13162275005232732,0.13776031158802515,-0.04768605182219852,-0.33826334169313677,-0.5400385318176282,0.12071455485374989,0.10513666362135277,-0.1178706815289801,-0.42782228980704035,0.21939359722351992,0.35470770050894185,0.32783960679699525,0.16850074522290512,0.1625697308801694,0.04670351797850236,-0.044729138422429086,-0.09239177297174363,-0.2996586284495195,-0.4561335434469072,0.46015783038576524,1.0217470746345994,0.9263361830016724,-0.04960183471360108,0,0,1,1,0,train
f9dc5598-86d2-4179-8a7a-6523357846f3,6,7,1,0.15061518301976948,0.15206883687253317,-0.06384190594477454,0.26606149562073683,1.8827302998845459,0.12798440470823597,0.10908667368881471,-0.12987962257746763,-0.6384071392478146,0.5015949530313659,0.3613265903799965,0.3971044293827951,0.1679579620181462,0.16634806987906478,0.013595407597447606,-0.04472922643472947,-0.09900621690491779,-0.2394648438348518,-0.2527768240154247,0.28521256323949684,0.11020350004321908,0.17163668034914303,-0.04960183577724462,1,1,1,1,0,train
f9dc5598-86d2-4179-8a7a-6523357846f3,7,8,1,0.15612899792375196,0.15262175676417386,-0.07452915393555344,-0.9767738323998529,-0.6811612379163663,0.1320333579353995,0.11047838708045933,-0.1382344023652418,-0.06588689945229337,-0.16034987404020576,0.35568397724955453,0.3711301209131185,0.1717325987413817,0.16656845704497503,0.04085280630779981,-0.0447291539807646,-0.1071719310764911,-0.01715703290667425,-0.12372685428915058,0.28983369385476254,0.5601543884522229,0.5497987198964552,-0.04960183552315408,0,0,0,0,0,train
f9dc5598-86d2-4179-8a7a-6523357846f3,8,9,1,0.15551958265310745,0.1526156302279784,-0.07325637666887118,-0.13151172968063052,0.559612755887573,0.1319014371535621,0.11049066690450327,-0.1378433874189453,-0.36405889454819196,0.9304816636303573,0.3481839643163095,0.1633356531557151,0.1719527699568332,0.16663656280110703,0.04201943118001405,-0.044729150879811434,-0.10688106790679126,0.1239192804327616,-0.02258888469927389,0.28514388879101793,0.7331036501809943,0.6918485194274531,-0.049601835441241623,1,1,1,1,0,train
f9dc5598-86d2-4179-8a7a-6523357846f3,9,10,1,0.15514521025026617,0.15207496340872864,-0.07336860552605358,-0.6899622104105287,-0.17276687182562359,0.13142144846272288,0.11031874936788834,-0.13686725658178783,0.2597783294920286,0.025054439627261064,0.3614572680983631,-0.15701415130361907,0.17202080897827482,0.16659524020749886,0.042857759605776036,-0.044729148651517114,-0.10684874977682461,0.23448243607425287,0.09194539718775047,0.2428925525387559,0.6498873141157834,0.6236719836376363,-0.04960183547020859,0,0,0,0,0,train
f9dc5598-86d2-4179-8a7a-6523357846f3,10,11,1,0.15438919607753818,0.15246706172523838,-0.07112402838240552,0.5047950309976936,1.4699204442379166,0.1296060155495912,0.11032557149235718,-0.13182063202311212,0.4032603179963017,0.3102341359197751,0.3613944666706044,0.08541272774669098,0.17197952687537765,0.1665305780008342,0.04303656392036164,-0.04472914817623638,-0.1043171629294371,0.35969032472291945,0.32947734964129616,0.11671034179353403,-0.09016218279720864,-0.0022879748524309708,-0.04960183531963289,0,0,0,0,0,train
f9dc5598-86d2-4179-8a7a-6523357846f3,11,12,1,0.1563143667834112,0.15282086919052645,-0.07458781901998969,0.4429885177092384,0.4517837605213435,0.13226980056746193,0.11067759311494965,-0.13847913833882305,0.8794965770923202,-0.09780365871090328,0.3595351637942328,-0.08774932871780768,0.1719149280291775,0.16664957176576145,0.041629579149852006,-0.044729151916038774,-0.10768902115595748,0.6193582054945478,0.2837147550172551,-3.775787497434981,1.6588277581858752,1.4394551257475265,-0.04960183585974951,0,0,1,1,0,train
f9dc5598-86d2-4179-8a7a-6523357846f3,12,13,1,0.15638100264799462,0.15284537533530831,-0.07468729459794683,0.3962606797051406,0.4993669662780534,0.13228705174662528,0.11068714408920603,-0.13850726891049908,0.21672629879633445,0.3951179936466942,0.3539293434194475,0.13736134468604425,0.17203380519585354,0.16666296334702335,0.042438595392895045,-0.044729149765665846,-0.10783983909580185,0.5693309319345419,0.5517669127542254,0.04788286544095768,-0.2649820036825928,-0.15761145654380576,-0.04960183554455023,0,0,1,1,0,train
f9dc5598-86d2-4179-8a7a-6523357846f3,13,14,1,0.1563834257703431,0.15284997023745492,-0.07468474394210177,1.5395058395987433,-0.7056583642684588,0.13226980056746193,0.11069533063856865,-0.13844256859564424,-0.8865191130986126,-0.4983956908925176,0.35762574664722546,0.13736134468603847,0.17204718365512578,0.16666296334702335,0.04254118803241137,-0.044729149492974275,-0.1079367934857018,0.8623632377647815,1.0216577894868064,-0.11502138900471282,-1.2998950679131516,-1.184809415515315,-0.049601835522980184,0,0,0,0,1,train
ba585a69-519b-4d85-b9c0-fad82a168c01,0,1,1,0.15566375843284241,0.15222812681361525,-0.0742052206432315,-1.2615505863611,-0.29924180050210286,0.13163049216317294,0.11014273855659211,-0.1378096307329341,1.4380965770994676,1.1821545412760222,0.17878948291537658,0.24125857856474497,0.15239728491777207,0.1661919623032117,-0.1045356199781954,-0.04472954045230585,-0.10418789040957051,0.8411205108251356,0.9265221655105366,-0.07912753312191712,-0.9385262281523219,-0.7995376199146218,-0.049601834317266766,1,1,0,0,0,train
ba585a69-519b-4d85-b9c0-fad82a168c01,1,2,1,0.15638221420916887,0.15284384370125947,-0.07469239590963693,-0.6075258319385431,-0.5356644419790559,0.13224037208535974,0.11066531329090572,-0.13842287719547106,0.9501694889460924,0.26853683655878563,-0.15805580741524988,0.25857478421119734,0.17157664413043688,0.1664062276034022,0.040899705800150135,-0.044729153856214066,-0.10543752476828094,1.2720424463348312,1.223034515688584,-0.13948920639081674,-0.4241293248572092,-0.30245111730308055,-0.049601835553969145,1,1,0,0,0,train
ba585a69-519b-4d85-b9c0-fad82a168c01,2,3,1,0.15639190669856282,0.15284997023745492,-0.07470259853301715,1.8592907613479777,-0.7198894651783792,0.13215614574003276,0.11065712674154311,-0.1382062717935658,0.2869140513781335,1.3571340419089082,-1.0081061187379474,0.12004513903959955,0.1717906994787925,0.16590346938116945,0.04639280884168149,-0.04472913925414208,-0.09378145256030952,1.596187188960169,1.7836040097607924,-0.3285286285465938,-1.687103582565454,-1.6462911922384875,-0.04960183583037849,0,0,1,1,0,train
8c0b9e48-ee19-4fe7-8b1f-1c7076959464,0,1,1,0.15609628577204737,0.1525650863043658,-0.07455466049400399,-1.1958097503138683,-0.23806193922018762,0.13205669776603227,0.11044836973279641,-0.13836098993778384,0.5862051780667853,1.617080304542799,-1.3782723241784922,0.3711301209131185,0.1690305322100853,0.1666388585007519,0.01959268018174491,-0.044729210490413604,-0.10783983909580185,-0.013467591131038528,0.037454043187964935,0.18077619598154132,-0.3706079154160848,-0.25330769563807354,-0.04960183535569434,1,2,0,0,0,train
8c0b9e48-ee19-4fe7-8b1f-1c7076959464,1,2,1,0.15637009859742643,0.15284690696935718,-0.07466178803949627,-0.8289664957957024,1.7865150580490787,0.1322647266912374,0.11069123736388733,-0.13843694248130906,0.23599997210202533,2.2210295975739744,0.04301152738532719,0.26723288703441966,0.17202310242843577,0.16668285941061248,0.042204097931143436,-0.044729150388958104,-0.1078075209658352,0.30012084673335016,0.25427420118787436,0.14408758395726493,0.03074206086023955,0.10311852542304509,-0.04960183541891197,0,0,0,0,0,train
8c0b9e48-ee19-4fe7-8b1f-1c7076959464,2,3,1,0.15638948357621432,0.15284997023745492,-0.07469749722132704,1.2413706447755168,-0.5525191603316352,0.1322941551733396,0.11070078833814372,-0.13849882973899627,0.5633575704331513,1.6840939418364975,0.33116668046726677,0.28454909268087014,0.17206706022318738,0.16668592034347235,0.042517738286236215,-0.04472914955530355,-0.10789370264574626,0.5371467725292365,0.5668685067075088,0.032693080479530186,-0.5123185300544479,-0.38429543233516467,-0.04960183552834353,0,0,1,1,0,train
8c0b9e48-ee19-4fe7-8b1f-1c7076959464,3,4,1,0.15639190669856282,0.15284997023745492,-0.07470259853301715,1.8598406148646582,-0.7198899220656949,0.13215919006576748,0.1106885085140998,-0.1381500106502138,-1.5342701927866311,0.721912262551324,0.22145639231993236,-0.7717394517525992,0.1720701181567353,0.16668209417739752,0.04257050021513032,-0.04472914941506262,-0.10782906638581297,0.8788721699636597,1.3948136972329501,-0.23994666228225198,-2.547021687360117,-3.0070200506163474,-0.049601835631082114,0,0,1,1,0,train
ee9d89b8-7c30-4487-9441-bfd31787a53a,0,1,1,0.15574493303151674,0.15239048002279507,-0.07410574506527437,-0.307595736556058,-0.6329716814130405,0.13169340822835693,0.1103337580417198,-0.13759021227386123,0.35957972703162755,0.9401614033494377,0.03345112013531142,0.24991668138797116,0.15543687086442207,0.16622371948163278,-0.08146986339665313,-0.044729479137318326,-0.10667638641700249,0.8321354837693954,0.8469417907205439,-0.04464309825507463,-0.5677258824198484,-0.4363655933378149,-0.049601835377558016,1,2,0,0,0,train
ee9d89b8-7c30-4487-9441-bfd31787a53a,1,2,1,0.15638100264799462,0.15284537533530831,-0.07468729459794683,-0.3072137739483167,-0.04988300823310654,0.13227487444368644,0.1106844152394185,-0.13847913833882305,0.5796780365229999,-0.26906063316968154,0.24154460255059054,0.2585747842111954,0.17160837019099673,0.16663388448485464,0.03939892204493986,-0.04472915784516557,-0.10761361218603531,1.1850458673092337,1.1415533349108282,-0.11718016324506315,-0.4136221625191267,-0.2927775321716089,-0.04960183546168013,0,0,0,0,0,train
ee9d89b8-7c30-4487-9441-bfd31787a53a,2,3,1,0.15638463733151733,0.15284843860340605,-0.07468984525379188,1.599304567518597,-0.7105858801793004,0.1321987663003187,0.11067895753984341,-0.1382794112799234,-0.3128277040224644,1.1337558426806205,-0.1810455704799318,-0.46004775011650084,0.17201813328642038,0.16648389877472128,0.04369022559499424,-0.04472914643874344,-0.10371389117005966,1.5071126652307028,1.626968106059308,-0.2791097364535326,-1.369743199151713,-1.263813645915961,-0.04960183555302984,0,0,1,1,0,train
4600757e-8fa1-4134-8049-333b7b3bbb7c,0,1,1,0.15619078754363838,0.15275807219452295,-0.07443222901344136,0.1455477611186173,-0.29488700272675955,0.13171776283423461,0.11018776457808649,-0.13795872276281693,0.32347881871693673,1.0568764192454816,0.290343849350535,0.28454909268087397,0.1655697159172069,0.1665447348153111,-0.006225490357106822,-0.044729279117355226,-0.10498507094874786,1.15417276852273,0.9969957979001782,-0.038926081262479074,0.26003274546496397,0.2991794803874748,-0.049601835476700676,0,0,0,0,1,train
4600757e-8fa1-4134-8049-333b7b3bbb7c,1,2,1,0.1563555598633355,0.15283005899481966,-0.07465923738365123,0.5516460897074527,-0.5243109771024451,0.13199885557707278,0.11047975150535311,-0.13813594536437576,0.41109001117847227,0.7488002311874226,-0.09053285413322293,0.2932071955040963,0.17192907097183668,0.16660595347250837,0.04207219310890816,-0.04472915073957542,-0.10718270378647998,1.3490836131499606,1.1449637179432834,-0.0625064435334948,0.444047595663949,0.4535214543149397,-0.04960183549224254,0,0,0,0,1,train
4600757e-8fa1-4134-8049-333b7b3bbb7c,2,3,1,0.15639190669856282,0.15284690696935718,-0.07470769984470726,1.8539985291489682,-0.7198367400827456,0.13214802753807353,0.11059709204621726,-0.1383075418515994,-1.6155972637860443,-0.9470140625369956,-4.15389751146248,-4.598620899618155,0.17199022964279545,0.16628570337204504,0.04499461772598754,-0.04472914297136678,-0.09892003522500672,1.510840866533769,1.8969626404483921,-0.37133818018927045,-2.342990585164849,-2.6205141716145817,-0.049601835485192376,0,0,0,0,1,train
78812943-0bde-4325-8bb7-2890fe492e67,0,1,1,-2.616036855495908,-12.746903588085244,-15.720184515120756,0.4687133756434869,-0.5572862017422827,0.011077222619170074,4.829983161881443,9.927348297742832,-0.1935931805704443,1.2538836032555258,0.13280297884959508,0.3105234011505467,-6.241329898395072,-6.252552487654458,0.03907795364416735,-0.965384995071374,-0.15883784818317398,-3.1495815874354753,-3.0358245124227667,1.0713297926324665,0.823851953746129,0.7874804552841616,-0.04960183557989901,0,0,0,0,1,train
78812943-0bde-4325-8bb7-2890fe492e67,1,2,1,-2.44486264655408,-8.225217378107576,-8.550511566402792,0.7375472908951226,-0.010770560228315957,0.66344375475956,3.1741635012494833,4.705093327865135,0.09541232157732624,-0.17821991694821415,-0.5384047251626921,0.3105234011505467,-6.24087827983421,-6.271981185057537,0.19138405505183492,-0.04485986340590648,1.7358609983065743,-3.0595607511030565,-2.8272967487906877,0.9606193331773696,0.035843976809338755,0.14532019322994114,-0.04960183549838114,1,1,0,0,0,train
78812943-0bde-4325-8bb7-2890fe492e67,2,3,1,-3.3406316122922357,-3.8451636660796393,0.6294952204488902,0.41546390375885317,-0.06049981098663266,-0.4733348735125465,1.5162726436287814,4.438255164118032,0.04814332157629809,-0.9236421582532447,0.012365699354787636,0.35381391526666994,-6.260287939667204,-6.257307455543954,-0.06987396391303625,-0.04432576192921676,0.05069405427809765,-2.831599999275452,-2.5835638421576563,0.8893683225178153,-0.15398921250084488,-0.0338458816234411,-0.04960183544224327,0,0,0,0,0,train
78812943-0bde-4325-8bb7-2890fe492e67,3,4,1,-3.467184023186673,-2.273472791933444,3.5132845734585696,0.46256830941860555,0.1535815076085405,-0.7444300506379298,-0.27654073403718527,1.493485033815898,-0.8783150832246598,-1.0709063339986882,-0.48789969008756406,-0.009826403308789332,-6.245628588480085,-6.228845658308958,-0.17550407836361478,-0.04488608111612332,0.5787157412057008,-2.565153288902514,-2.1927709025240674,0.7559730706681579,-0.9393434453311621,-0.7822640567692133,-0.049601835529413614,0,0,0,0,0,train
78812943-0bde-4325-8bb7-2890fe492e67,4,5,1,-3.9369280985420407,-3.5764476620103585,2.3323538731008817,-0.4253788700089945,-0.5091960053612311,-0.7827966730972276,-0.8117950688886012,0.49629846375895253,-1.7418575932804257,-1.3199318669177862,0.33459601903760616,-1.0228244336261392,-6.217194680065857,-6.242423382550406,0.1465598652380156,-0.04455393383090808,-1.652945394203816,-2.1379418194265716,-1.746954094528764,0.6297462910844392,-1.195361327308598,-1.0622916231208381,-0.049601835462567606,0,0,1,1,0,train
78812943-0bde-4325-8bb7-2890fe492e67,5,6,1,-2.718120576915323,-4.323442435616941,-1.4775403574104577,-1.425298441845465,-0.5831624268454453,-0.6185400780809813,-1.035031354607974,-0.419286943980231,0.22809513562015407,-1.496979980085547,0.34685054410268507,-0.9102690969242008,-6.2307590999219675,-6.252552487654458,0.12014006214885739,20.580863320566028,0.41084460144893703,-1.6505787318556375,-1.5024801249417787,0.6052352151482105,-0.13209120507099228,-0.037617300494701036,-0.049601835514642936,1,1,0,0,0,train
78812943-0bde-4325-8bb7-2890fe492e67,6,7,1,-2.669750208594823,-3.1575503445476,0.36220689313392546,-0.733447790109537,-0.6163321997783245,-0.91089784091282,-0.9679685066543221,0.5294222119074512,0.22967809132491493,-0.965008461856133,0.36077279597157874,-1.4124390606712618,-6.24087827983421,-6.231582227939829,-0.11811155740447739,-0.04485986340590648,-0.3594822649036171,-1.3833218978560295,-1.3105144816865826,0.5732618767613602,0.1772140277919197,0.22960816499290423,-0.0496018355548724,0,0,0,0,0,train
78812943-0bde-4325-8bb7-2890fe492e67,7,8,1,-3.8998967312512858,-3.177430954501883,2.9188822859828836,-0.11673430852079673,1.19926808001311,-0.8731329801737497,-1.1244243803730531,0.10216665012074917,-0.42340443379422715,-0.9616991256133637,0.3603668069436436,-2.035822463943474,-6.219928568218136,-6.299780385982523,0.5650059296423956,-0.04491790343209193,-0.7194550623596399,-1.1734667131107777,-1.025201043141317,0.46598107551993256,-0.3626193014276355,-0.2454575967875937,-0.04960183552054479,1,1,0,0,0,train
78812943-0bde-4325-8bb7-2890fe492e67,8,9,1,-3.297401898034051,-3.2850512209454665,1.4712499091545939,-1.2107652588420854,-0.22295286132422285,-0.8169621260426264,-1.0200404183001313,0.16166562227267225,-1.5004605708496035,-1.1602577024526095,0.3615961924688596,-0.36480861906100515,-6.288059901028727,-6.246447744027913,-0.3660391284733378,-0.04587108990718765,-1.347186259766847,-0.861564524047584,-0.7877992725304066,0.41625050148521703,-0.0896818804309941,-0.0016254531929821737,-0.04960183547625195,0,0,0,0,0,train
78812943-0bde-4325-8bb7-2890fe492e67,9,10,1,-3.401671275811801,-3.4158343891100533,1.4729690511941607,-0.4425763587758985,-0.21792249867044372,-0.9453890367118327,-1.2088809168724752,0.128342147065274,-3.21212419806583,-0.6655159728571828,0.3612656920258062,-0.11372363718747854,-6.234779518054119,-6.374646977568737,1.0246729837998678,-0.04486639912553607,5.518280668390772,-0.6020389569429923,-0.6032013651759596,0.38714370133351883,0.22202587768676219,0.26710405932453235,-0.04960183550873933,0,0,0,0,0,train
78812943-0bde-4325-8bb7-2890fe492e67,10,11,1,-0.9129634862793398,-1.034504908758648,0.19925059250507535,-1.2933371585104898,-0.28014156137606294,-0.5129638763765038,-0.3887442151762986,0.6205061899371953,-3.6957686538190506,-0.5124603033523324,0.3615974611845719,0.18065185880216938,-6.3628531331943465,-6.188409587380324,-1.3842197793531277,-0.045108673993575474,0.09009254788494,-0.400238117508638,-0.37161282745802954,0.30664940162122445,-0.05572929116416475,0.027959261733916507,-0.0496018355171642,0,0,0,0,0,train
78812943-0bde-4325-8bb7-2890fe492e67,11,12,1,-0.61699726482925,-1.1476834751655667,-0.6123145336185617,-1.0398447606088776,0.44175874095070283,0.05791620359816417,0.08118827788591508,0.0068377688250955615,0.16895401768507382,-1.287666215791862,0.36164820981306384,0.3971044293827951,-6.17679823117252,-6.29145302248311,0.8319549088821511,-0.045075397290930644,9.536549971439081,-0.1470675264405749,-0.15534986646232285,0.2541129237598569,0.03398431846671594,0.10595421338376067,-0.049601835503430586,0,0,1,1,0,train
78812943-0bde-4325-8bb7-2890fe492e67,12,13,1,-0.38015038243754934,-0.5296522884735183,-0.0817220034186075,0.6971915386997162,-0.7029070586246083,0.13342258524567188,0.12686240120484035,-0.10830628715913761,-4.034002784325964,-1.8734139819625941,-9.810267207430744,-8.425502347483704,-6.279740697251139,-7.161784132425929,6.7101306291832215,-0.044854270945985306,24.350011909117196,0.08934927639834027,0.484130377813971,0.013858195603008142,-1.9834043283534317,-2.0478839191141978,-0.04960183550598658,0,0,1,1,0,train
614cd0eb-b1fe-4543-bac1-9a9fc1e1958a,0,1,1,0.13940460747449376,0.14734834073392755,-0.04810180872494242,0.8029457632829299,2.3405496698402786,0.1250882361592824,0.1092162940537228,-0.12158391699021306,-0.16324488835805356,0.729358025000388,-0.649530265687094,0.21528427009506643,0.17120892762129739,0.16449084886634194,0.05275355249169378,-0.044729122339287795,-0.06719440430774627,-0.524617167269133,-0.7253262590921383,-4.231523353992143,1.4224291192469947,1.2490487508755632,-0.04960183558477784,1,4,0,0,0,train
614cd0eb-b1fe-4543-bac1-9a9fc1e1958a,1,2,1,0.1417114199502535,0.14399406216691057,-0.058544193754596074,-0.32290477629451925,0.8382452495138324,0.12800267066264423,0.10764993427567571,-0.13289240680396802,-0.2389240962110548,-0.7780323399600644,0.2734667585877011,0.2672328870344178,0.16987719756117053,0.16404433528540918,0.04596191975571291,-0.0447291403969479,-0.0818776080225938,-0.5337439977285885,-0.7066786354425245,0.6375102757064991,1.2516222007610558,1.1116585311355358,-0.04960183512795627,0,0,0,0,0,train
614cd0eb-b1fe-4543-bac1-9a9fc1e1958a,2,3,1,0.13818941161672746,0.14220511359783486,-0.05410860324004608,-0.04575249231937948,-0.5475866115224158,0.12500603936444526,0.10717784326243154,-0.1255587667680329,0.3205879762078032,-0.03674705743696527,0.3319964205431091,0.14601944750927043,0.16943112150486514,0.1639444723508561,0.04330623600137598,-0.044729147458613235,-0.08367665059073727,-0.5133585764641837,-0.9504663020621974,-3.900124463063724,2.865758413440477,2.447244665788765,-0.04960183677724883,1,1,1,1,0,train
614cd0eb-b1fe-4543-bac1-9a9fc1e1958a,3,4,1,0.11440404264397774,0.13642625833146269,-0.013657752193324706,0.4260997281007377,-0.42566443843526525,0.09974929829405109,0.1029262952934466,-0.06431007305786215,-1.0298121366677326,0.6904739676767434,0.36068842637671095,0.3278396067969972,0.16933135642286368,0.16139968929448617,0.06203672075878545,-0.04472909763126174,-0.03261400524343184,-0.7798651499819974,-0.9662944312268177,-4.22696931317939,1.4697570358046141,1.2871125921849305,-0.049601836370118356,1,1,1,1,0,train
614cd0eb-b1fe-4543-bac1-9a9fc1e1958a,4,5,1,0.08432582493220696,0.11711541624335767,0.017506160921552757,-0.17663877750155058,0.20072904854838847,0.0901779381841247,0.08508507538252004,-0.07456085337659922,-1.3869875653997756,-0.18814783691391584,0.36150547929543037,0.3797882237363466,0.16678906691944703,0.15801544540129836,0.06846781364732323,-0.04472908048695875,0.033939797067887356,-0.7971683242046753,-0.9411611844653628,0.669210444602337,1.2105963669280508,1.0786518867399855,-0.049601836072465905,0,0,0,0,0,train
614cd0eb-b1fe-4543-bac1-9a9fc1e1958a,5,6,1,0.010934295241228636,0.08751658824901838,0.12272326518590129,0.6073317061563751,0.77203872636469,0.016581363547524687,0.06998634950806963,0.09832682708697417,-2.307144466878415,0.7384586774773519,0.36163044779309167,0.38844632655957084,0.16340813914050847,0.15553149838551822,0.061570657053554134,-0.04472909882472147,-0.05909332639610626,-0.7696928757185029,-0.694162452932498,0.3880924288282431,-0.1450523290730601,-0.05046632337099358,-0.049601836968766466,1,2,0,0,0,train
614cd0eb-b1fe-4543-bac1-9a9fc1e1958a,6,7,1,-0.0962210212535694,0.03588520446173885,0.2623308622091214,0.23308085872598877,0.14738179920398164,-0.014195754855142554,0.03244829183069034,0.10625120912810544,-1.4115663458430148,-0.45206533854417236,0.36153656283038166,0.3884463265595689,0.1609266260663571,0.14685834512709184,0.1089860438197287,-0.044728972335763464,0.18113810635598473,-0.4996759937456961,-0.6262271363958132,0.48501325006101964,0.9407631353189334,0.8608235189636888,-0.049601834758375075,0,0,0,0,0,train
614cd0eb-b1fe-4543-bac1-9a9fc1e1958a,7,8,1,0.10537791189586318,0.129520120405125,-0.0061562733530190405,-0.553120977115013,1.2967365178279915,0.11895087547810825,0.1009833542447192,-0.12154453418986666,-0.8760829400599512,0.47205919585567,0.36136845799850226,0.3971044293827951,0.15226197135827582,0.16269484651081637,-0.07878193624132536,-0.044729472169709926,-0.08781337122646835,-0.42540969191802636,-0.46210908394931965,0.3593205483778315,0.345618522103205,0.37133017246162536,-0.04960183517671836,0,0,1,1,0,train
614cd0eb-b1fe-4543-bac1-9a9fc1e1958a,8,9,1,0.1290082010383097,0.14706192516678956,-0.026691603561553864,-0.8702593511685757,2.537963331136455,0.12504663037424138,0.10776454596675232,-0.12446167447266862,-0.557643227532972,0.059222894739888336,0.36158287095388053,0.3538139152666719,0.16808295505191814,0.16475906310818758,0.026727265455537497,-0.04472919153890408,-0.08545414773890296,-0.2459972531494678,-0.0991024121247218,0.20111639214038626,-0.780049453878113,-0.6408541344170413,-0.04960183543605089,0,0,1,1,0,train
614cd0eb-b1fe-4543-bac1-9a9fc1e1958a,9,10,1,0.1385238025008187,0.14398640399666623,-0.05184617150548262,-0.8238171219279499,-0.13472388260125306,0.11949073590839672,0.10790098845612925,-0.10877888076329453,-0.17118666634710628,-0.1418176620907828,0.355340155291522,0.3711301209131223,0.17014514898830857,0.16402596968825,0.048157402241362314,-0.044729134558923876,-0.06475977185025872,0.150838508123913,0.31253218675907246,0.08282652430794402,-1.0248434413510599,-0.8883314651927497,-0.049601835690421446,0,0,1,1,0,train
614cd0eb-b1fe-4543-bac1-9a9fc1e1958a,10,11,1,0.14283938340347427,0.14084195929434393,-0.06616810407546436,-1.5633736895065413,-0.5748897811069511,0.1278311736462556,0.10623366123594323,-0.13533695348261304,0.00039720021276042506,-0.5563086757092521,0.35974830803389873,0.3538139152666719,0.1694127739035775,0.16542787693806799,0.03180120428418785,-0.044729178045380694,-0.10531902495840323,0.6008338996506104,0.5075881624252174,0.08478385881420172,0.15961602196253952,0.2138808399243217,-0.04960183515367754,0,0,1,1,0,train
614cd0eb-b1fe-4543-bac1-9a9fc1e1958a,11,12,1,0.15620774940007778,0.15273662931783882,-0.0745036473771029,0.4350406742950517,1.4494276813720908,0.13208917057386915,0.1105998208960048,-0.13813875842154338,0.46124801008023736,0.01702923488565621,0.36046132626420974,0.32783960679699525,0.17081330746853293,0.1664016362041124,0.03508123753043843,-0.04472916932235485,-0.10528670682843658,0.8140674091211976,0.7737033959759033,-0.01107970429876782,-0.2540060866575644,-0.1477540586137426,-0.04960183553315631,0,0,1,1,0,train
614cd0eb-b1fe-4543-bac1-9a9fc1e1958a,12,13,1,0.15639190669856282,0.15284997023745492,-0.07470259853301715,1.7046222325789517,-0.7184051805021603,0.13215208663905315,0.11064348249260542,-0.13822315013657138,-0.1423797276774087,-0.26508921664810386,0.2605480608472346,0.18930996162539557,0.1717861125784706,0.16536397996461832,0.05049065198579079,-0.044729128358996235,-0.07872120399585109,1.1049822861446068,1.3075868115140898,-0.19847885173031696,-1.5783740519526421,-1.5104803550536923,-0.04960183611466849,0,0,1,1,0,train
bee7543e-97f3-4e1d-b893-9e20ce63a1e5,0,1,1,0.15614232509666864,0.15263860473871138,-0.07452915393555344,-1.210087059415261,-0.2563732597463682,0.13210439220254272,0.11049885345386587,-0.13838912050945984,-0.024740110030585065,1.266293680737865,0.15931279365804568,0.2326004757415207,0.17202348467012926,0.16663311925163968,0.042588087524761696,-0.044729149368314694,-0.10748433966616872,0.08691718598866438,-0.042004094864585104,0.27797352797614217,0.6434603747564263,0.6183982906172325,-0.04960183567994127,1,1,0,0,0,train
bee7543e-97f3-4e1d-b893-9e20ce63a1e5,1,2,1,0.156313155222237,0.15276419873071842,-0.07467964263041166,-1.5961738922287485,-0.7157207887146344,0.13220789927752283,0.11059026992174842,-0.13848757751032587,0.0459585361101801,-0.03600251669710129,0.32328668717818865,0.3018652983273244,0.1720173688030334,0.16667061567917302,0.04225392864176566,-0.044729150256509774,-0.10789370264574626,0.21325789585435082,0.03943195813129325,0.2890777700093383,0.8561307516101342,0.7921155475471772,-0.04960183548919331,1,1,0,0,0,train
bee7543e-97f3-4e1d-b893-9e20ce63a1e5,2,3,1,0.1563107320998885,0.15276113546262068,-0.07467964263041166,-1.208148761029537,-0.7067300000451348,0.13219064809835948,0.11058754107196088,-0.13844538165281187,-0.1371269379610599,0.8969744899330837,0.11021983917070442,0.2932071955040963,0.17205482848899561,0.1666690852127431,0.04255291290549895,-0.044729149461809545,-0.10785061180579072,0.30228308628207384,0.17072482515890217,0.20934353032466013,0.5463508892092204,0.5383841630583098,-0.0496018354837003,1,2,1,1,0,train
bee7543e-97f3-4e1d-b893-9e20ce63a1e5,3,4,1,0.1563749448421234,0.15284384370125947,-0.07467709197456661,-0.5090462686481326,-0.6375350253638928,0.13227994831991094,0.11069533063856865,-0.13847069916732027,-0.19081342743768867,0.8269826896799294,0.35202246370386475,0.29320719550409435,0.17205329952222165,0.1666870681932948,0.0424034207736323,-0.04472914985915872,-0.10789370264574626,0.4458113155974874,0.35818719170923324,0.12813745699225645,0.20498336468740297,0.25252624861402473,-0.04960183563689197,0,0,1,1,0,train
bee7543e-97f3-4e1d-b893-9e20ce63a1e5,4,5,1,0.15638221420916887,0.15284537533530831,-0.07468984525379188,-1.2910041114805788,-0.5214781963296625,0.13228502219613547,0.11069805948835619,-0.13847913833882305,0.3952144388371071,1.1784314825262778,0.33527858809082206,0.19796806444862175,0.1720712648818158,0.16668821604311723,0.042532394377595685,-0.04472914951634774,-0.10792602077571291,0.650743557107516,0.5577348402090788,0.06946375823827756,0.13287707330632606,0.19102181074446786,-0.049601835474168694,0,0,0,0,0,train
bee7543e-97f3-4e1d-b893-9e20ce63a1e5,5,6,1,0.15638948357621432,0.15285303350555265,-0.07469239590963693,0.23595442600547045,0.605277035284029,0.13230125860005393,0.11070215276303749,-0.13851570808200186,-0.16829248298702945,1.5306248161124905,0.36072585349022374,0.00748980233766111,0.17207241160689626,0.16668821604311723,0.04254118803241137,-0.04472914949297427,-0.1079367934857018,0.8688873245614985,0.8156377407130498,-0.019961473873365505,-0.20729926051779513,-0.10595983902120151,-0.0496018353679036,0,0,1,1,0,train
bee7543e-97f3-4e1d-b893-9e20ce63a1e5,6,7,1,0.15639190669856282,0.15285303350555265,-0.07469749722132704,1.85965848128221,-0.7198816980882594,0.13215919006576748,0.11069260178878111,-0.13814157147871098,-0.7348206283120058,-0.2377876142676364,0.3603509479972399,-2.3475141655795952,0.17207241160689626,0.1666866855766873,0.04255291290549895,-0.04472914946180963,-0.10789370264574626,1.1508245499620244,1.6282989222844197,-0.3019522454354243,-2.5083118165557234,-2.929236645724317,-0.049601835720535704,0,0,0,0,0,train
9c9d212a-7208-40fb-81f4-68146102d9cc,0,1,1,0.1562949818046233,0.15275960382857182,-0.074649034760271,-1.2475718339081874,-0.46945320718036815,0.13217441169444102,0.11058071894749202,-0.13841443802396824,0.7099303641507162,1.3696058981650845,0.08060357394069406,0.32783960679699525,0.17194932978159178,0.16658797049195667,0.042365314936097666,-0.04472914996045102,-0.1076782484459686,0.9889159010088321,0.9300664631761832,-0.0519865322931262,-0.23368051496123965,-0.12953419982123612,-0.049601835304097806,1,1,0,0,0,train
9c9d212a-7208-40fb-81f4-68146102d9cc,1,2,1,0.15638221420916887,0.15284690696935718,-0.07468729459794683,0.8655936732988333,-0.5220973756129947,0.1322647266912374,0.11067759311494965,-0.13846507305298505,0.07750263360120714,1.2988699122224905,-0.47288761142180713,0.23260047574152262,0.1719722642832013,0.16661590150430294,0.04232720909856303,-0.044729150061735175,-0.107548975926102,1.27591704195936,1.202316361248884,-0.1276993501326585,-0.288689495087647,-0.1789746039449165,-0.04960183556409512,1,1,0,0,0,train
9c9d212a-7208-40fb-81f4-68146102d9cc,2,3,1,0.15639190669856282,0.15284997023745492,-0.07470259853301715,1.8477848391335436,-0.7198877746950232,0.13214295366184903,0.11066394886601195,-0.13815563676454898,-1.6511860814376864,0.7683461120983675,-0.8482625292191881,-0.7717394517526088,0.17200016792682624,0.16657457891069477,0.042857759605776036,-0.04472914865151441,-0.10677334080690243,1.5735382813025418,1.8611302720595984,-0.3566040877885888,-2.0503006143038847,-2.1462768483916794,-0.04960183554639875,0,0,1,1,0,train
2878ac3b-92b4-4aed-80a0-d5d27d2bb978,0,1,1,0.1517976667258312,0.14845418051720893,-0.07235089384387679,-1.3402002479634023,-0.675980115327092,0.1303183877715132,0.10895159562433156,-0.13662814672254178,0.7232782801479838,-0.49467280966798555,-0.2314751169701782,0.24125857856474497,0.16959166301613185,0.16548106064650814,0.03276557509564133,-0.04472917548137122,-0.10664406828703583,-0.15656370912506498,-0.4001047191681525,-4.051744968741072,1.4948910862219371,1.3073528650352897,-0.04960183514040983,1,2,0,0,0,train
2878ac3b-92b4-4aed-80a0-d5d27d2bb978,1,2,1,0.15417717287204558,0.1509706552594961,-0.07316965437013932,-0.842231172390414,-0.16756952831196023,0.12968618279393854,0.1092203873284041,-0.1343214398451092,0.08560181217360102,-1.5326377829657205,0.30251400482074614,0.30186529832732056,0.17086643906392837,0.1661690053067627,0.03727085757954404,-0.0447291635026083,-0.10106380451279444,-0.1782146166030627,-0.4286318252350472,-4.019364829997342,1.5500273463841465,1.3517402474730438,-0.04960183599211682,1,2,0,0,0,train
2878ac3b-92b4-4aed-80a0-d5d27d2bb978,2,3,1,0.147081059074501,0.15090479499539486,-0.058340141286991706,0.7634197547184643,1.3958474195410817,0.11239745694652378,0.10799240492401178,-0.08892713633153616,-0.14635828308714505,-0.20651477289080342,0.3133704051708735,0.2239423729182907,0.17155370962882735,0.16575884030354085,0.04568345401988288,-0.04472914113964446,-0.08886909680537888,-0.2094002027965106,-0.3496180596129681,0.3962581246592346,0.8712846290521662,0.8044430566534113,-0.0496018364930112,1,2,0,0,0,train
2878ac3b-92b4-4aed-80a0-d5d27d2bb978,3,4,1,0.15185945634571762,0.1498740052805079,-0.07011651932360893,-0.3320996089340353,-0.3180177068067178,0.12175672903026542,0.10253197649914729,-0.12612981737305584,0.22429960629772816,-0.250445871996597,0.3077867873210534,0.35381391526666994,0.1711439465334037,0.16635380912817704,0.037983143619614544,-0.04472916160885507,-0.10389702723987067,-0.12302303602403596,-0.23944393940115358,0.33530705845276926,0.6769143219771626,0.6458617260014825,-0.049601834538425336,1,1,1,1,0,train
2878ac3b-92b4-4aed-80a0-d5d27d2bb978,4,5,1,0.14813390573491866,0.1497330949480122,-0.06250791293781097,0.15750016956775006,-0.45786472522443955,0.12704776715719038,0.10758171303098724,-0.13038597286763576,-0.12980820888647576,0.23130731421261655,0.3059864797253037,0.24991668138797116,0.17173833236678407,0.1658843385507953,0.04613779285202662,-0.044729139932027144,-0.09089436628328888,-0.0025816384951055232,-0.22304736636001066,0.521645751602608,1.2658691344350055,1.1231145817985069,-0.04960183663261553,0,0,1,1,0,train
2878ac3b-92b4-4aed-80a0-d5d27d2bb978,5,6,1,0.14602336616938635,0.1463037663126008,-0.06377558889280312,-0.4669838773096066,0.20090689190213343,0.12772360747029587,0.106873576511121,-0.13371944561124263,-0.13058552728539516,0.24396521689115278,0.3543600724037724,0.2672328870344216,0.17126932180886914,0.16549827839384487,0.04549878726875349,-0.0447291416302393,-0.08694078171736883,0.015342953668314993,-0.13876803543547697,0.3335539937682799,0.8383281071766221,0.7776455325786071,-0.04960183665540436,0,0,1,1,0,train
2878ac3b-92b4-4aed-80a0-d5d27d2bb978,6,7,1,0.1332486651481622,0.14567885962066338,-0.0379221412473294,-0.5090718407210237,-0.1838195449952645,0.12509331003550694,0.10654065683704131,-0.1271143873817161,0.2717606279863276,1.1903451995153747,0.3478946971339057,0.2326004757415207,0.1708836399401355,0.1647066446329624,0.04860587863696226,-0.04472913336809264,-0.07536011847931959,0.10747639099314994,-0.051183454230585464,0.3064033690846747,0.8176606779307645,0.7608244471160731,-0.049601834956217755,1,1,1,1,0,train
2878ac3b-92b4-4aed-80a0-d5d27d2bb978,7,8,1,0.13505752598130782,0.14163228246355888,-0.04846910316663029,-0.3385014748782455,0.6057027628036681,0.12391109687519478,0.1052280800892353,-0.12654333677669316,-0.12706437401916088,0.8381515108787376,0.35900610934220484,0.3711301209131223,0.17009278187630014,0.164851273710591,0.04143318752563504,-0.0447291524388751,-0.07223603258254352,0.2032230994036431,0.1503570877896256,0.1778708337342642,0.12102192018622047,0.18087957358227355,-0.04960183503697543,1,1,1,1,0,train
2878ac3b-92b4-4aed-80a0-d5d27d2bb978,8,9,1,0.1519091303538616,0.15235065753752455,-0.06609668571180283,-0.2955709278499212,-0.1434580129961172,0.12920112022687483,0.1102709944966064,-0.13081074449994345,0.5176761090733702,1.3943639193055015,0.35442731433652414,0.36247201808989615,0.1702372692364402,0.166376766124626,0.03085442078236575,-0.0447291805578256,-0.10371389117005966,0.423545480857517,0.28270528128398914,0.1786017275697077,0.5398570247214197,0.5330133937723507,-0.049601836100161834,0,0,1,1,0,train
2878ac3b-92b4-4aed-80a0-d5d27d2bb978,9,10,1,0.15558743007886508,0.15227713910317897,-0.07396290833795131,-0.7837715794775311,0.2622070630135282,0.13203234316015458,0.11050158230365341,-0.13818376733622498,0.5145199031216827,0.8977193857233721,0.32491762122634676,0.3624720180898942,0.1717612668683936,0.16648695970758115,0.041696997170105596,-0.044729151736897954,-0.10402629975973726,0.5682273839600307,0.6671427908654902,-0.00800941234180042,-0.8895481967936281,-0.7499199911192895,-0.04960183468009189,0,0,1,1,0,train
2878ac3b-92b4-4aed-80a0-d5d27d2bb978,10,11,1,0.15638706045386583,0.15284690696935718,-0.07469749722132704,0.026977719954308775,-0.6280772626985957,0.13227994831991094,0.11068032196473718,-0.13850164279616387,0.9906553537302529,0.9684560817668147,0.3090719963376105,0.31918150397377293,0.17187135247611937,0.16662661476931245,0.041471293363169674,-0.04472915233677397,-0.10739815798625764,0.9884911521436986,0.9655533748892149,-0.07091063045086074,-0.43460716578538616,-0.31211161228458395,-0.049601835323608526,0,0,1,1,0,train
2878ac3b-92b4-4aed-80a0-d5d27d2bb978,11,12,1,0.15639190669856282,0.1528515018715038,-0.0747000478771721,1.8593097515793229,-0.7198885970922962,0.13213990933611433,0.11067622869005588,-0.13812188007853776,-0.034936559735518666,1.6691196901894956,-0.575292634497734,0.18065185880216938,0.172010870694244,0.16636490500979403,0.0445461413303876,-0.044729144163554335,-0.10056825985330582,1.3147110276293719,1.6437801967600056,-0.2995189141811477,-2.1153183175550745,-2.245073069046644,-0.049601836042791635,0,0,0,0,0,train
8ee0d0e3-30f3-4dea-8046-09ff354f45fb,0,1,1,0.15635798298568399,0.15283465389696627,-0.07465668672780618,-0.25950243617880603,0.35329383708504825,0.1322626971407476,0.11067622869005588,-0.13846225999581746,0.3435788634866421,1.4689887725460118,0.32604106898958596,0.2585747842111954,0.17203839209617547,0.16667673754489276,0.042368246154369564,-0.04472914995265337,-0.10788292993575738,0.7662522122281679,0.583388544380867,0.10721335247782073,0.618904748260992,0.598199556406633,-0.04960183566500426,1,3,0,0,0,train
8ee0d0e3-30f3-4dea-8046-09ff354f45fb,1,2,1,0.1563337517621991,0.15283159062886853,-0.07461077492259519,0.024629405209992187,1.186911839047098,0.13221195837850244,0.11067759311494965,-0.1383187940802698,0.13896618894083332,0.09066136713968104,0.33188223612900236,0.25857478421119734,0.17206094435609148,0.1666752070784628,0.04255291290549895,-0.04472914946180957,-0.10779674825584631,0.896931732597648,0.7365608362740776,0.04396162824903666,0.4122690729982891,0.4270353560640213,-0.04960183552705622,1,1,0,0,0,train
8ee0d0e3-30f3-4dea-8046-09ff354f45fb,2,3,1,0.15638100264799462,0.15284537533530831,-0.07468729459794683,-0.21435348485241382,-0.4983304960447992,0.13228197787040075,0.11068305081452472,-0.13850164279616387,0.0473398921835437,-0.3362393689107033,0.35151370870323356,0.30186529832732056,0.17205941538931752,0.1666847724936499,0.04246790757561399,-0.0447291496877533,-0.10789370264574626,1.0643783603797436,0.9521134302583181,-0.042543152581120305,0.03821342562106366,0.10956941441124421,-0.049601835499855945,0,0,1,1,0,train
8ee0d0e3-30f3-4dea-8046-09ff354f45fb,3,4,1,0.15638827201504008,0.15284997023745492,-0.07469494656548199,0.404775856280769,0.6842304379796637,0.1322961847238294,0.11070215276303749,-0.13850164279616387,-0.04940310875709436,0.7227395300400618,0.26568001590347684,0.3105234011505467,0.17206897143165484,0.16668362464382744,0.042549981687227054,-0.04472914946960077,-0.10786138451577962,1.300018596131443,1.1885296899732731,-0.11324937792826092,-0.08367881611949576,0.003390010568911382,-0.049601835500270565,0,0,1,1,0,train
8ee0d0e3-30f3-4dea-8046-09ff354f45fb,4,5,1,0.1563834257703431,0.15284997023745492,-0.07468474394210177,1.7270963081838135,-0.6446918239905349,0.13221906180521675,0.11069533063856865,-0.13830191573726422,-1.2760488861018973,0.47785077837768297,0.2179921640675048,0.1373613446860423,0.17206782470657436,0.16663656280110703,0.04290172787985447,-0.04472914853465421,-0.10661175015706918,1.5584668112284976,1.689995308430725,-0.2977598010193701,-1.440423454614131,-1.3454996458944786,-0.049601835518919855,0,0,1,1,0,train
9a1756a9-335d-4167-b137-6ed033672c21,0,1,1,0.15139058217128537,0.1502952046439461,-0.06842798515418276,-0.12881026137271587,1.9944781540769194,0.12878709192695437,0.10906620731540817,-0.13214694665455382,0.5664222471639556,1.3630910779286687,-0.05769785714111451,0.34515581244344573,0.010119664007797548,0.1666258495360975,-1.1989147554450335,-0.04473244930608388,-0.10633165969735822,-0.3411916388173207,-0.427914007721754,0.37700340563279283,0.6081246616718151,0.5893700682312297,-0.04960183532215383,1,3,0,0,0,train
9a1756a9-335d-4167-b137-6ed033672c21,1,2,1,0.15478295345916734,0.15174872535632014,-0.07314924912337889,-1.076671566745305,-0.6148411854297717,0.13212570248268568,0.11050976885301603,-0.13842569025263865,1.1088268869454816,0.06153924370835403,0.29077140654557915,0.28454909268087014,0.17201010621085702,0.16667444184524785,0.0421689233118807,-0.04472915048245337,-0.10775365741589078,-0.20861549088498757,-0.22812134040039153,0.2800507420444282,0.1313701190148917,0.18977486053281295,-0.049601835464624267,0,0,0,0,0,train
9a1756a9-335d-4167-b137-6ed033672c21,2,3,1,0.15495741826825843,0.15220208903478452,-0.07276154943493059,0.3087411773770277,-0.4848942764699279,0.13220688450227794,0.1106312026685615,-0.13840037273813025,0.7324163767165142,0.7741167466453437,-0.046803395319618205,0.22394237291829644,0.17205865090593053,0.16662776261913492,0.04289879666158257,-0.04472914854244414,-0.10643938679724706,0.009796129030422804,0.03159705485933435,0.18971872730474654,-0.21768639272170967,-0.11519925808269188,-0.049601835568830493,0,0,1,1,0,train
9a1756a9-335d-4167-b137-6ed033672c21,3,4,1,0.155835800119585,0.15248544133382477,-0.07413890359126007,0.333639744449671,1.0700674535080585,0.13224341641109444,0.11065985559133064,-0.13844256859564424,1.0766300641686652,-0.05163893738551778,0.18724483877998147,0.24991668138797307,0.17201201741932448,0.1665554480803206,0.043095188285799536,-0.04472914802041511,-0.10544829747826982,0.2937180376321321,0.2912595248251055,0.12011798001115435,-0.21734796811255883,-0.11491464297964767,-0.04960183545809816,0,0,1,1,0,train
9a1756a9-335d-4167-b137-6ed033672c21,4,5,1,0.15638100264799462,0.15283924879911287,-0.07469749722132704,1.771445619711909,-0.7116845843826138,0.13218050034591045,0.1106707709904808,-0.1382456545939122,-1.3396728196982386,-0.760493026522339,-1.8658702215914122,-4.14839955281044,0.17193977373925448,0.16590155629813202,0.04755064005908004,-0.044729136176254715,-0.08952623211470075,0.5775788091850664,0.9445126119260315,-0.11048454252849164,-2.0312840969255914,-2.1179766947178975,-0.049601835563162326,0,0,1,1,0,train
678a2d98-d330-4057-b9df-d384d262e7f7,0,1,1,0.14687630523605383,0.14334311769614244,-0.07050166835621217,-1.2305320935402997,-0.5663178856558837,0.1207490572120766,0.10070774041617782,-0.1270975090387105,0.13753814231209646,1.0674867461267858,-0.17081210954454235,0.28454909268087014,0.1415710534329924,0.1617490182571182,-0.15351920851983383,-0.04472967102139498,-0.10092375928293897,-1.178217901421894,-1.1477989114754295,0.5414458909958029,0.32738032500366837,0.3563491852397492,-0.04960176992580066,1,2,0,0,0,train
678a2d98-d330-4057-b9df-d384d262e7f7,1,2,1,0.15313280713984762,0.1507945173438765,-0.07126431445388351,-0.4466054168933184,-0.6593561992691465,0.1271167718738438,0.10765266312546325,-0.13043098178231738,0.30203111461009524,-0.3055456147759867,0.01676306801360983,0.35381391526666994,0.1671380535856054,0.16430948859439495,0.0229254753568896,-0.04472920165072693,-0.0803694286241502,-0.9955874558199485,-0.9285439898224896,0.4602278757010012,0.016079053059904178,0.09072752201489734,-0.04960182521752566,1,2,0,0,0,train
678a2d98-d330-4057-b9df-d384d262e7f7,2,3,1,0.1550676703351146,0.1525696812065124,-0.07238150171401744,0.07584087999433865,-0.29399833422270916,0.13066138180429046,0.10973341108846134,-0.1359670782881556,0.6910103060826212,1.244700224029688,0.325507574032565,0.20662616727184602,0.16969601499845524,0.16470396631671,0.03951910199408756,-0.04472915752814157,-0.07378730282094267,-0.7558998674080155,-0.6143135021133349,0.3489910694993746,-0.5214636839135439,-0.39262229357340545,-0.04960181305717679,1,1,1,1,0,train
678a2d98-d330-4057-b9df-d384d262e7f7,3,4,1,0.15485443556844772,0.15229245544366762,-0.07239425499324272,-0.17795536160879885,-0.5775075221944878,0.13037825951096246,0.10977570826016818,-0.13509503056619937,0.46304751203909084,0.5991370684872456,0.15443140995498209,0.15467755033249084,0.1700901061844457,0.1647315147124488,0.04233014031683493,-0.04472915005410903,-0.08515251185921424,-0.41238580972253797,-0.39924025113602196,0.3199346848553592,0.04093977433670146,0.11200888767392275,-0.04960181762409995,0,0,1,1,0,train
678a2d98-d330-4057-b9df-d384d262e7f7,4,5,1,0.15559954569060752,0.15266157924944437,-0.07334820027929315,0.4315179863804934,4.844928400784792,0.13108555785665996,0.11035695326491388,-0.13585736905861917,0.7911992983968743,0.9721787854661347,0.24747965465271696,0.14601944750926657,0.17011762758637713,0.16522011612020468,0.03879802229920137,-0.04472915944455836,-0.09784276422611841,-0.17726958760978628,-0.24447067615446977,0.3060680245437385,0.40249061824687493,0.41890646019900285,-0.049601835546535265,0,0,0,0,0,train
678a2d98-d330-4057-b9df-d384d262e7f7,5,6,1,0.15634223269041883,0.15281167938623327,-0.07466178803949627,-0.8616774929851552,-0.026684079467732862,0.1321977515250738,0.11063393151834904,-0.13836942910928662,1.2607356643676935,0.5924353142024089,0.17635101131634132,0.15467755033249084,0.17060575022896668,0.16547226046453603,0.04060951519123252,-0.04472915462831991,-0.10746279424619094,-0.0080768237383866,-0.05318220934354197,0.23674383535427518,0.1820739490837207,0.2330544525282065,-0.049601859309845016,1,1,0,0,0,train
678a2d98-d330-4057-b9df-d384d262e7f7,6,7,1,0.1558551850983729,0.1528055528500378,-0.07364662701316453,1.4932052817999153,1.1530322346936355,0.13133417779166123,0.11061619399473002,-0.13601208720283722,0.6962539033942555,1.283419537956434,-0.31690535817342436,0.19796806444861983,0.17085764750497803,0.16528133477740198,0.04400386595008701,-0.044729145604334816,-0.10169939440213853,0.20103807756131065,0.2383656206719029,0.12573403399264496,-0.39667353228196767,-0.2771856726764268,-0.04960190088053211,0,0,1,1,0,train
678a2d98-d330-4057-b9df-d384d262e7f7,7,8,1,0.15639069513738857,0.15285303350555265,-0.07469494656548199,-0.09326885652047535,-0.5440889912988894,0.13227994831991094,0.11068987293899357,-0.13848195139599068,0.8601118561606077,-0.7254971263957617,0.31690568150318976,0.31918150397377293,0.17066690889992542,0.16540415470840403,0.04160026696713306,-0.04472915199443639,-0.10792602077571291,0.5197556495834719,0.6206860637165622,0.0047964249106983185,-0.8788412872375743,-0.7391458124261614,-0.04960211050823563,0,0,1,1,0,train
678a2d98-d330-4057-b9df-d384d262e7f7,8,9,1,0.15639190669856282,0.1528515018715038,-0.0747000478771721,1.858178969621942,-0.7165732326649026,0.13215208663905315,0.11066804214069326,-0.13817251510755457,4.992276800760057,-2.2437257550622887,-0.47835387306823973,-7.6809055046863275,0.17078960848353641,0.1647632718908699,0.04745097863783561,-0.04472913643887167,-0.08988173154433388,0.937705058897119,1.543360100647315,-0.2829474979951545,-2.762391468530719,-3.4891142601291296,-0.04960274863988551,0,0,1,1,0,train
4496e9e9-bbd3-4c0b-81ae-78c866bcb87a,0,1,1,0.15596301404288057,0.15248544133382477,-0.07440672245499082,-1.2287794894054012,-0.299418513059957,0.13171979238472442,0.11015911165531733,-0.13802342307767174,0.7430842225386508,1.270016384437185,0.2780690248340593,0.2326004757415188,0.17108431682921893,0.16609171675205112,0.039533758085447034,-0.044729157487444625,-0.10625625072743605,0.7554935458201554,0.669089165596303,0.03351663638249649,0.04098182900453447,0.11196631777914876,-0.04960183492083626,1,2,0,0,0,train
4496e9e9-bbd3-4c0b-81ae-78c866bcb87a,1,2,1,0.1559024359841684,0.15245327701879857,-0.07433275343548423,-0.8730782136338978,0.08270938914677786,0.1317441469906021,0.1102669012219251,-0.1378687049334537,0.4865920370246428,1.1555353458111572,-0.12358733894355876,0.22394237291829644,0.17147649680674193,0.1660197848298443,0.043092257067527645,-0.044729148028084295,-0.10331530090047099,0.9906189122042591,0.8446469397708961,0.0032315640964228035,0.2765225354413212,0.31311112079116055,-0.04960183563834551,1,1,0,0,0,train
4496e9e9-bbd3-4c0b-81ae-78c866bcb87a,2,3,1,0.15636282923038097,0.15284537533530831,-0.074649034760271,1.0028852771945502,-0.404333413148888,0.13218963332311456,0.11064484691749918,-0.13832442019460503,0.2686283001296964,0.9284337327827009,0.18075155176444424,-0.009826403308783566,0.1714046353683654,0.1660810034870416,0.04207219310890816,-0.04472915073967748,-0.10327221006051546,1.1825371560532256,1.186731861449023,-0.1397004613449359,-0.6705404224974838,-0.5343791272652466,-0.049601835620427255,0,0,1,1,0,train
4496e9e9-bbd3-4c0b-81ae-78c866bcb87a,3,4,1,0.15639069513738857,0.15284997023745492,-0.0747000478771721,1.8109761600361276,-0.7191214247187112,0.13214701276282864,0.11062710939388018,-0.1382428415367446,-0.018043184566752777,0.1940772592908109,0.06678599111806495,-0.7457651432829322,0.17146579403932413,0.16520863762198018,0.04922436569233212,-0.04472913172504062,-0.08337501471104855,1.556501440599154,1.7602404772312328,-0.3233619583173418,-1.7382594992681242,-1.7121409928988187,-0.04960183550796999,0,0,1,1,0,train
3108892c-5ace-4934-93fd-c3cffb6afd9c,0,1,1,0.15543598493208463,0.1527871732414514,-0.07279470796091629,0.8442242680832525,0.16605082816363886,0.1310043758370677,0.11037469078853288,-0.1355957547420323,0.3750256622701907,-1.6971932250461772,-0.4432732492653652,0.12004513903959764,0.1720617088394785,0.16628493813883008,0.045548617979375705,-0.044729141498744754,-0.09688399303710783,0.013527436690704834,-0.30699245554622123,-3.8665533835328234,1.8883919590186677,1.6253216543063607,-0.04960183543587686,1,6,0,0,0,train
3108892c-5ace-4934-93fd-c3cffb6afd9c,1,2,1,0.15298741979893837,0.1518635979099851,-0.06917787797262882,0.6545476794252812,0.8699394708753029,0.1277317256722551,0.10918354785627232,-0.1289794442838354,0.28687557360690435,-0.7366661251197822,-0.13542635961286034,0.24125857856474497,0.17166952886195547,0.16616632699051032,0.04344986569669884,-0.04472914707751924,-0.09970644305419518,-0.07642509347233932,-0.3946240989689852,-3.8825861993464836,1.9218483800576645,1.6525351615510733,-0.04960183565607784,0,0,0,0,0,train
3108892c-5ace-4934-93fd-c3cffb6afd9c,2,3,1,0.13120960769191026,0.14986634711026356,-0.026655894379723096,0.92779833405129,2.0619517168885038,0.09623411684570662,0.10608493892252238,-0.04805341568629753,-0.7900222114417633,-0.5110539486214782,0.34622379854081026,0.24991668138797307,0.1715510339369729,0.16438256836642423,0.056206527615986164,-0.04472911315754864,-0.05317910861220949,-0.17222324989331333,-0.4033655409563582,-4.14100405089908,1.424909440734954,1.2510470115046635,-0.049601835910769124,0,0,1,1,0,train
3108892c-5ace-4934-93fd-c3cffb6afd9c,3,4,1,0.138087640478091,0.1398647767711673,-0.05779175028030496,-0.36170343741865046,1.1122534047442172,0.1038297095538066,0.09147331273514761,-0.09923417779362524,-0.8229234349529236,-1.3144715464416927,0.36069096380813553,0.3711301209131223,0.16976902316191225,0.16324084040969472,0.05128794335574625,-0.04472912623166945,-0.05924414433595062,-0.18177931884447135,-0.39057227226808505,0.5923581194345404,1.2886590594598388,1.1414525245640943,-0.049601839146970854,1,1,1,1,0,train
3108892c-5ace-4934-93fd-c3cffb6afd9c,4,5,1,0.14904984598264678,0.15037791288258487,-0.06336238264590427,-0.3002721969973489,-0.27833790766359284,0.12422263287538005,0.10559920366034053,-0.1266417937775592,-1.6050637531389311,-0.11939693789386807,0.35939497070802395,0.36247201808989615,0.1686284139485315,0.16558628021356597,0.024572820025694626,-0.044729197260968516,-0.09751958292645194,-0.16779382790688643,-0.4001304914422939,-4.1305543064955526,1.4300768337579557,1.2552037553812956,-0.04960183469026221,1,1,0,0,0,train
3108892c-5ace-4934-93fd-c3cffb6afd9c,5,6,1,0.022917846815671758,0.14654270122422391,0.19579190317918127,1.380995673347791,5.364172329399915,-0.08803587555051932,0.10214175097952928,0.4546314609924505,-1.5908931923358611,-0.1484365121015335,0.3607607431723119,0.38844632655957084,0.17097155552963872,0.16442695189289225,0.05142277939625342,-0.04472912587744929,-0.07935679388519519,-0.1782427906307665,-0.38814239197547273,0.598508120867687,1.293752513317898,1.145550193163151,-0.049601836893077386,0,0,1,1,0,train
3108892c-5ace-4934-93fd-c3cffb6afd9c,6,7,1,0.025403970345219556,0.12655334525247117,0.1572693479513212,-0.589767699750785,6.274404631357534,0.03487979076361805,0.04928120174512144,0.004913637722456661,-1.9657654966463474,-0.06057413636473416,0.36164123187664615,0.3884463265595689,0.16981336319835735,0.16339771321876279,0.050426165183809095,-0.04472912852401317,-0.052468109752943214,-0.16513750373831051,-0.33500309184102695,0.4312454277371322,1.0338660532808224,0.9361234313141013,-0.049601836421044904,0,0,1,1,0,train
3108892c-5ace-4934-93fd-c3cffb6afd9c,7,8,1,-0.08001760210923595,0.07970525459980078,0.3011926546643737,-0.2601948243296184,-0.582312856465985,-0.02836303204923525,0.035631495107853975,0.15208716261699176,-1.3423899783885547,1.1806654597962942,0.361354502125667,0.3711301209131185,0.1687851330428633,0.13496356003365795,0.2603746739082931,-0.04472856761742916,0.7339720375654827,-0.10704607936752973,-0.04353065612574534,0.20133036453808192,-0.39628412962770654,-0.2768019758732012,-0.04960183604134037,1,2,1,1,0,train
3108892c-5ace-4934-93fd-c3cffb6afd9c,8,9,1,0.1278039092311116,0.13841738259498873,-0.03855215324105789,-1.3771692650368361,-0.6301365962152985,0.10923440250816072,0.09699650470512548,-0.10282926485381898,-1.5180182096021364,0.08015435993186294,0.36018982110177816,0.3538139152666719,0.1403788415909902,0.1626577326998905,-0.16962332170562533,-0.04472971377903123,-0.08119892729329418,0.21158907225626641,0.2957528819947692,0.09974152631222288,-0.6557332537642601,-0.5201223212024889,-0.04960183425122383,1,1,1,1,0,train
3108892c-5ace-4934-93fd-c3cffb6afd9c,9,10,1,0.15250521845158943,0.1483975100574009,-0.0739348511236557,-1.580730626082369,-0.7169775095968648,0.12755616955488686,0.105578737286934,-0.1359248824306416,-1.1054105198719446,0.8068786695019047,0.36153275668324475,0.3884463265595689,0.16804587760764939,0.16519448080750332,0.02310721088974709,-0.04472920116037014,-0.10618084175751387,0.5824909084700027,0.5439884432790051,0.0557868932119905,-0.15193539611378537,-0.05676079948799307,-0.04960183532958027,1,1,1,1,0,train
3108892c-5ace-4934-93fd-c3cffb6afd9c,10,11,1,0.15564800813757726,0.15205964706823996,-0.0744526342602018,-1.3163361090038708,-0.3815718282609415,0.13124487757010975,0.1096856562171794,-0.13768304316039207,-0.6877589436517333,1.5924259581262925,0.36105508521756485,0.3711301209131223,0.1705801400355027,0.1661012821672382,0.03559420072802007,-0.04472916795970561,-0.1076782484459686,0.85385988205447,0.6781737027078254,0.07133553111295202,0.5285603817230522,0.5236641946307772,-0.04960183537206326,0,0,1,1,0,train
3108892c-5ace-4934-93fd-c3cffb6afd9c,11,12,1,0.15470056729931878,0.15277492016906047,-0.07126686510972857,-0.4741193488385719,-0.3134311986733738,0.1304188505207586,0.11054797275004156,-0.1336153624960414,0.027377017310768328,1.9595111716610576,0.33610325330381524,0.3538139152666719,0.17148605284907922,0.16638441845677568,0.04037208651120902,-0.04472915525870358,-0.101473167492372,1.0005500497845876,0.7865751788521086,0.0617433307963972,0.6879493405345769,0.654883069266105,-0.04960183518209743,0,0,1,1,0,train
3108892c-5ace-4934-93fd-c3cffb6afd9c,12,13,1,0.15638948357621432,0.15285303350555265,-0.07469239590963693,0.5188344227120613,-0.3181565205689569,0.13228502219613547,0.11068714408920603,-0.13850164279616387,-0.035918551895288954,0.3951179936466942,0.2932695077830924,0.2932071955040963,0.17176891170226347,0.16661857982055533,0.04074728245001159,-0.04472915426121425,-0.1077428847059019,1.1190536081149443,0.9468749479179651,-0.016384295852899026,0.368881381715355,0.3907621868683875,-0.0496018355193323,0,0,1,1,0,train
3108892c-5ace-4934-93fd-c3cffb6afd9c,13,14,1,0.15639190669856282,0.15284997023745492,-0.07470259853301715,1.8594390146313213,-0.7198890996685527,0.13215005708856334,0.1106707709904808,-0.13816126287888417,-0.8679701075164492,0.3325719558426039,-2.8452381880371416,-0.503338264232628,0.17200284361868068,0.16646935934363694,0.043684363158450444,-0.04472914645431937,-0.10373543659003742,1.2942919324395548,1.7378530475161633,-0.33043275638940806,-2.451395970504828,-2.818887067318905,-0.049601835711212204,0,0,1,1,0,train
06449b5f-e977-45df-aee9-bffbb05cf1e9,0,1,1,0.15626832745878996,0.15280248958194007,-0.07452150196801828,0.10410848674610987,-0.5418240585293023,0.13225457893878836,0.11068168638963095,-0.13842850330980624,-0.28779695448516734,-1.4254161940785786,-0.10093441990049175,0.28454909268087397,0.17206285556455897,0.16668056371096757,0.042526531941051895,-0.0447291495319301,-0.10783983909580185,0.7229833329978061,0.38080006604528704,-3.7555570502126203,1.644358796018472,1.4277808891185169,-0.04960183565960692,1,3,0,0,0,train
06449b5f-e977-45df-aee9-bffbb05cf1e9,1,2,1,0.1561326326072747,0.1527657303647673,-0.07429704425365347,-0.01872874572072726,0.0193013459617285,0.13217441169444102,0.11067486426516211,-0.1382203370794038,-0.5565304451315541,-2.0084338443925676,0.29806842496485664,0.319181503973771,0.17206476677302643,0.16667673754489276,0.04257050021513032,-0.04472914941506255,-0.1077428847059019,0.6754637562063998,0.29656512004980556,-3.701991077455889,1.900582629764953,1.6352486831097182,-0.049601835693375354,1,1,0,0,0,train
06449b5f-e977-45df-aee9-bffbb05cf1e9,2,3,1,0.1561556522695853,0.1527059966368615,-0.07444498229266663,0.005618457248651054,1.0925109420852508,0.13215411618954295,0.11060800744536742,-0.13830191573726422,-0.5153890759051122,-1.350212164833346,0.3602500850981123,0.3971044293827951,0.17206094435609148,0.16664536298307914,0.042781547930706765,-0.04472914885409512,-0.1071072948165578,0.5833788401030094,0.27333600304270356,-3.8539193771641633,1.5165327740148555,1.324777712356128,-0.049601835529286195,0,0,1,1,0,train
06449b5f-e977-45df-aee9-bffbb05cf1e9,3,4,1,0.15553896763189534,0.15260337715558747,-0.07331759240915249,0.5226833973288257,1.0699224375016907,0.13162947738792805,0.11053023522642257,-0.13700790944016789,-0.6738177068154327,-1.5050878228134195,0.3601282883897317,0.3971044293827951,0.17202960053722513,0.16654817836477845,0.04328571747347272,-0.04472914751397717,-0.1051466615985811,0.5579849698336611,0.28790572081632265,0.3971371806000269,1.2774263884797803,1.1324118167962065,-0.049601835943224815,0,0,1,1,0,train
06449b5f-e977-45df-aee9-bffbb05cf1e9,4,5,1,0.15547475488966042,0.1519999133403342,-0.07418736605231611,-0.6488975615109246,-0.41160785738135763,0.1317066003065407,0.11019185785276779,-0.13791933996247052,-1.0193270303189639,-1.5445513224296048,0.3588621101088591,0.40576253220602126,0.1719325111470781,0.16649078587365598,0.04298087077319563,-0.044729148324264764,-0.10621315988748052,0.5739124595824615,0.35393678162855896,0.22512112732480616,0.9527705291068623,0.8705146605010862,-0.04960183532665258,1,2,1,1,0,train
06449b5f-e977-45df-aee9-bffbb05cf1e9,5,6,1,0.15500466915405392,0.15225722786054371,-0.07276920140246575,-0.12566025674830958,0.7655054674388684,0.13175327996780622,0.11039242831215187,-0.13763522118854285,-0.5431759198341395,-1.4209485945889704,0.35504581324626905,0.38844632655957084,0.1718751748930543,0.16650723838777776,0.04241514564671989,-0.04472914982800351,-0.10490966197882567,0.6460970454838855,0.4154581142568436,0.21558195337152739,0.9811219934757406,0.8934655770007701,-0.0496018355220416,1,1,0,0,0,train
06449b5f-e977-45df-aee9-bffbb05cf1e9,6,7,1,0.1560550926921231,0.1525696812065124,-0.07446028622773697,-0.7114464202065154,-0.2012032702255152,0.1320364022611342,0.11052614195174126,-0.13814438453587857,-0.6288634254952755,-0.21098219485519945,0.2711557929177517,0.3364977096202195,0.17189161128587446,0.16663082355199477,0.04159440453058927,-0.04472915200954058,-0.10712884023653557,0.7133516354488181,0.43375015966654645,0.3342945102874327,1.2538851651995804,1.1134681405311402,-0.04960183540878513,1,1,1,1,0,train
06449b5f-e977-45df-aee9-bffbb05cf1e9,7,8,1,0.15618472973776715,0.15267689558993305,-0.07455466049400399,-0.6281127533034631,-0.569387927966495,0.13218557422213495,0.11059163434664218,-0.13842287719547106,-0.11333659551130176,-1.8528135125287208,0.29928195154366893,0.36247201808989615,0.17201507535287244,0.16666985044595806,0.04224220376867808,-0.04472915028767458,-0.10763515760601307,0.733348341649618,0.481782253214512,0.2224248629486182,1.066064992973686,0.9621150359367624,-0.04960183579067814,1,1,1,1,0,train
06449b5f-e977-45df-aee9-bffbb05cf1e9,8,9,1,0.15624651935765357,0.15272131297735017,-0.07461077492259519,-0.470204232109224,-0.2732960999847365,0.1322576232645231,0.11065576231664934,-0.13849039056749346,0.05830876560418412,0.3348055780621958,-0.21840734513351673,0.3278396067969972,0.17205406400560863,0.16663809326753695,0.04278447914897866,-0.04472914884630317,-0.10687029519680238,0.7858566118498728,0.6685004394169183,0.04527047792897266,0.2094474428574986,0.2563135325320904,-0.04960183540414096,0,0,1,1,0,train
06449b5f-e977-45df-aee9-bffbb05cf1e9,9,10,1,0.15636282923038097,0.1528331222629174,-0.07466944000703145,0.3901520833563656,0.3383297751954512,0.13228908129711509,0.11069396621367487,-0.13849882973899627,-0.4077623299591884,0.5023394937712299,-0.010033476545819932,0.3364977096202195,0.1720223379450488,0.1666797984777526,0.04222168524077481,-0.04472915034221152,-0.10781829367582409,0.9899753218250427,0.9788545514545599,-0.07726274284319651,-0.5001051750250352,-0.3728946357791068,-0.049601835512777005,0,0,1,1,0,train
06449b5f-e977-45df-aee9-bffbb05cf1e9,10,11,1,0.15638463733151733,0.15284843860340605,-0.07468984525379188,1.225218805622065,-0.19381430720918902,0.13225356416354347,0.11069260178878111,-0.13840318579529784,-1.6259563033636324,0.015374522382968537,0.03878670406337742,0.27589098985764393,0.17206400228963944,0.166648423915939,0.042781547930706765,-0.044729148854095416,-0.10705343126661339,1.3292517590754618,1.4471962333407618,-0.22893292568878912,-1.292839380446915,-1.1769252504147403,-0.0496018355337089,0,0,1,1,0,train
03be41f5-3b69-4b74-ae5e-7e314922554d,0,1,1,0.14984220699060208,0.1487145583055162,-0.06780052381629932,-0.2793925455322025,1.0038159726556186,0.13137578357670227,0.11034467344086996,-0.1366872209230614,0.047490889988520954,0.7651815476661273,-0.5157866958017133,0.2672328870344178,0.16814105578932895,0.16222308023378973,0.046600925338986035,-0.04472913869471122,-0.07711607020750752,-1.6189357313883364,-1.7294725373449704,-4.4564212226546,1.4422474747544929,1.2649025054157848,-0.049601835456563596,1,2,0,0,0,train
03be41f5-3b69-4b74-ae5e-7e314922554d,1,2,1,0.14236323986199653,0.14509224377994764,-0.0580876263583313,0.6566148092668369,0.1221272891082703,0.1280594980763588,0.1095751378007841,-0.12908071434186902,0.28170872465747804,-0.7195402679012134,0.1409849264781999,0.28454909268087203,0.16761165104384224,0.1506803024192403,0.1309701808589417,-0.04472891386174192,0.23038016371516895,-1.6314680443897416,-1.775282651744751,-4.324557480630312,1.6596318645207537,1.4396969634726837,-0.049601835183836894,1,1,0,0,0,train
03be41f5-3b69-4b74-ae5e-7e314922554d,2,3,1,0.1027173235572243,0.13613218459408039,0.010456148165821763,0.8451530630345058,-0.238569084043969,0.12431396264742132,0.10588436846313831,-0.1263070399746147,0.2646538581505188,-1.910147321340733,0.32097445279252695,0.12870324186281998,0.15608018363456944,0.14836968072665,0.06024281517638567,-0.04472910230752647,0.1211233390079175,-1.6815472661585404,-2.0404805251764397,-4.179479264784779,2.9919780804589307,2.5562055274504902,-0.04960183744640291,0,0,1,1,0,train
03be41f5-3b69-4b74-ae5e-7e314922554d,3,4,1,0.07436194583522786,0.0874890188361388,-0.010854581419609668,-0.29220490934396176,-0.2189342525938876,0.11910106221435392,0.10035571879358535,-0.1232548729477679,0.6702503792291685,-1.606352686349922,0.35773929670347604,0.2672328870344216,0.15377182604757003,0.12997576993850857,0.18345657523549472,-0.044728772786454825,0.393349720426991,-1.9714592930157138,-2.0794199850221875,-4.419600439655232,1.616713937620411,1.4047308163933683,-0.04960183219789685,1,1,1,1,0,train
03be41f5-3b69-4b74-ae5e-7e314922554d,4,5,1,0.05700633201418876,0.06587000423639242,-0.010318943692148195,-0.8869732903799451,-0.43477964704535055,0.11635203607591131,0.09655443103954425,-0.12347147834967316,0.17215283447382657,-1.441052614766995,0.36147503011833526,0.23260047574152262,0.13539593887462584,0.10875623550410464,0.20510362217343978,-0.0447287134681842,0.5107614865958269,-2.0140275745125567,-1.9706070198005967,0.7979874853539637,0.6830307508575447,0.6527889183397977,-0.049601835282641095,1,1,1,1,0,train
03be41f5-3b69-4b74-ae5e-7e314922554d,5,6,1,-0.030740986030401582,0.03628036604634633,0.12513618561532297,0.006817862996575295,1.1033498605649763,0.10181842501840858,0.09204500676563691,-0.09248002753421589,-0.728447162339176,-1.5929500210250067,0.36166026261233064,0.016147905160887294,0.11419719679524172,-0.04594866786595759,1.2277323967808305,-0.04472589133705331,4.150375419889894,-1.8950741798736046,-1.779194576825785,0.6984444350225358,0.17860990726627202,0.23242351281982773,-0.04960183485936694,1,1,0,0,0,train
03be41f5-3b69-4b74-ae5e-7e314922554d,6,7,1,0.03146177621643739,0.01318945112563953,-0.04427072364567037,-1.4253625878257763,-0.5886827582187544,0.12079979597432176,0.09566346158391294,-0.13763803424571044,-1.4346316033186022,-1.8349432477141971,0.3616494785287761,-0.3907829275306991,-0.04035611610123492,-0.08881856303479141,0.37096660808862203,-0.044728240353891245,4.201879746346743,-1.6858237489013332,-1.4979534496166003,0.5935168729968768,-0.3413262849661421,-0.22473278286916193,-0.04960183558160078,0,0,1,1,0,train
03be41f5-3b69-4b74-ae5e-7e314922554d,7,8,1,0.11195426594965725,0.14619655192918016,0.007770307560979237,0.1555398597775119,0.6025030901641134,0.10058141399487167,0.10983847180528156,-0.05236583232422945,-2.301844736484324,-2.097785190655837,0.3616589938966183,-0.8150299658687262,-0.08318400440687537,0.04940206903507744,-1.0163643439079526,-0.044732016438404174,-0.026796741849435014,-1.378373375450985,-0.9897569058937766,0.41995945888341213,-1.4707374540977538,-1.3797546824354605,-0.04960183551633981,1,2,1,1,0,train
03be41f5-3b69-4b74-ae5e-7e314922554d,8,9,1,0.12301218478697828,0.13463424649428923,-0.034764429311151764,-0.9622447948340926,8.111696574658176,0.1206526535638108,0.10187705255013806,-0.12441947861515461,-1.677598237932132,-2.002477074660625,0.36165645646519373,-0.08774932871780575,0.05490118960887666,0.05350601476694092,0.011100940848064907,-0.044729234560842365,-0.10968197250390084,-0.8228172990541486,-0.7450572575368839,0.40245085498021077,-0.13184158560324707,-0.03876582528214311,-0.04960183553486128,1,2,0,0,0,train
03be41f5-3b69-4b74-ae5e-7e314922554d,9,10,1,0.1362242593921044,0.1416230926592657,-0.050940688680488226,-1.3678599515140395,-0.41610712289839435,0.12970343397310188,0.10880696658559202,-0.13522161813874142,-0.8021289737269754,-1.5594432023781575,0.3616545533916253,0.1633356531557228,0.059001114013274035,0.04786088934013561,0.08578838241595116,-0.04472903237426571,-0.10481270758892572,-0.5553137549706479,-0.42414082094277217,0.2965499850657129,-0.5575845703363896,-0.4266484362411316,-0.04960183547815941,0,0,1,1,0,train
03be41f5-3b69-4b74-ae5e-7e314922554d,10,11,1,0.12759673227031595,0.12923829974013362,-0.053402071570965944,-0.8847424237425568,-0.5264611340891097,0.12719592434294624,0.10747801673906078,-0.13101047155884313,-1.2957030581484457,-1.0784350894844443,0.3614496558040893,0.3884463265595689,0.053361520067490065,0.0476936858826655,0.043822130417229516,-0.044729146023957014,-0.10376775472000407,-0.20449067565683277,0.0818138748515057,0.13295174831185388,-1.459985186637613,-1.3683454660671344,-0.04960183541211857,0,0,1,1,0,train
03be41f5-3b69-4b74-ae5e-7e314922554d,11,12,1,0.1388133656214629,0.13757038896596574,-0.06314047558738452,-1.087487852234491,0.6363454125197195,0.1301255804749816,0.10862822692450824,-0.13676036040941902,0.12750848260555286,-1.2020377285624726,0.3571918458736198,0.17199375597894703,0.05319448044743397,0.06266011710097352,-0.07211634589103598,-0.044729459272081516,-0.10551293373820311,0.3486146319293042,0.5480249249983196,0.012408506881331702,-1.2831374275672287,-1.1660820356692745,-0.04960183547828022,0,0,0,0,0,train
03be41f5-3b69-4b74-ae5e-7e314922554d,12,13,1,0.15632648239515365,0.15277951507120707,-0.07468219328625672,-0.7505585280468863,0.3732977534605992,0.13212671725793057,0.11052750637663503,-0.13839193356662743,-0.19540790860846505,-0.7962336449139923,0.3612555423001078,0.12004513903959764,0.068146246530075,0.06480009178662637,0.026146884237702273,-0.04472919377174363,-0.10738738527626876,0.8582725290394386,0.9278895590171196,-0.07716104461706091,-0.8663795925965075,-0.7266477048700913,-0.04960183553280764,0,0,1,1,0,train
03be41f5-3b69-4b74-ae5e-7e314922554d,13,14,1,0.15638706045386583,0.15284078043316174,-0.07470769984470726,1.8441713002258444,-0.7183199584071567,0.13214904231331845,0.11066122001622442,-0.1381781412218898,-1.5531647468791552,-0.368091652580077,0.31567629597797375,-1.8626604074789848,0.0702841243217769,0.03423629456427074,0.27668983480966103,-0.0447285140153889,0.7526626893961947,1.2735372691170617,1.61093744937376,-0.29099798706987184,-2.131128780248399,-2.26960845915103,-0.04960183674048178,0,0,1,1,0,train
c7e6eb6a-1e1d-4069-ba43-bf9554ad6d48,0,1,1,0.15639069513738857,0.15285303350555265,-0.07469494656548199,0.29026174009527234,0.5277092344866662,0.13229009607235998,0.11069533063856865,-0.13849882973899627,-0.9289987017194034,0.5887124329778769,0.03019813304898133,0.275890989857642,0.17207241160689626,0.16668821604311723,0.04254118803241137,-0.04472914949297427,-0.1079367934857018,1.6417264403346692,1.3280280898362982,-0.031951652333786586,0.9697111401558403,0.8842282773688013,-0.049601835530008034,0,0,0,0,1,train
c7e6eb6a-1e1d-4069-ba43-bf9554ad6d48,1,2,1,0.15638584889269158,0.1528515018715038,-0.07468729459794683,1.016391216046581,-0.6741853494989913,0.13228299264564566,0.11068987293899357,-0.13849039056749346,-1.2690613693008783,-1.4231823943337745,0.32647687283676,0.1719937559789432,0.17207241160689626,0.1666870681932948,0.042549981687227054,-0.04472914946960079,-0.10790447535573515,1.7109652582344814,1.6884900170379082,-0.2777068675317796,-0.7667848472851303,-0.6279034156657316,-0.049601835443330446,0,0,0,0,1,train
0a1d170c-085d-411d-8016-31ac50b73012,0,1,1,0.1558660891489411,0.15265545271324893,-0.07391954718858539,0.20051218037258423,0.8079166183900197,0.13156351699700933,0.1105152265525911,-0.13685600435311743,0.11228108586847844,-0.534136309284171,-1.0613966191594242,0.2672328870344216,0.17200819500238956,0.16661513627108798,0.042608606052664956,-0.044729149313775626,-0.10704265855662451,-0.05009894957579028,-0.24425754926015675,0.43894435999243675,1.1252226568289474,1.0098471897794028,-0.04960183575717055,1,3,0,0,0,train
0a1d170c-085d-411d-8016-31ac50b73012,1,2,1,0.15573766366447128,0.15265085781110233,-0.07365682963654475,-0.4503443344875133,1.0675718897765483,0.13085317432557714,0.11032557149235718,-0.13527787928209342,-0.10159402227927809,-0.19013363393731078,0.31494678444340285,0.24991668138797307,0.17199940344343925,0.16665110223219137,0.04226565351485324,-0.04472915022534729,-0.10757052134607978,-0.007843835256584265,-0.2829025718967392,-3.9466349182483,1.6139284720064488,1.403232366037536,-0.04960183539973977,1,3,0,0,0,train
0a1d170c-085d-411d-8016-31ac50b73012,2,3,1,0.15446552443151554,0.15232308812464496,-0.07152448135007909,0.8351285946630908,-0.5307866168376458,0.1293584103898348,0.10948099248311402,-0.1328755284609624,-0.9472948005377524,-1.156617459214345,0.35315415811923384,0.3105234011505467,0.1720353341626275,0.16652330828529205,0.04352021493522432,-0.04472914689066092,-0.10441411731933706,-0.05009024053705067,-0.2959357880911159,-4.069305869584234,1.4520590780844889,1.2728887162466396,-0.04960183552207661,1,1,1,1,0,train
0a1d170c-085d-411d-8016-31ac50b73012,3,4,1,0.1499342856398446,0.1507393785181173,-0.06462240663336126,0.5167664296781718,-0.07343899436765604,0.12438398213931964,0.1072556154813764,-0.12367401846574042,-0.6830503409990033,-0.534136309284171,0.3552024996367377,0.3971044293827951,0.17190766543700112,0.1662417024621845,0.04469856468052614,-0.044729143758283706,-0.09991112454398396,-0.06433804001781376,-0.2288637472968159,0.37981051079664885,0.9462165851465045,0.8652169033699121,-0.04960183570592203,1,1,1,1,0,train
0a1d170c-085d-411d-8016-31ac50b73012,4,5,1,0.1530128625835975,0.15048206399790778,-0.07153213331761425,-0.5246969167527263,-0.48011142105007937,0.12833247261723774,0.10791736155485447,-0.1332552911785885,-1.0315573795075261,-0.674864805580768,0.36122572748086884,0.3797882237363466,0.17162633555059087,0.16605689864077017,0.04395696645773669,-0.0447291457294753,-0.09825212720569597,0.008984536217441315,-0.2187578683452304,0.5711462025402396,1.305661124294754,1.1551291930755831,-0.04960183536390978,1,1,1,1,0,train
0a1d170c-085d-411d-8016-31ac50b73012,5,6,1,0.1533739078135221,0.15148528429991515,-0.07062154918092975,-0.45854293527469175,-0.5402825609975308,0.12902556410950658,0.10831304477404756,-0.1343608226454556,-1.0250025515454149,-0.534881027549247,0.35948124337646015,0.3884463265595689,0.17144171281263412,0.16646782887720699,0.03939305960839607,-0.044729157860964514,-0.10428484479947046,0.02003219588422247,-0.10635412893812184,0.29778150048157775,0.6630882120501858,0.6345147441236418,-0.0496018352555746,0,0,1,1,0,train
0a1d170c-085d-411d-8016-31ac50b73012,6,7,1,0.15353141076617374,0.15198306536579664,-0.0701241712911441,-0.4487381493522488,2.3477911496592028,0.12882463861101576,0.10906211404072687,-0.13225946894125784,-0.8816598244942073,0.695934288152837,0.36161078269955105,0.40576253220602126,0.17185224039144475,0.16646362009452467,0.04257343143340222,-0.04472914940726858,-0.10588997858781403,0.1429109938781829,-0.020478896446444975,0.3000531882070697,0.8283496750626401,0.7695236675536683,-0.04960183536228979,0,0,1,1,0,train
0a1d170c-085d-411d-8016-31ac50b73012,7,8,1,0.1516256250390886,0.15127545043522048,-0.0672903926472884,0.26560206150103,4.732889966315009,0.12759879011517278,0.1082311792804214,-0.130574447697865,-0.8999751427375474,0.48223529606799304,0.3610037022312168,0.40576253220602126,0.17184803573281635,0.1664835161581138,0.04238876468227283,-0.0447291498981274,-0.10534057037838099,0.23678905702526898,0.04731926554311042,0.3047325304045777,0.9416638610390351,0.8615215261229503,-0.049601835466637545,0,0,1,1,0,train
0a1d170c-085d-411d-8016-31ac50b73012,8,9,1,0.15217567381219518,0.14986634711026356,-0.07079499377839346,-1.1204401656307836,-0.709282965588889,0.12826245312533943,0.10654065683704131,-0.1358995649161332,-0.9935866720938958,0.33331649658246787,0.3606839858717179,0.35381391526666994,0.17186791230087795,0.1661869882873144,0.044812882193130045,-0.04472914345435597,-0.09858608121535135,0.3109054226855161,0.2638422102898831,0.14163234790731555,0.03249012128824009,0.10463110362667528,-0.049601835414052116,1,1,1,1,0,train
0a1d170c-085d-411d-8016-31ac50b73012,9,10,1,0.15618109505424443,0.15276726199881616,-0.0743965198316106,-0.3862149706285909,-0.6845426645787887,0.13188925985062325,0.11053705735089141,-0.13771398678923566,-0.025395770687486458,0.14716781970034926,0.3604105776357179,0.3538139152666719,0.17157167498842146,0.16659217927463899,0.039437027882474496,-0.04472915774393328,-0.10755974863609088,0.5476064375177105,0.6554315422297041,-0.0060296209555284795,-0.9255345047411819,-0.7863170578761035,-0.04960183534014363,0,0,1,1,0,train
0a1d170c-085d-411d-8016-31ac50b73012,10,11,1,0.15638827201504008,0.15284997023745492,-0.07469494656548199,-1.0954100696262656,-0.18486121361000304,0.13226980056746193,0.11068305081452472,-0.13846788611015265,0.03706847269897903,-0.6443363274185868,0.35461064375695106,0.3105234011505429,0.17197646894182972,0.16664995438236893,0.04209857407335522,-0.044729150669446036,-0.10791524806572403,0.9756885161907991,1.0099967599481503,-0.0947031846851019,-0.7361072922098295,-0.5978938715312114,-0.04960183550511474,1,1,1,1,0,train
0a1d170c-085d-411d-8016-31ac50b73012,11,12,1,0.15639190669856282,0.15284997023745492,-0.07470259853301715,1.8597603379776075,-0.7198817666176837,0.13214193888660414,0.11066258444111818,-0.13815563676454898,-1.0262688423212245,1.1277991617112841,0.14523512411439563,0.3105234011505467,0.17203418743754703,0.16656845704497503,0.04316553752432502,-0.04472914783342683,-0.10564220625806972,1.3632961526761935,1.6875219460764357,-0.31120521223724096,-2.113006054879582,-2.2415023032083083,-0.04960183559304407,0,0,1,1,0,train
1fba8209-ba0e-4a7b-9204-ff79fe43fb3b,0,1,1,0.15635192517981278,0.15284078043316174,-0.07463373082520068,0.9053492910241105,1.4503946831914902,0.13209120012435896,0.11065849116643688,-0.13802342307767174,-0.010774935013334853,0.2735006190164243,0.11151329483939144,0.319181503973771,0.17035882209497072,0.16668783342650975,0.029403467737777692,-0.044729184412943254,-0.10792602077571291,0.3884954063964691,0.23801842815116936,0.1996685101478346,0.617760452043668,0.5972630141592755,-0.04960183546624873,0,0,0,0,1,train
1fba8209-ba0e-4a7b-9204-ff79fe43fb3b,1,2,1,0.15638584889269158,0.15284843860340605,-0.07469239590963693,-0.6650331079090746,-0.6069256655935377,0.1322911108476049,0.11069533063856865,-0.13850164279616387,0.31074882470169934,-0.22785969430193473,-1.1151419541637593,0.2585747842111954,0.17207202936520277,0.16668898127633222,0.042532394377595685,-0.04472914951634774,-0.1079367934857018,0.5193761017157117,0.31882920374374185,0.2149173159275954,0.8600516329418879,0.7952977103931511,-0.0496018354850593,1,2,0,0,0,train
1fba8209-ba0e-4a7b-9204-ff79fe43fb3b,2,3,1,0.15637252171977492,0.1528515018715038,-0.07465923738365123,0.4606388587543035,0.7605351740334736,0.13229212562284978,0.11070078833814372,-0.13849320362466105,-0.23723542145438714,0.7748612873852077,-0.5461844899104987,-0.06177502024813682,0.17207317609028325,0.16668898127633222,0.04254118803241137,-0.04472914949297427,-0.1079367934857018,0.6077177442816262,0.5468213831736322,0.06165355080643645,-0.03468327759886275,0.046261854574317224,-0.0496018354325974,0,0,0,0,0,train
1fba8209-ba0e-4a7b-9204-ff79fe43fb3b,3,4,1,0.15638463733151733,0.15284537533530831,-0.07469494656548199,0.20498437985440898,-0.6975812209320394,0.13227791876942113,0.11069669506346241,-0.13846225999581746,-1.728503076144178,-0.951357483140687,0.33907204807059077,-2.330197959933139,0.17207317609028325,0.16668821604311723,0.04254705046895516,-0.044729149477391955,-0.10791524806572403,0.8569568275019886,1.0286788356337382,-0.11829377925256887,-1.353870941334123,-1.2457097334739275,-0.049601835500699513,0,0,1,1,0,train
8a1e11d7-6add-484d-bc16-6b13eabddf49,0,1,1,0.15323942452318104,0.15196468575721025,-0.06954007110262658,0.18766636785788715,2.9630063423297033,0.12451793247164686,0.10915080165882186,-0.12013800560606629,0.3792091384296503,-1.3963768861587316,-0.03843240904988109,0.32783960679699525,0.17111718961485925,0.16652483875172197,0.0364677037730448,-0.04472916563666306,-0.10688106790679126,-1.2230226843468863,-1.2054269551825536,0.5659426320643117,0.4285792139375799,0.4410474345532652,-0.049601835213392516,1,2,0,0,0,train
8a1e11d7-6add-484d-bc16-6b13eabddf49,1,2,1,0.15486291649666742,0.15194324288052613,-0.07299365911683055,-0.40585119353678534,-0.14718665824680127,0.1288652296208119,0.10832668902298524,-0.13388822904129866,0.7658272070048974,-0.16109441478006972,-0.07293259541437963,0.319181503973771,0.17190919440377508,0.1665512392976383,0.04233893397165061,-0.044729150030575614,-0.10553447915818089,-1.0585859359312517,-0.9873004752325549,0.4763763661852602,0.022647382401707123,0.0964703894877364,-0.04960183593432505,0,0,0,0,0,train
8a1e11d7-6add-484d-bc16-6b13eabddf49,2,3,1,0.14746391240556195,0.15128923514166026,-0.05850593391692026,0.7214789655999734,0.5282832676007192,0.12314595634053782,0.10780274986377786,-0.11911405279705962,0.28568412150189115,0.6259421328492581,-0.020110885448596818,0.16333565315571894,0.17193556908062604,0.1650816089082958,0.05379999741476032,-0.044729119559647784,-0.06445813597057,-0.8201319502517106,-0.7511137927582172,0.4068208961654816,-0.08260967145811986,0.004558375460256663,-0.04960183545871756,1,1,0,0,0,train
8a1e11d7-6add-484d-bc16-6b13eabddf49,3,4,1,0.15432740645765178,0.15205964706823996,-0.07167241938909226,-0.13065004793333626,1.586777851062972,0.12970140442261208,0.10921902290351033,-0.13436644875979079,0.5400067743291751,-0.0642970175892662,0.1520462244158633,-0.22627897388941698,0.1704673787359225,0.16657534414390973,0.03109771189893304,-0.04472917991018713,-0.10740893069624653,-0.5619347070130892,-0.5315010670772539,0.3537117722140293,0.014218304450614092,0.0889065851345673,-0.049601835486721015,1,1,1,1,0,train
8a1e11d7-6add-484d-bc16-6b13eabddf49,4,5,1,0.1559690718487518,0.15252066891694868,-0.07436081064977984,-0.7965525446681455,0.265349784660034,0.13175632429354092,0.11023961272404972,-0.13795872276281693,0.44062065800180356,0.6929557701429567,0.3561559394945291,0.16333565315572085,0.17195965030731605,0.16663809326753695,0.04206046823582058,-0.04472915077073405,-0.10745202153620206,-0.3218559703251927,-0.3554062898075035,0.3247037057823532,0.27321927767145665,0.3103782037074026,-0.049601835501413505,0,0,1,1,0,train
8a1e11d7-6add-484d-bc16-6b13eabddf49,5,6,1,0.15592666720765327,0.1524976944062157,-0.07430979753287874,-0.7554653448688189,-0.37699618262145823,0.1318050335052963,0.11021232422617433,-0.1381500106502138,0.9980974868486012,1.433082878181823,0.2851586082343762,0.17199375597894512,0.1720223379450488,0.16661857982055533,0.04269068016427802,-0.04472914909562095,-0.10690261332676902,-0.1293506793263715,-0.1848667364962852,0.28171597404586385,0.3067760701455168,0.33864985911737283,-0.04960183557979567,0,0,0,0,0,train
8a1e11d7-6add-484d-bc16-6b13eabddf49,6,7,1,0.15637615640329763,0.15284078043316174,-0.07468474394210177,-0.11948055493103134,-0.6862279745046349,0.13222515045668617,0.11063666036813657,-0.13843975553847665,0.6957329521235275,0.9907937241644313,0.04767152019659491,-0.009826403308783566,0.17200284361868068,0.16662891046895736,0.042462045139070204,-0.04472914970333747,-0.10664406828703583,0.05708168877671467,0.02491015697818333,0.20824164269427706,0.0722344968489252,0.13896311946838616,-0.049601835728880314,0,0,1,1,0,train
8a1e11d7-6add-484d-bc16-6b13eabddf49,7,8,1,0.15639069513738857,0.15285303350555265,-0.07469494656548199,-0.47643529387036804,-0.2983607391704092,0.13223935731011482,0.11066940656558703,-0.13841162496680065,0.44187070489472313,0.21418145699404775,-0.177559139702539,-0.2262789738894112,0.17201316414440498,0.16658376170927436,0.04288707178849499,-0.044729148573602766,-0.10647170492721371,0.2864079785693441,0.3434156897685428,0.0912953421390208,-0.544410293980131,-0.41437886041933486,-0.04960183578509304,0,0,0,0,0,train
8a1e11d7-6add-484d-bc16-6b13eabddf49,8,9,1,0.15639190669856282,0.15285303350555265,-0.07469749722132704,1.8590572678216635,-0.7198883229594362,0.13214802753807353,0.11063802479303034,-0.13822315013657138,0.6757545791695045,-0.6934793892286404,-1.3948081304147182,-0.20030466541974035,0.1719680596245729,0.16651182978706755,0.043092257067527645,-0.04472914802819648,-0.10591152400779179,0.634595478648458,1.0549373320322715,-0.14352234419432838,-2.2218235604936667,-2.4145171267682577,-0.04960183571908335,0,0,1,1,0,train
d568bf2d-dc62-430b-8234-56cc72aabbcd,0,1,1,0.15416263413795464,0.15121724834136355,-0.07272839090894487,-1.1048450315831626,-0.6467467713898429,0.12492790167058772,0.10909349581328356,-0.12139262910281622,0.6838711771133066,-1.8409000174461394,0.2106012606855173,0.32783960679699525,0.1711978426121861,0.16586712080345856,0.042124955037802274,-0.044729150599460296,-0.10741970340623541,-2.0647942640021153,-1.8097248560187555,0.6683399399351089,-0.5368536324416727,-0.40231019367272336,-0.04960183373915479,1,1,0,0,0,train
d568bf2d-dc62-430b-8234-56cc72aabbcd,1,2,1,0.15562620003644087,0.15208108994492409,-0.07437101327316005,-1.205614644135353,-0.6890413946811043,0.13149755660609064,0.10993671039763295,-0.1378658918762861,0.6399936830386029,0.5008502347662898,0.20147729164053177,0.31918150397377293,0.17125212093266198,0.16614030906120147,0.0404482981862783,-0.044729155056335526,-0.10440334460934816,-1.7191991866709329,-1.5840216156959384,0.6332167791635105,-0.02334805862591431,0.05791072745012392,-0.04960183120254179,1,1,0,0,0,train
d568bf2d-dc62-430b-8234-56cc72aabbcd,2,3,1,0.15608295859913068,0.15265085781110233,-0.07438376655238532,-0.3480605746826583,0.8396962319745215,0.13184460973984752,0.11043199663407118,-0.1378068176757665,0.4206580332298992,1.1635396025777254,-0.06623250773773796,0.319181503973771,0.17152504150181544,0.16641196685251447,0.04046002305936588,-0.044729155024934054,-0.10177480337206071,-1.4724623519312887,-1.2936899618970705,0.5365917905897898,-0.3912087850975961,-0.270996306564542,-0.04960182921310902,1,1,0,0,0,train
d568bf2d-dc62-430b-8234-56cc72aabbcd,3,4,1,0.15615080602488834,0.1526294149344182,-0.07456231246153915,-1.2652939278160062,-0.585351493490718,0.13196333844350117,0.11040880141087711,-0.13818376733622498,0.5971736817260137,0.3348055780621958,0.1918426645213466,0.28454909268087203,0.1717964331041949,0.16655276976406824,0.041462499708353986,-0.04472915236018067,-0.10733352172632435,-1.1550742932547697,-1.069376317361404,0.49612677910870956,-0.01373846439522341,0.06498266074151401,-0.04960183383794009,1,1,1,1,0,train
d568bf2d-dc62-430b-8234-56cc72aabbcd,4,5,1,0.15637373328094914,0.15284078043316174,-0.07467964263041166,-0.6400025803083896,-0.6849417327286371,0.1322352982091352,0.1106844152394185,-0.13836942910928662,0.999978772874484,1.0324908460002087,0.17410221271629447,0.2152842700950722,0.1719370980474,0.16655276976406824,0.04254118803241137,-0.044729149492974296,-0.106353205117336,-0.9098565526388906,-0.8025281773198134,0.41126801543914937,-0.25849929841999186,-0.15148396759909769,-0.04960183484097012,0,0,1,1,0,train
d568bf2d-dc62-430b-8234-56cc72aabbcd,5,6,1,0.15638584889269158,0.15284997023745492,-0.07468984525379188,0.3695360292501773,0.48686488690866214,0.13228603697138036,0.11069260178878111,-0.13849320362466105,0.6070722865758272,0.7264622337393816,0.3425286640287446,0.33649770962022335,0.1719370980474,0.1664861944743662,0.04305122001172111,-0.044729148137270275,-0.105523706448192,-0.6181404685638355,-0.5998283706858043,0.3784990749001182,0.11401239676076365,0.17497984209801293,-0.04960183517974589,0,0,1,1,0,train
d568bf2d-dc62-430b-8234-56cc72aabbcd,6,7,1,0.15638827201504008,0.1528515018715038,-0.07469239590963693,1.282186694282964,-0.4762396787193878,0.13224443118633933,0.11068987293899357,-0.13838349439512465,0.37082140072551195,-0.16258367378500985,0.27395648285264784,0.27589098985764393,0.1718705879927324,0.16642114965109406,0.04303949513863353,-0.044729148168422474,-0.10601925110768062,-0.3965507890373904,-0.14338199861587042,0.19897769825504946,-1.2383320613773332,-1.1163876190553685,-0.04960183582676766,1,1,0,0,0,train
d568bf2d-dc62-430b-8234-56cc72aabbcd,7,8,1,0.15638463733151733,0.1528515018715038,-0.07468474394210177,1.1156445233652716,0.3758456764685106,0.13222312090619637,0.11066940656558703,-0.13836661605211903,0.6008802103744079,-0.9347282527031792,0.34274751748911586,-0.9968501251564703,0.1718056069048387,0.16642114965109406,0.04254118803241137,-0.04472914949297432,-0.1079367934857018,0.10243244625798677,0.202947403182266,0.12324254152707462,-0.6929679175371057,-0.55598014285762,-0.049601835103032815,0,0,0,0,0,train
d568bf2d-dc62-430b-8234-56cc72aabbcd,8,9,1,0.15639190669856282,0.15284997023745492,-0.07470259853301715,1.8596826506675586,-0.7198900591318635,0.13215310141429806,0.11062710939388018,-0.1382597198797502,0.9580567901341533,-0.9697241528297563,-0.4115750215514751,-6.070498379566442,0.1718056069048387,0.1659658358881892,0.046029337775966496,-0.04472914022045379,-0.09511726859893102,0.48103675984571626,1.0129629532794102,-0.13686141053592119,-2.5015031051976466,-2.9157724934346136,-0.04960185204202497,0,0,1,1,0,train
155b83bd-343a-4520-b454-7e1a5e376216,0,1,1,0.15610113201674436,0.15273050278164335,-0.0742893922861183,-0.34690508384472013,0.9668124932538313,0.13225457893878836,0.11066940656558703,-0.13845382082431465,0.4139392550960459,1.2238520181622239,-1.2384928392918573,0.319181503973771,0.17189810939466382,0.1666147536544805,0.04176734640863108,-0.04472915154986334,-0.10604079652765838,0.6328367401082927,0.582140281695361,0.04805584169732359,-0.10637115074062121,-0.01654512256724591,-0.04960183550911378,1,2,0,0,0,train
155b83bd-343a-4520-b454-7e1a5e376216,1,2,1,0.15634829049629004,0.15282546409267306,-0.07465158541611606,0.0451379918706126,-0.3441451570636339,0.1322941551733396,0.11069669506346241,-0.13850726891049908,0.20654623627312155,-0.030790198942416955,0.29804368500846684,0.30186529832732056,0.17199902120174576,0.16666066764737847,0.042189441839783966,-0.044729150427917155,-0.10769979386594637,0.8955671426010454,0.8342026815959103,-0.023196379853209503,-0.1738973254020609,-0.07623635321500563,-0.049601835511469905,0,0,0,0,0,train
155b83bd-343a-4520-b454-7e1a5e376216,2,3,1,0.15638706045386583,0.15284997023745492,-0.07469239590963693,1.8347676829405715,-0.6763326238127977,0.13215817529052257,0.11069123736388733,-0.13814157147871098,-0.9705260430765484,1.5604089310600198,0.008636943876346082,0.3711301209131185,0.17204489020496483,0.1664563503789825,0.04410645858960334,-0.044729145332346044,-0.10218416635163827,1.1711195831392796,1.3822073788020777,-0.21979342273326372,-1.6364527170213587,-1.5823464062236228,-0.04960183556678318,0,0,1,1,0,train
a44fd169-0e47-4d44-8f83-d67dd1674bee,0,1,1,0.15532330974287997,0.15210559608970595,-0.07369253881837552,-0.6616876981200865,-0.053162521915864736,0.1315838125019074,0.11017821360383011,-0.13760709061686682,0.4815588965590122,-1.4946633648292629,-0.7522816481524781,0.3538139152666719,0.16516377523871817,0.16652216043546958,-0.009165502283817573,-0.044729286932544,-0.10762438489602419,-0.33006774647566045,-0.503701495554804,0.5176085653518071,1.146312417996657,1.0268536302353892,-0.049601835283434356,1,1,0,0,0,train
a44fd169-0e47-4d44-8f83-d67dd1674bee,1,2,1,0.15550262079666802,0.15234759426942682,-0.07366703225992498,-0.3935731457796969,-0.5284609980219157,0.13117181375247672,0.1102805454708628,-0.1362540101192509,0.6935995246676967,-1.5877378364142314,0.2991024282703789,0.27589098985764393,0.17190651871192064,0.16649422942312334,0.04275516696625971,-0.04472914892420264,-0.10607311465762503,-0.2914657186178752,-0.5203078100075744,-4.103040231893002,1.4746629317217017,1.291072934103801,-0.04960183581792517,1,1,0,0,0,train
a44fd169-0e47-4d44-8f83-d67dd1674bee,2,3,1,0.15574614459269098,0.15255589650007262,-0.07383282488985353,0.17172255805689995,1.2114991795671997,0.13154626581784598,0.11041016583577087,-0.13702478778317348,0.34659527575980775,-1.2869215862893917,-0.16052028768638724,0.22394237291829644,0.17187861506829571,0.16660748393893832,0.04167354742393043,-0.044729151799185844,-0.10707497668659116,-0.3096195982826393,-0.593408637639655,-3.957180785743783,1.8308569785172568,1.578584908613204,-0.04960183559333236,1,1,0,0,0,train
a44fd169-0e47-4d44-8f83-d67dd1674bee,3,4,1,0.15566739311636515,0.1524165178016258,-0.07389914194182494,-0.35430566331922786,-0.327064999130267,0.13176951637172468,0.11035968211470142,-0.13774774347524688,0.31839445126211274,-1.205016157809747,0.1297942195378822,0.18065185880216747,0.17199175860956942,0.16656156994604035,0.04289293422503878,-0.04472914855801697,-0.10632088698736934,-0.38953279226687504,-0.6688248370500176,-3.9737394904090797,1.845389223513834,1.590368302685197,-0.049601835398486956,0,0,1,1,0,train
a44fd169-0e47-4d44-8f83-d67dd1674bee,4,5,1,0.15320307768795374,0.1521301022344878,-0.06918808059600905,-0.41532699528097883,0.47671061394104147,0.12841872851305453,0.11013455200722949,-0.12892318314048337,0.6667714207943786,-1.1573621774794212,0.2990021997291074,0.2932071955040963,0.17194588960635035,0.16650953408742264,0.0429398337173891,-0.04472914843334742,-0.10694570416672455,-0.47197713069990876,-0.6012902372616773,0.47891355965209015,0.9432834073611587,0.8628628473347442,-0.049601834540931394,0,0,0,0,0,train
a44fd169-0e47-4d44-8f83-d67dd1674bee,5,6,1,0.14723008109893296,0.1487773553015197,-0.0621967329247143,-0.23728753407219122,-0.26840551055637657,0.12567274670034662,0.10733202327542747,-0.1270890698672077,-0.5949697514122777,-0.9272823127289029,0.33658219348520746,0.35381391526666994,0.1718939047360354,0.16615905727496816,0.04522618396946725,-0.04472914235568596,-0.09858608121535135,-0.3981488889637657,-0.41237009630611093,0.3340658425924044,0.19618276781587635,0.24510734058116534,-0.04960183545102637,1,1,1,1,0,train
a44fd169-0e47-4d44-8f83-d67dd1674bee,6,7,1,0.1305735380754324,0.14652278998158866,-0.030884881770823675,-0.20045274340667543,-0.28903619625434546,0.11202706398213415,0.10593485218420777,-0.0921424606741038,-0.23373402062645735,-0.2765065731439578,0.3597996910202467,0.38844632655957084,0.17154377134479654,0.16517534997712915,0.050077350209453586,-0.044729129457187246,-0.07952915724501732,-0.1916230210529917,-0.15531473724005176,0.24060893067723613,-0.20252114676846925,-0.10164652966460659,-0.04960183562534934,0,0,0,0,0,train
a44fd169-0e47-4d44-8f83-d67dd1674bee,7,8,1,0.15103196006370925,0.1489044809275756,-0.0699889865313562,-0.6767551519041035,0.5160745098321097,0.12921126797932386,0.10869781259409048,-0.1340823299858631,1.292337676484997,-0.05163893738551778,0.3512314194572474,0.3105234011505429,0.1705610279508281,0.16562071570823947,0.039129249963925514,-0.04472915856338994,-0.09168077411247734,0.08938767936099883,0.062305344380903044,0.1952599808486989,0.026028343764095626,0.09904755274268064,-0.04960183549614652,0,0,1,1,0,train
a44fd169-0e47-4d44-8f83-d67dd1674bee,8,9,1,0.15622955750121417,0.15267383232183532,-0.07465413607196111,-1.508162505144127,-0.5004856730798882,0.13210845130352233,0.11049066690450327,-0.13841725108113584,-0.14955951593209352,0.06228413949864235,0.3558723815328307,0.32783960679699337,0.171005957282053,0.16653402155030156,0.03554437001739785,-0.04472916809091344,-0.1076782484459686,0.3272880747569135,0.21732681896087477,0.18212607329770744,0.4009870528523707,0.4176244923255944,-0.049601835502733914,1,1,0,0,0,train
a44fd169-0e47-4d44-8f83-d67dd1674bee,9,10,1,0.1561084013837898,0.15279023650954915,-0.0742052206432315,0.11548514590854565,-0.593212341058956,0.131713703733255,0.1105507015998291,-0.13719919732756472,0.4962255449715403,1.8061247726859242,0.3507784879479573,0.2672328870344216,0.17191836820441891,0.16652522136832945,0.042608606052664956,-0.04472914931377313,-0.10689184061678014,0.4967562130956772,0.3613184337082323,0.15000513859313477,0.468369365818975,0.47375767412630493,-0.04960183640017875,0,0,0,0,0,train
a44fd169-0e47-4d44-8f83-d67dd1674bee,10,11,1,0.15638221420916887,0.15284997023745492,-0.07468219328625672,0.4468528139899292,-0.3498521811251976,0.13225356416354347,0.11065849116643688,-0.13847351222448787,0.8144186960972171,-0.08663501503730715,0.34394011025867527,0.35381391526666994,0.17190957664546858,0.16652369090189953,0.04255291290549895,-0.044729149461808865,-0.10651479576716924,0.654166603841501,0.6638605194864042,0.008997584670386732,-0.4573507264375591,-0.3331376581828826,-0.04960183558613305,0,0,0,0,0,train
a44fd169-0e47-4d44-8f83-d67dd1674bee,11,12,1,0.15638463733151733,0.15284997023745492,-0.07468729459794683,1.7932921544900413,-0.7189978054908409,0.13218252989640025,0.11066122001622442,-0.1382709721084206,1.1639868640647884,0.06302868023850633,0.2903349683405489,0.24991668138797307,0.1719080476786946,0.16633965231370015,0.0439511040211929,-0.044729145745224186,-0.10275511998104907,0.984903001394627,1.2094203779307764,-0.17324364499394948,-1.6264863842720654,-1.569904128554465,-0.04960183719146923,0,0,1,1,0,train
8ba738e9-9bc7-40e9-816c-5ecb5d975c47,0,1,1,0.14599186557885602,0.14111765342313984,-0.07234579253218668,-1.4813924561673537,-0.29699627972864223,0.1304168209702688,0.10891612057709356,-0.13697415275415667,0.4597212043250639,1.3042680988743225,0.02289286797757389,0.2932071955040963,0.15669521051939841,0.1653306923197673,-0.0649788293989715,-0.04472943534086494,-0.09583904016818619,-1.2229873016938873,-1.2655274515364376,0.6285917069301483,0.8004682899671384,0.747075703955982,-0.049601834865754285,1,1,0,0,0,train
8ba738e9-9bc7-40e9-816c-5ecb5d975c47,1,2,1,0.1497598208307535,0.14937469258057753,-0.06652774654961707,-0.8948931339928017,-0.5173215105677443,0.13156148744651952,0.11004177111445318,-0.13782650907593968,0.4243064530950602,0.5924356692528333,0.26397042148115635,0.2672328870344216,0.1707162180783859,0.16588280808436537,0.03831144006606679,-0.044729160737025146,-0.08880446054544558,-1.1242872799413302,-1.2653032110551576,1.1460171876012029,1.3681811921166422,1.205418844726677,-0.04960183488540618,0,0,0,0,0,train
8ba738e9-9bc7-40e9-816c-5ecb5d975c47,2,3,1,0.13875763380744768,0.147571959305062,-0.04636736275030527,0.3252074343380949,2.3870523829899972,0.13034071282690105,0.10995717677103949,-0.13461681084770727,-0.0034648169373520665,0.557439591601044,0.291667119838461,0.2152842700950722,0.17126779284209517,0.1658005455137565,0.04317139996086881,-0.044729147817643956,-0.0951926775688532,-1.1240421421821543,-1.1119916732556125,0.539288944451277,0.41102424992685854,0.4263267055558654,-0.04960183519263674,1,1,0,0,0,train
8ba738e9-9bc7-40e9-816c-5ecb5d975c47,3,4,1,0.15032198521560253,0.14745555511734817,-0.07090722263557586,-0.9205998109385178,-0.6636229448811243,0.1313280891401918,0.10984392950485664,-0.13758739921669363,0.41693583496643166,-0.4723349897451568,0.1777288365798961,0.18065185880217322,0.17118561087799436,0.16605728125737765,0.040574340571969784,-0.044729154721354816,-0.10551293373820311,-0.9564432919767993,-1.1012151435848008,0.7986203163326625,1.3013974424874701,1.151716116271489,-0.049601835571333505,0,0,0,0,0,train
8ba738e9-9bc7-40e9-816c-5ecb5d975c47,4,5,1,0.1380743133051743,0.14655189102851712,-0.04662752964650085,-0.20609305791432134,-0.46576960529933686,0.13112614886645607,0.11000629606721518,-0.1366928470373966,0.29980275573153287,-0.7470904055787265,-0.028178014305238745,-0.061775020248127206,0.17144209505432761,0.16611620421493004,0.04208978041853953,-0.04472915069291953,-0.09838139972556258,-0.9446624827307695,-0.9770324607327097,0.521929777569337,0.589985522354197,0.5745693247029504,-0.04960183570278294,1,1,1,1,0,train
8ba738e9-9bc7-40e9-816c-5ecb5d975c47,5,6,1,0.11370739496878769,0.13302449910893085,-0.017856131714284625,-0.31936374554286595,-0.3891942492289178,0.13060252484008605,0.1092026498047851,-0.13689820021063145,0.7841887435251137,-1.8781297616988237,0.3455431325611628,-0.286885693651981,0.17150096027512543,0.16596354018854428,0.0437107441228975,-0.04472914638395168,-0.10363848220013748,-0.8089070454026307,-0.6855436755874421,0.37342476527229,-0.3966038483245882,-0.27688518142065716,-0.049601835209728225,1,1,0,0,0,train
8ba738e9-9bc7-40e9-816c-5ecb5d975c47,6,7,1,0.14916615585537418,0.14519639489527053,-0.07223611433084932,-1.5508783870289198,-0.7041261711737099,0.1317126889580101,0.1099871941187024,-0.13835817688061622,0.43613578009912213,-0.8759052736488331,0.36117307577880853,-0.6591841150506627,0.17134844583942202,0.16587706883525313,0.04320364336185965,-0.04472914773195036,-0.09872612644520683,-0.4902540207230524,-0.4185357949259698,0.30830985207079326,-0.2591897223224815,-0.15229691983900404,-0.049601835374714735,1,1,0,0,0,train
8ba738e9-9bc7-40e9-816c-5ecb5d975c47,7,8,1,0.14811209763378227,0.1446450066376787,-0.07093527984987147,-1.0063778227330307,-0.5502283220561845,0.13102873044294538,0.10995171907146441,-0.13653531583601095,-0.5032198712134365,-1.4045675443980838,0.36142808763698026,-0.7630813489293711,0.1712620592166928,0.16586865126988848,0.042605674834393065,-0.04472914932154708,-0.10738738527626876,-0.19836330958073592,-0.3286299394732294,0.37827792918452036,0.8031392438311437,0.7490110141857174,-0.04960183547720316,0,0,1,1,0,train
8ba738e9-9bc7-40e9-816c-5ecb5d975c47,8,9,1,0.15592787876882752,0.152574276108659,-0.07418481539647107,-0.15786520743202606,-0.19427433553751774,0.13224950506256386,0.11065985559133064,-0.13845944693864987,-0.7650979214345738,-0.23257547403816423,0.36110202769891986,-1.9665576413576893,0.17125364989943595,0.1652534037650557,0.047254587013618635,-0.044729136961992766,-0.08811500710615706,-0.10007900419264633,-0.14661212863439418,0.2659415578639372,0.23760756119928217,0.28023469098913145,-0.049601835529127926,0,0,1,1,0,train
8ba738e9-9bc7-40e9-816c-5ecb5d975c47,9,10,1,0.156213807205949,0.15266617415159098,-0.07463373082520068,-0.03277784834885103,0.6003892557121251,0.13224037208535974,0.11066804214069326,-0.13841725108113584,-1.1234871177376184,-0.7954889266489161,0.3615042105797181,-1.0834311533887053,0.1706390052563005,0.16469095735205558,0.046850078892097115,-0.04472913803640892,-0.09511726859893102,0.09890129599435678,0.10530191930539887,0.17227669856790778,-0.17307470433364597,-0.07548136015888404,-0.049601835496804914,0,0,1,1,0,train
8ba738e9-9bc7-40e9-816c-5ecb5d975c47,10,11,1,0.15633980956807034,0.15277645180310934,-0.07471535181224243,0.786889954276622,-0.37177807358325354,0.13229212562284978,0.11069123736388733,-0.13851289502483427,-1.6597287444225437,-0.9421741039148493,0.35860582953497505,-0.4513896472932689,0.17007710996686695,0.16284024082165993,0.0567194908135678,-0.04472911178454321,-0.08343965097098184,0.3742915594492135,0.5012532773362653,0.03461688075244674,-0.9473454029098686,-0.8085162886282554,-0.04960183551086205,0,0,0,0,0,train
8ba738e9-9bc7-40e9-816c-5ecb5d975c47,11,12,1,0.15634344425159305,0.1528193375564776,-0.07465158541611606,1.7423102888665065,-0.09679609749158208,0.13224544596158425,0.11069123736388733,-0.13838349439512465,-2.6187919558778243,-0.900476893316466,0.3612897976243398,-0.46870585293971356,0.16822820689544518,0.15654160622927354,0.09079490322434793,-0.0447290210318925,0.06803542418270206,0.8071421674053416,1.0833205641579708,-0.14256583185023566,-1.7715433960890816,-1.7556977964052358,-0.04960183548420346,0,0,0,0,0,train
b8aacc15-6783-44c0-ab17-aa1bd01e8412,0,1,1,0.1481908491101081,0.1426018068164912,-0.0745036473771029,-1.5431154690848865,-0.7159791244435909,0.12882260906052595,0.10627459398275631,-0.13800091862033093,-0.30132409571615565,-0.6324227879547024,-0.024685239949284475,0.2326004757415188,0.16946972791590784,0.16408527526240987,0.042523600722780004,-0.0447291495397407,-0.10694570416672455,0.6746549698902172,0.6196219575716403,0.03825620682837357,-0.1019065226863907,-0.012617928226877897,-0.04960183547753656,1,2,0,0,0,train
b8aacc15-6783-44c0-ab17-aa1bd01e8412,1,2,1,0.15633254020102488,0.15280402121598893,-0.07465413607196111,-1.1014867818082081,-0.2935952226208872,0.13221804702997186,0.11064075364281788,-0.13841162496680065,0.4708532918752009,0.4563400484183798,-0.014740411838442649,0.2932071955040963,0.16947202136606881,0.16667214614560294,0.02272322129612884,-0.044729202169120484,-0.10786138451577962,0.9365417872416056,0.8157830470147843,0.001685404501007093,0.15303506895063085,0.20825669297266877,-0.049601835497715845,1,1,0,0,0,train
b8aacc15-6783-44c0-ab17-aa1bd01e8412,2,3,1,0.15639069513738857,0.15285303350555265,-0.07469494656548199,0.1354481950141548,-0.527063351434079,0.1322982142743192,0.11070215276303749,-0.13850726891049908,0.05755560729395935,1.3357891204977768,0.11367074590815288,0.14601944750926657,0.17205635745576958,0.1666870681932948,0.042426870519807466,-0.04472914979682945,-0.10789370264574626,1.15098339755724,1.0224853491045038,-0.05802260393186551,0.09044311614212588,0.15461033527911605,-0.0496018355062776,0,0,1,1,0,train
b8aacc15-6783-44c0-ab17-aa1bd01e8412,3,4,1,0.15639190669856282,0.15285303350555265,-0.07469749722132704,1.8596861034368941,-0.7198857643897358,0.13214904231331845,0.11069123736388733,-0.13811625396420257,-2.15583857478148,0.9634917667335395,0.03856404445586926,-0.018484506132005904,0.1720712648818158,0.16667673754489276,0.042620330925752535,-0.044729149282612644,-0.10764593031600195,1.3769485705785474,1.674443855556234,-0.30611132031963123,-2.026819184260136,-2.111388312631471,-0.04960183562158308,0,0,1,1,0,train
ba617f2e-4f4d-4b6f-830b-56dcd73f118f,0,1,1,0.15638584889269158,0.15284843860340605,-0.07469239590963693,0.8459797854922779,-0.7032256635793476,0.1322982142743192,0.11070078833814372,-0.13851008196766668,-2.792875799464589,1.317670897343147,-1.9833152350787666,-0.9968501251564608,0.17207317609028325,0.16668898127633222,0.04254118803241137,-0.04472914949297427,-0.1079367934857018,1.4919456222266656,1.4820085281865703,-0.22121553712469283,-0.7348722334377984,-0.5966931886333005,-0.049601835515935076,0,0,0,0,1,train
615ebe4d-77bf-451e-a898-d4d480a3a856,0,1,1,0.02439958613177164,0.03199025907547211,0.0019063497731986437,-1.3095712706832645,-0.2651067048103894,0.12426525343566598,0.10554462666458977,-0.12687246446530245,-0.18290192817245157,0.7823070498342718,0.05912167950007739,0.34515581244344185,0.13626936114425553,0.13523789614122333,0.008925976890318769,-0.04472923928188258,-0.06732367682761287,-0.4207123446033994,-0.4865019963430327,0.3827340141858574,0.5208494251587996,0.5173384774561276,-0.0496018362964158,1,3,0,0,0,train
615ebe4d-77bf-451e-a898-d4d480a3a856,1,2,1,-0.017791820200086336,0.018698738799411245,0.06859579749799699,-0.742678445230909,0.4986775234500479,0.12252288434016728,0.1035252778218113,-0.12620576991658106,0.011851369221406418,0.10249217985469171,0.3050704669810251,0.3364977096202195,0.1406529088852241,0.1328649079416133,0.06072060375470456,-0.04472910091627059,-0.02082866051559383,-0.2726633744931309,-0.4382961027741816,0.4686476081152316,1.0649506193452114,0.9612305325688694,-0.049601835182113606,1,2,0,0,0,train
615ebe4d-77bf-451e-a898-d4d480a3a856,2,3,1,-0.11682240746040702,-0.029239875296051886,0.19724832766670747,-0.6458227625186075,-0.4569263873675465,0.11849321184265693,0.10008419823972528,-0.12212965008072761,0.21950275216472137,0.09281244013561135,0.30630492736909026,0.18065185880216938,0.13828224590218546,0.12624793633180095,0.09323367682656462,-0.044729013898483064,0.14005099045838493,-0.21996510760975527,-0.4094422587683251,0.5130253961933432,1.1871090719225645,1.0597170167872707,-0.04960183305112753,1,1,1,1,0,train
615ebe4d-77bf-451e-a898-d4d480a3a856,3,4,1,-0.12088113739412297,-0.12247043985053735,0.050534603459165155,-1.2572828555633628,-0.3165997915592009,0.11999913830609318,0.09819992746142996,-0.1301890588659037,0.7549766780550415,1.0764219451060022,0.31808431839991386,0.3105234011505429,0.1316717580549313,0.11342568858182811,0.1407721747601588,-0.044728886211187896,0.47478063523295766,-0.18842233432083863,-0.24391559563974705,0.3001009337601567,0.337113210553971,0.36416146853394066,-0.04960183531471548,0,0,1,1,0,train
615ebe4d-77bf-451e-a898-d4d480a3a856,4,5,1,0.15243858258700604,0.14957839990907673,-0.07182800939564059,-0.47369692409018005,0.7370009128866456,0.1320120476552565,0.11049203132939703,-0.13814719759304617,0.41304560266602175,0.6832760304238763,0.3470351422388243,0.3711301209131185,0.11886207442262058,0.16601328034751708,-0.3603313136933901,-0.0447302204378147,-0.09729335601668539,-0.007470014509451975,-0.05183528528972775,0.2360399424117273,0.17734390152798626,0.2290246010149433,-0.0496018360041514,0,0,1,1,0,train
615ebe4d-77bf-451e-a898-d4d480a3a856,5,6,1,0.1553596565781073,0.15228632890747215,-0.07346808110401071,-0.714769602792906,0.043861958578955196,0.13219064809835948,0.11060937187026118,-0.13840037273813025,0.8314074170666549,1.1397125236499566,0.3462840625371444,0.2672328870344178,0.171398137259576,0.16664306728343423,0.037716402756872096,-0.04472916231730935,-0.1067948862268802,0.20251052331440433,0.23595601977606268,0.12731990838584606,-0.3757985475831799,-0.2580679593837929,-0.04960183549119627,0,0,1,1,0,train
615ebe4d-77bf-451e-a898-d4d480a3a856,6,7,1,0.15637979108682037,0.15284384370125947,-0.07468729459794683,0.3241703087489398,0.31348680627093,0.13229922904956412,0.11069942391324995,-0.13851570808200186,0.48537866273996294,1.884307231178431,0.3574595448889145,0.30186529832732056,0.17202730708706418,0.1666847724936499,0.04222168524077481,-0.044729150342210866,-0.10788292993575738,0.5171214946764573,0.47277606648369247,0.07852419282237243,-0.0860304262176316,0.0013350571050836117,-0.049601834836370234,0,0,1,1,0,train
615ebe4d-77bf-451e-a898-d4d480a3a856,7,8,1,0.15639190669856282,0.15284997023745492,-0.07470259853301715,1.8594107450823867,-0.7198869066081559,0.13215005708856334,0.11069669506346241,-0.13810781479269976,0.7881723875817588,0.11068283809404411,0.33609500665168535,-1.5163362945499759,0.17206897143165484,0.16667138091238798,0.0426437806719277,-0.044729149220283045,-0.10755974863609088,0.7760111262296473,1.2264843342936977,-0.191649636882431,-2.347917441017359,-2.6292133747065587,-0.04960183559676844,0,0,1,1,0,train
2f9afcbd-f5a8-4639-bd55-6629d55adaae,0,1,1,0.15331211819363566,0.15223731661790846,-0.06923909371291014,-1.1453652758676938,0.041447949217755804,0.1258340959642862,0.10982619198123764,-0.12239407745448208,0.29686171111810594,1.1512949785931337,0.24537231785459127,0.3364977096202195,0.17179490413742093,0.16605422032451778,0.04527015224354568,-0.0447291422386905,-0.09377067985032064,-0.4606008711744158,-0.45187950302419205,0.3373172533356251,0.09130631029131227,0.15544208741818136,-0.04960183511424851,1,2,0,0,0,train
2f9afcbd-f5a8-4639-bd55-6629d55adaae,1,2,1,0.15618230661541868,0.15272284461139904,-0.07447303950696224,-0.4380231271137309,-0.2111283000261698,0.13179793007858195,0.11042108123492103,-0.13769992150339766,0.702267302339119,0.8278099571686671,-0.6812938322601675,0.3105234011505429,0.17143903712077968,0.166660285030771,0.03789813828972959,-0.04472916183422109,-0.10773211199591302,-0.2348143635526282,-0.15032968292340448,0.22752298824060846,-0.4519648346124001,-0.3280878179756184,-0.04960183555685399,0,0,0,0,0,train
2f9afcbd-f5a8-4639-bd55-6629d55adaae,2,3,1,0.15629861648814605,0.15282546409267306,-0.07454700852646882,0.029223099012810345,0.33961381106279825,0.13216933781821652,0.1106312026685615,-0.138296289622929,0.19298203216586626,1.3953566402919868,-0.10019856478735936,0.3018652983273244,0.17204450796327134,0.16666564166327574,0.04250015097660484,-0.044729149602050856,-0.10733352172632435,0.09483729772418899,0.1323351462731875,0.15641222044981237,-0.34720822044149335,-0.2319782894940833,-0.04960183552043778,1,1,1,1,0,train
2f9afcbd-f5a8-4639-bd55-6629d55adaae,3,4,1,0.15629861648814605,0.1528009579478912,-0.07458781901998969,-0.8667531178578819,-0.1064250643680832,0.13215208663905315,0.11059845647111102,-0.13831598102310222,0.599700756611776,0.32562255388678246,-0.017999742503334228,0.27589098985764776,0.17204985934698022,0.16667865062793016,0.04244152661116694,-0.04472914975787401,-0.10785061180579072,0.40384404990212197,0.4152070777527508,0.0805176922302499,-0.34834803954304805,-0.23303227479197408,-0.04960183541669491,0,0,1,1,0,train
2f9afcbd-f5a8-4639-bd55-6629d55adaae,4,5,1,0.15638100264799462,0.15284537533530831,-0.07468729459794683,0.08904254354867716,-0.587238346367522,0.13225051983780875,0.11064621134239296,-0.13849039056749346,0.4416055363896743,0.8567664495770344,0.09512021912079896,0.24991668138797307,0.17206285556455897,0.16667252876221045,0.042588087524761696,-0.04472914936831544,-0.10765670302599084,0.7130772045087246,0.6866062519322891,0.010805281957226118,-0.2838956873864801,-0.17464509843153816,-0.049601835523380045,0,0,0,0,0,train
2f9afcbd-f5a8-4639-bd55-6629d55adaae,5,6,1,0.15639190669856282,0.1528515018715038,-0.0747000478771721,1.8595734568373228,-0.7198675802258369,0.13214701276282864,0.11065985559133064,-0.1381753281647222,-0.48190917761223606,0.19904139679887392,-0.9106015101007685,-0.3561505162377905,0.17205673969746307,0.1665757267605172,0.04328278625520082,-0.04472914752177695,-0.1052112978585144,1.0097684398327524,1.3699078043187023,-0.2263875807989968,-2.1319588042757935,-2.270899396393139,-0.04960183631235344,0,0,1,1,0,train
48910ac7-0d4f-44ba-ac17-641ddae7e130,0,1,1,0.11731542414568503,0.11519015224393285,-0.05515182148067342,-1.2388187399455337,-0.6560409969827418,0.08240171548243196,0.059161002400904494,-0.10645248248568873,0.5390071656402695,1.100621116878491,-0.3519307928428139,0.30186529832732056,0.11870229739474084,0.1569181009710369,-0.2918785733898247,-0.04473003973326873,-0.0837197414306928,0.6457578503927777,0.5693392083858294,0.060025804517929694,0.037266009641684306,0.10875456973353279,-0.049601822360389174,1,2,0,0,0,train
48910ac7-0d4f-44ba-ac17-641ddae7e130,1,2,1,0.15631557834458545,0.15281627428837988,-0.07459802164336991,-0.8124086325482023,-0.7169652338758479,0.13136360627376342,0.11007042403722234,-0.13721888872773794,0.9281164966469945,1.297008027797194,0.15268375406129264,0.2585747842111954,0.16231186996357286,0.16658797049195667,-0.0315394913531926,-0.04472934640196714,-0.10612697820756944,0.8815731197188463,0.9003653638387669,-0.06069146371192811,-0.6117445952988904,-0.4780988350012791,-0.04960182436392486,0,0,0,0,0,train
48910ac7-0d4f-44ba-ac17-641ddae7e130,2,3,1,0.15639190669856282,0.15284997023745492,-0.07470259853301715,1.8565935011026906,-0.7198607268776696,0.1321388945608694,0.11052477752684749,-0.13843131636697384,1.376169329019565,-1.1359551222440285,-9.608508382919599,-8.070520131731467,0.1719722642832013,0.16653631724994647,0.042936902499117205,-0.044729148441143174,-0.10648247763720259,1.2434480564529033,1.7731662509913382,-0.34299944269591987,-2.6541205891756485,-3.2352997397310763,-0.04960183278198956,0,0,1,1,0,train
06ce5c18-4536-4dd9-8e22-af38812fee7d,0,1,1,0.15635919454685823,0.1528423120672106,-0.07464648410442595,0.6124085718680818,0.18695122581484985,0.13215919006576748,0.11061482956983626,-0.13830191573726422,0.45736912113976863,0.14727415730244237,0.1929121918668132,0.3105234011505467,0.1707857860666015,0.1666736766120329,0.03278609362354459,-0.04472917542200441,-0.10795833890567956,-0.10905246694758616,-0.2127617940003832,0.3172586536590736,0.5908320508257157,0.5751089638667131,-0.04960183541345481,1,2,0,0,0,train
06ce5c18-4536-4dd9-8e22-af38812fee7d,1,2,1,0.15635071361863853,0.15284384370125947,-0.07462607885766552,0.9057558546133674,0.32104100255349094,0.1322261652319311,0.11066258444111818,-0.13838912050945984,0.4021452464235433,0.35788811625010075,0.2870794438227942,0.30186529832732056,0.17205788642254355,0.16664459774986418,0.042763960621075396,-0.0447291489008423,-0.10704265855662451,0.026587052618202732,0.041481568603816174,0.18868501645772995,-0.18642186201526342,-0.08733571239113648,-0.04960183544553174,0,0,0,0,0,train
06ce5c18-4536-4dd9-8e22-af38812fee7d,2,3,1,0.15634829049629004,0.1528285273607708,-0.07464648410442595,-0.23949460897087693,-0.5402583174189616,0.1322322538834005,0.11065849116643688,-0.13841443802396824,-0.015129992049204713,-0.5356253907638989,-0.11266559973424808,0.3105234011505467,0.17202883605383815,0.1666618154972009,0.04240928321017609,-0.044729149843577794,-0.10775365741589078,0.30452370276465607,0.22016855736535282,0.16916679323040792,0.2576606846792337,0.2971859164850321,-0.04960183553284335,0,0,1,1,0,train
06ce5c18-4536-4dd9-8e22-af38812fee7d,3,4,1,0.15638706045386583,0.15284997023745492,-0.07469239590963693,0.6531775773933325,-0.6352478022086389,0.13226878579221701,0.11068305081452472,-0.13846507305298505,0.1073264649412556,0.7046568119278671,-0.5752031900400171,0.33649770962022335,0.1720460369300453,0.16664383251664922,0.04267895529119044,-0.04472914912678735,-0.10741970340623541,0.499862776998243,0.5309795203020546,0.04271743488449872,-0.5026059835376225,-0.37521964216739634,-0.04960183548798651,1,1,1,1,0,train
06ce5c18-4536-4dd9-8e22-af38812fee7d,4,5,1,0.15637615640329763,0.15284843860340605,-0.0746719906628765,0.7642756099175049,-0.36072656547604565,0.13223631298438013,0.11066940656558703,-0.13840318579529784,-0.18517220481148244,-1.0653514813471112,0.18829089488477052,0.3971044293827951,0.17202807157045116,0.16663158878520976,0.04263498701711201,-0.04472914924365504,-0.10759206676605754,0.8396386397093726,0.7272789703196729,0.025356767244365124,0.15220980244872448,0.20755254809695176,-0.049601835518964715,0,0,0,0,0,train
06ce5c18-4536-4dd9-8e22-af38812fee7d,5,6,1,0.15638463733151733,0.15284690696935718,-0.07469239590963693,0.5060373805642284,-0.3697734123345469,0.13220079585080852,0.11065166904196803,-0.13834129853761062,-0.8474885462080847,-1.434457641897282,0.18312658757786465,0.2326004757415188,0.17201583983625943,0.16662623215270497,0.0425822250882179,-0.04472914938389702,-0.10778597554585743,1.0542315046111161,0.9227564632490873,-0.026708073104383313,0.15710932829463298,0.21173565353661486,-0.049601835539340736,1,1,1,1,0,train
06ce5c18-4536-4dd9-8e22-af38812fee7d,6,7,1,0.15639190669856282,0.1528515018715038,-0.0747000478771721,1.858498350785477,-0.7195694501867502,0.13214498321233883,0.1106312026685615,-0.1382287762509066,-2.159329734785265,-1.4099924485943485,-2.9545754737650607,-2.5379924276905577,0.17201048845255051,0.16655276976406824,0.043103981940615224,-0.04472914799704054,-0.10586843316783626,1.2679258131166593,1.6072919602573168,-0.29010762394687684,-2.135980455747426,-2.2771791895038014,-0.04960183551390874,0,0,0,0,0,train
642ed159-dda0-417a-b08d-ca16fd99bd43,0,1,1,-0.24155626503230498,-0.6708582263406397,-0.6086517918250632,-0.49932920464662006,-0.6752542942812793,0.31348836380226414,0.5612543546341529,0.28812660724216316,0.5124366380715726,-0.6331675062197786,0.227050794253307,0.3451558124434476,0.1688887205417997,0.16522776845235435,0.02931553118962084,-0.04472918465467587,-0.09634535753766368,-3.7910315544963162,-3.5836404985131844,1.132859428137875,0.4157407313952451,0.5892446223199092,-0.04960183557708859,0,0,0,0,1,train
642ed159-dda0-417a-b08d-ca16fd99bd43,1,2,1,-0.044154179790452115,-0.31026409058202187,-0.42373179371444764,0.5438119718832545,0.26033350555507745,0.15642348094664638,0.346693082389365,0.28116147769518374,0.1454436282259849,0.1099379423037558,-0.21705299111063944,0.319181503973771,0.17061339506283651,0.16029851869814987,0.08030407302923549,-0.0447290490194853,0.037020792124707894,-3.658428460022085,-3.3179022909204288,1.0526362979038475,-0.4702090024675361,-0.14583529745437518,-0.04960183543303859,1,1,0,0,0,train
642ed159-dda0-417a-b08d-ca16fd99bd43,2,3,1,-0.13352741293087733,-0.24767999171130017,-0.13135521550752552,-0.5853491260927024,-0.6798591007481299,0.20920803008552796,0.23635477008003422,-0.09264881096427194,0.33791943459220164,-0.820060635079155,-0.03877052178720831,0.28454909268087203,0.16568897532557647,0.16189556041778422,0.03030628296552137,-0.04472918203756376,-0.04314971561255941,-3.367925744522548,-2.9588758797482364,0.9563007944429887,-0.8756096956017366,-0.6205977849977076,-0.04960183545350973,1,2,0,0,0,train
642ed159-dda0-417a-b08d-ca16fd99bd43,3,4,1,0.007597655767361853,-0.1768204740745544,-0.3104571676355715,0.23536227606442975,1.3999424083938636,0.10423764920225766,0.21653513407314226,0.15747698015011477,-0.20099164226319913,-0.5944485473434572,0.33528873781652047,0.3624720180898942,0.16728445215421292,0.15869726819583319,0.06704324156718222,-0.044729084285519166,0.054451036886720594,-2.97544116984892,-2.574503399678897,0.8564972367012795,-0.935443597130425,-0.749589042813148,-0.04960183550960289,0,0,1,1,0,train
642ed159-dda0-417a-b08d-ca16fd99bd43,4,5,1,-0.002183277592306464,-0.14369888776782286,-0.2347077903491391,-0.3725877532536503,-0.6303243768662662,0.08030823415219679,0.24173606186106011,0.27576884710489313,-0.1176782121635924,-0.255657834700857,-0.8064494654890083,0.31052340115054866,0.16408929383831158,0.12715856385761068,0.2841585789664497,-0.044728503296403974,0.8745989937603614,-2.555248491366811,-2.1773397337545117,0.7509103734882262,-0.9708117291079414,-0.8146859680637196,-0.04960183546870566,0,0,1,1,0,train
642ed159-dda0-417a-b08d-ca16fd99bd43,5,6,1,0.0333917931670074,-0.16795078129757024,-0.3499897825780732,-0.4403193266208896,-0.4268981367521978,0.0568273497603831,0.1265813296767239,0.10344377807483991,-0.13073891499163776,-0.8476106839940621,0.20004935210634123,0.3105234011505467,0.13258149328544275,0.13894736415077175,-0.04777257814294747,-0.04472939058822374,0.017963868154373865,-2.1210725988824284,-1.872438680859247,0.6875454834543757,-0.4762577431564656,-0.345142917728804,-0.04960183551224427,0,0,0,0,0,train
642ed159-dda0-417a-b08d-ca16fd99bd43,6,7,1,0.11589668601064582,0.06921662463316505,-0.1287254893312742,-0.11058794750741453,-0.024109154424609324,0.12263450961710663,0.06760952134312362,-0.20056331002777125,-0.37782796813909836,-0.2511902352112488,0.35001091494201747,-0.3128600021216634,0.14435874210363103,0.1341187425643353,0.07953316262372709,-0.0447290506671609,0.05201640442923304,-1.7877573988322981,-1.6629319663859432,0.6601779545866354,0.07157954487938868,0.1403381149099659,-0.04960183550886052,1,1,0,0,0,train
642ed159-dda0-417a-b08d-ca16fd99bd43,7,8,1,0.09614823887047567,0.09747680446879527,-0.040087648059780774,0.9680166228675262,1.3730038348177767,0.14441260114797286,0.13607499808757026,-0.1197779342886134,-0.00940914606936077,0.5700974942795802,0.36100560530478526,-0.6765003206971285,0.1395348519317594,0.1299570217247419,0.074424049175814,-0.044729064260861935,0.0029143922999043084,-1.5587264663923817,-1.4488640348694197,0.601350964243146,0.045591539414639407,0.117125161218346,-0.04960183549897759,1,1,0,0,0,train
642ed159-dda0-417a-b08d-ca16fd99bd43,8,9,1,0.07591395569943386,0.08235191823624156,-0.022676871261437876,1.4701397036482633,0.9280193408887702,0.13419787353277787,0.13613776163268365,-0.0913323002098348,0.7629755701221783,-0.05536181861004982,0.35589331534208357,-0.8842947884545204,0.1353772090316447,0.08214945923633898,0.4087939798874279,-0.04472816300402788,1.2446523545884816,-1.3247092508393172,-1.303456715713919,0.5951152227097033,0.45910205629401907,0.4665528687956512,-0.0496018355095039,1,1,1,1,0,train
642ed159-dda0-417a-b08d-ca16fd99bd43,9,10,1,0.10336066254074763,0.054676822607278235,-0.12654722923959755,1.0016612704651104,0.05345508265237015,0.15104314259816995,0.15481946727817206,-0.09951267045321772,-0.7281083945656368,-1.8945108118897103,0.36082798510506364,-0.45138964729325737,0.08761649167148737,0.04689095624016601,0.3126558830058135,-0.044728417876479194,1.0121341821884307,-1.165751224250549,-1.0464643924632768,0.4794455845484601,-0.20270875258061544,-0.10132572768339715,-0.04960183549175796,0,0,1,1,0,train
642ed159-dda0-417a-b08d-ca16fd99bd43,10,11,1,0.12409895516027478,0.08535851587416592,-0.11911206745126329,0.4941255421547879,1.1698793116073158,0.13713869219250718,0.13376912001710023,-0.10436800712449658,-2.6081981200520574,-2.0210919467869672,0.33345290618082635,-2.312881754286696,0.052392537374487326,0.044852374955496176,0.058158718985068275,-0.04472910717859508,-0.048202116597345544,-0.8848094340460397,-0.6840702810179149,0.35803666061275274,-0.7771612235653336,-0.6377366910720331,-0.04960183550693848,0,0,1,1,0,train
642ed159-dda0-417a-b08d-ca16fd99bd43,11,12,1,0.11941869434417188,0.10139625599984387,-0.08255096656825026,0.7117264028137301,1.9389079656103272,0.13950108896264168,0.12713255733380666,-0.12459951427388105,-4.1734234078043455,-2.2854230599709413,-0.9239490337519916,-0.3734667218842448,0.05035595363156087,0.04537962064060786,0.03850196925373997,-0.04472916043601143,-0.13668915644603052,-0.48864331849348863,-0.2510789941678272,0.23090536524821073,-1.1281541955904562,-0.997019958651951,-0.04960183550741731,0,0,1,1,0,train
642ed159-dda0-417a-b08d-ca16fd99bd43,12,13,1,0.12628461151861017,0.10244695695736608,-0.09525578333246736,0.5760623480635413,3.898945404206295,0.13951935491704992,0.12573265739279943,-0.1275363459568562,-6.535768107827035,-2.24744873059709,-9.967125746762663,-0.39944103035391565,0.05088268268519312,-0.04548455392108062,0.7386498344603233,-0.04472723599506386,2.3367681478414624,-0.015300979967764168,0.22880246370638263,0.09639294598707819,-1.3450616296709546,-1.2356534983983596,-0.0496018355074536,0,0,0,0,1,train
de59920b-e06a-4f67-8eac-590aadd8763c,0,1,1,0.15497801480822057,0.15228632890747215,-0.07266462451281851,0.300576888485121,-0.6840988164833302,0.13119109448212987,0.11009634811020395,-0.1366872209230614,0.19037643678700789,-0.8513337427438064,-1.093913168507746,0.24125857856474497,0.17187746834321524,0.16640967115286956,0.043180193615684495,-0.04472914779442833,-0.10515743430856998,-0.3734589511874633,-0.5300221388148061,0.49222428624209635,1.0619380293208849,0.9588029213790928,-0.0496018358595181,1,1,0,0,0,train
de59920b-e06a-4f67-8eac-590aadd8763c,1,2,1,0.15515732586200862,0.1521224440642435,-0.07331504175330744,-0.4249252624375413,-0.48718917533062295,0.13128445380466097,0.1098589381786881,-0.1374354941296432,0.2957076408501771,-0.7567701452978068,0.24439730982969085,0.319181503973771,0.17179413965403395,0.1664881075574036,0.041940288286672886,-0.04472915109021134,-0.1073012035963577,-0.3202392187102782,-0.44390400058211515,0.4132662330078937,0.8268048633646813,0.768287471234975,-0.04960183532725008,1,2,0,0,0,train
de59920b-e06a-4f67-8eac-590aadd8763c,2,3,1,0.15599572619458515,0.15270293336876378,-0.07411339703280953,-0.20730508785012855,0.8154707461394963,0.13192376220894994,0.11054115062557272,-0.13780119156143128,0.7759283213597943,-1.1402364090234585,0.3159439949932685,0.27589098985764393,0.17187249920119985,0.16665798933112608,0.04123972711968996,-0.044729152952264394,-0.10757052134607978,-0.22609561310313625,-0.5070923821052035,-3.9509486423356086,1.7685873617747894,1.5281384706738443,-0.04960183519030907,0,0,0,0,0,train
de59920b-e06a-4f67-8eac-590aadd8763c,3,4,1,0.1553657143839785,0.15252832708719302,-0.07307783075971735,0.3944130165144736,-0.4850238382657872,0.13095972572629197,0.11038833503747057,-0.13544384965498188,0.11530701384948806,-0.29437661605196624,0.3540904703149092,0.30186529832732056,0.1720422145131104,0.16662278860323765,0.04281086011342572,-0.044729148776180505,-0.10688106790679126,-0.2951726065349921,-0.4316831805244193,0.4227558372189478,0.8938726169381501,0.8227874102275179,-0.04960183549828903,1,1,1,1,0,train
de59920b-e06a-4f67-8eac-590aadd8763c,4,5,1,0.15558379539534234,0.1522939870777165,-0.07392719915612055,-0.7106401985666728,-0.08914245970370943,0.13181315170725552,0.1103378513164011,-0.1379137138481353,0.5940090492307005,-1.068755261002758,0.35111025710672306,0.30186529832732056,0.1720070482773091,0.16657955292659204,0.04287241569713551,-0.04472914861255861,-0.10564220625806972,-0.2127359180688696,-0.3844161040146247,0.45618831224815315,1.0708722459399183,0.966008361974988,-0.04960183562433473,1,2,1,1,0,train
de59920b-e06a-4f67-8eac-590aadd8763c,5,6,1,0.15357139228492378,0.15218830432834474,-0.06986655505079357,0.7274695203970906,2.2291376277609496,0.1302534421558394,0.11025462139788118,-0.13376164146875663,0.27756115119443897,-0.02483351797308082,0.35540485979284914,0.24125857856474497,0.1719638549659445,0.1665990663735737,0.04239169590054472,-0.04472914989032882,-0.10663329557704695,-0.1610639578934521,-0.20580737358093068,0.2834034371580164,0.2580996844281556,0.2975841889028936,-0.0496018354324627,0,0,0,0,0,train
de59920b-e06a-4f67-8eac-590aadd8763c,6,7,1,0.15550625548019076,0.15186206627593624,-0.07448324213034245,-1.2139231400965382,-0.36021071695055884,0.13183750631313318,0.11018640015319271,-0.1382934765657614,-0.09116939570873692,-1.466368863937098,0.3607467872994766,0.1200451390395938,0.17198334929231257,0.16656883966158254,0.042772754275891084,-0.04472914887746142,-0.10633165969735822,0.034189565011424214,0.05866058816052731,0.18109793539894983,-0.24469497536633672,-0.1393707600636413,-0.04960183556351019,0,0,1,1,0,train
de59920b-e06a-4f67-8eac-590aadd8763c,7,8,1,0.15633132863985064,0.1528285273607708,-0.07461077492259519,-0.9788292551953803,-0.13405260104058567,0.13225457893878836,0.1106666777157995,-0.13845944693864987,0.8323031604338473,-0.47307953048502077,0.35701612874746663,0.09407083056991716,0.1719531521985267,0.16667444184524785,0.04173217178936833,-0.044729151643338294,-0.10792602077571291,0.3233036587072064,0.2963283873956071,0.1255533680819989,-0.0909508845168262,-0.0029793265287547015,-0.04960183561811322,0,0,1,1,0,train
de59920b-e06a-4f67-8eac-590aadd8763c,8,9,1,0.15635919454685823,0.15283005899481966,-0.07466688935118639,0.35045494691170853,-0.41525977984417367,0.13227893354466605,0.1106885085140998,-0.13848195139599068,0.7017284833309696,0.26853683655878563,0.35891095566378256,0.18930996162539557,0.17205865090593053,0.16667176352899546,0.04256170656031464,-0.044729149438436026,-0.10786138451577962,0.5831200460081931,0.5330043418615262,0.062423586991817694,-0.0851932444425702,0.0020683715916462848,-0.04960183553869015,0,0,1,1,0,train
de59920b-e06a-4f67-8eac-590aadd8763c,9,10,1,0.15638463733151733,0.15284690696935718,-0.07469239590963693,1.2570507493185041,-0.7004241660178866,0.13224240163584952,0.1106844152394185,-0.13838912050945984,0.1733123971953995,-0.647314667903255,0.33491446668139274,-0.6505260122274442,0.1720559752140761,0.1666621981138084,0.042614468489208746,-0.04472914929819455,-0.10766747573597972,0.8418521571661094,1.0575199444768437,-0.13052817874171133,-1.5391750893589289,-1.4628056652702757,-0.04960183590801884,0,0,1,1,0,train
3dba7c73-1843-4d9a-bb28-c9aa18989204,0,1,1,0.15636767547507793,0.1528423120672106,-0.07466433869534134,0.5338205206186103,-0.5112259895845847,0.13228197787040075,0.11069669506346241,-0.13847351222448787,-0.4039046496584512,1.2377508220738667,0.2513352817023882,0.25857478421119734,0.17164735884373294,0.16668285941061248,0.03932271036987059,-0.0447291580476721,-0.1078075209658352,1.4209473819215377,1.2976290322755841,-0.1419969558447266,-0.07485468452319807,0.011128741036150813,-0.04960183548845584,1,1,0,0,0,train
3dba7c73-1843-4d9a-bb28-c9aa18989204,1,2,1,0.15639190669856282,0.15284690696935718,-0.07470769984470726,1.8596558917052082,-0.7198889626022534,0.13215411618954295,0.11067349984026834,-0.13816688899321938,-1.3862397019177086,0.5651337118219415,-0.5828598893637309,0.1719937559789509,0.17206706022318738,0.1666778853947152,0.04257929386994601,-0.04472914939168906,-0.10779674825584631,1.67773327082096,1.9722416283461457,-0.38737022663114623,-2.1033772609667505,-2.2266795448322028,-0.04960183551652472,0,0,0,0,0,train
ac37644f-61ac-4a3e-bfc2-99b396976470,0,1,1,0.13035182238054582,0.1216536479301482,-0.0718331107073307,-1.3493036091902877,-0.33806082410648536,0.12841872851305453,0.1065679453349167,-0.13627651457659168,0.1936560264588074,1.0064301448528479,-1.0300631472128194,0.27589098985764776,0.15052621182812773,0.15889775929815433,-0.06300318828371423,-0.04472943037005122,-0.10355230052022642,-0.8832304896106229,-0.9212169646084056,0.5072680905423802,0.5923599156045104,0.5765011807542366,-0.04960183558604131,1,5,0,0,0,train
ac37644f-61ac-4a3e-bfc2-99b396976470,1,2,1,0.1287355997741049,0.12105018411489492,-0.06943549421297934,-1.1010104614884697,-0.5998377427166118,0.12817822678001248,0.10620773716296161,-0.13635246712011692,0.26110154426498894,-0.5922147475986531,0.21037098878373534,0.20662616727184602,0.1642895884857015,0.15863719738845836,0.04453734767557191,-0.04472914418053493,-0.09611913062789713,-0.7478900266684899,-0.8519306682303907,0.54350301906919,0.9322401616352319,0.853948110010781,-0.04960183545343159,1,2,0,0,0,train
ac37644f-61ac-4a3e-bfc2-99b396976470,2,3,1,0.12979329267921955,0.12113136071948483,-0.07152703200592414,-1.3600864999260567,-0.31178551372020324,0.12829695548366613,0.10626640743339369,-0.13656063335051935,-0.14294084689978037,-0.4336160308688354,0.2894931754654397,0.2412585785647488,0.16402928189243332,0.15883309709148968,0.0410404042772011,-0.044729153486935735,-0.10033126023355039,-0.6721468453358114,-0.8462518898991225,0.7979095402749833,1.333664782566749,1.177659601235032,-0.04960183527403948,0,0,1,1,0,train
ac37644f-61ac-4a3e-bfc2-99b396976470,3,4,1,0.13037484204285646,0.1221927831153491,-0.07098374231092751,-1.3593774413732964,-0.3779171987412958,0.12836494542507465,0.10648198656660923,-0.1363046451482677,1.3773025858365837,-1.3933986344366696,0.3478141336861748,0.24991668138797307,0.16422498963950133,0.15893793404194004,0.04173803422591212,-0.04472915163033348,-0.1003851237834948,-0.6659388538659452,-0.9471629250642061,-4.013716953146651,2.004797030284532,1.7201166650503619,-0.04960183576361671,1,1,1,1,0,train
ac37644f-61ac-4a3e-bfc2-99b396976470,4,5,1,0.12770213809247513,0.12226476991564582,-0.06523711469201943,-1.2203595337341038,0.26075827361153653,0.12606647949536903,0.10640967204723946,-0.13008216269353487,0.033506229764571925,-0.28916465334770625,0.3569742611289608,0.32783960679699525,0.16432972386351818,0.1590993982502979,0.041304213921671655,-0.044729152784735694,-0.10522207056850327,-0.7762539267524577,-0.8468333779920142,0.5067436697599632,0.7380258791057809,0.6959627447073435,-0.04960183532420864,0,0,0,0,0,train
ac37644f-61ac-4a3e-bfc2-99b396976470,5,6,1,0.12850176846747588,0.12152345903599458,-0.06815506497876192,-1.3383241533752381,-0.636918373238044,0.12726594383484455,0.10611495627018531,-0.1340148166138407,0.4104562072036898,0.109193579089104,0.3565264044825199,0.3018652983273186,0.1644910298581719,0.15877761768340465,0.04500634259907512,-0.044729142932528,-0.09577440390825288,-0.6665745316314645,-0.7129400217190864,0.4444262345987555,0.53023389682999,0.5251497486782972,-0.04960183532988117,0,0,0,0,0,train
ac37644f-61ac-4a3e-bfc2-99b396976470,6,7,1,0.13084735090081143,0.12223720050276622,-0.07190452907099222,-1.560398575741407,-0.5063712429593109,0.12810820728811415,0.10627868725743762,-0.13601208720283722,-0.6374484245053734,-0.3651133120954089,0.3212745040584853,0.3105234011505467,0.16416956459394497,0.1591694170894673,0.03953962052199082,-0.04472915748047654,-0.1064070686672804,-0.520203469912552,-0.5656695018007198,0.3965078438428801,0.4482162282044493,0.45707066423998627,-0.0496018354255157,1,1,1,1,0,train
ac37644f-61ac-4a3e-bfc2-99b396976470,7,8,1,0.12767911843016452,0.12149895289121272,-0.0664639801534907,-1.1850164473205718,-0.37527422034546754,0.1282492610471557,0.10647380001724661,-0.13600083497416682,-0.662711512516574,1.0764219451060022,0.3581884220656293,0.35381391526666994,0.16456098008808098,0.15892454246067814,0.04441716772642421,-0.04472914450059722,-0.09692708387706336,-0.35920860832727936,-0.535607014209592,0.5425789947912435,1.1794674776316647,1.0535659857556987,-0.04960183541152195,0,0,1,1,0,train
ac37644f-61ac-4a3e-bfc2-99b396976470,8,9,1,0.1293559190953176,0.12086179312688439,-0.07105516067458903,-1.4321894950701404,-0.3320392674545508,0.12864502339266792,0.10642877399575223,-0.13719075815606194,-0.29360848652360777,0.7532678306770307,0.36003186599559717,0.3191815039737691,0.16431634540424597,0.15850136849280186,0.045783115441127314,-0.044729140864952145,-0.08325651490117084,-0.3263445563002653,-0.45625880605304747,0.4244253831917941,0.8691805765786225,0.8027410111266383,-0.04960183542576601,1,1,1,1,0,train
ac37644f-61ac-4a3e-bfc2-99b396976470,9,10,1,0.12909179875933252,0.12015724146440593,-0.07167241938909226,-1.5968771242332551,-0.6930491773257799,0.12872214631128057,0.10645879134341515,-0.13734266324311237,0.15383943285750273,0.1099379423037558,0.3420725607301737,0.26723288703441966,0.16389358609124358,0.1585564652842794,0.042119092601258484,-0.044729150616325604,-0.09318895351092096,-0.239601779835,-0.3030304178661926,0.32263865249346485,0.4118786081339066,0.4267498707090613,-0.049601835505726555,0,0,1,1,0,train
ac37644f-61ac-4a3e-bfc2-99b396976470,10,11,1,0.13263924987751768,0.12334304028604762,-0.07383537554569858,-1.6507134050563637,-0.5991390050890488,0.1293797206699778,0.10691996695750916,-0.1382147109650686,0.679211946937474,0.28864085673681034,0.325862180074152,0.27589098985764393,0.16394862889510645,0.15942156143379865,0.03591370351965663,-0.04472916712874624,-0.10523284327849217,-0.0720938280687445,-0.07862048398629944,0.23059185786041878,-0.013792922335363101,0.06449262484378104,-0.04960183555711361,0,0,1,1,0,train
ac37644f-61ac-4a3e-bfc2-99b396976470,11,12,1,0.14150908923415484,0.13526834299051985,-0.07264932057774817,-1.1763833370923271,-0.5019258444465299,0.13062992377169844,0.1088383483581487,-0.13772523901790606,0.6718066594594004,0.8240045267204734,0.3251764392316554,0.2672328870344178,0.16481287736409234,0.16233365643335235,0.020231685765018034,-0.04472920883172624,-0.0994371253044731,0.1732291752273675,0.24710008552809296,0.1155682749299527,-0.58332958871352,-0.4510976378358338,-0.049601835591353456,0,0,1,1,0,train
ac37644f-61ac-4a3e-bfc2-99b396976470,12,13,1,0.1563252708339794,0.15283159062886853,-0.0745929203316798,0.37438997554165987,-0.6715637577087809,0.1321977515250738,0.11064484691749918,-0.13834692465194584,-0.024204681986996362,-0.5788119491298285,0.24413087953010842,0.16333565315572085,0.1677221188932615,0.16642727151681377,0.011180083741406072,-0.04472923285395467,-0.10391857265984844,0.529304091195026,0.6426579180655222,-0.0032343229898419055,-0.9453766632042541,-0.8065135580041537,-0.04960183549193179,0,0,1,1,0,train
ac37644f-61ac-4a3e-bfc2-99b396976470,13,14,1,0.1563834257703431,0.15284843860340605,-0.07468729459794683,1.0987287589963373,-0.7025837495161299,0.13222312090619637,0.11066122001622442,-0.13838349439512465,-0.669995936470263,-0.3219267537294793,0.2448756156532269,0.05943841927702013,0.17181172277193457,0.16622524994806273,0.044088871279971964,-0.04472914537894661,-0.10224880261157157,0.9617245004774391,1.119018591273789,-0.14188475275466977,-1.329184078551043,-1.2177355149666806,-0.049601835853642175,0,0,1,1,0,train
9c2d90ff-9c18-4fab-86b5-5271d227a213,0,1,1,0.15483141590613708,0.15238741675469733,-0.07218765186979328,1.011802701397766,2.132706369643785,0.13046755973251395,0.11014956068106095,-0.13457180193302565,0.04021030466949209,-1.8900432567814052,0.191114421702488,0.30186529832732056,0.17133812531369774,0.1666124579548356,0.037490698949936174,-0.0447291629172967,-0.10648247763720259,-0.002566023873764253,-0.23865508859630433,0.8452578764670671,1.3646997761272535,1.2026181206054096,-0.04960184214568041,1,4,0,0,0,train
9c2d90ff-9c18-4fab-86b5-5271d227a213,1,2,1,0.15448733253265193,0.15155727110021186,-0.07284572107781738,-0.11280570441123199,-0.6078770590029889,0.12995915733481747,0.10933227016969317,-0.1348474815354505,-0.5069557890671548,-2.0106675997560686,0.22897607034671805,0.33649770962022335,0.1719967277515848,0.16654626528174102,0.04304828879344922,-0.044729148145074275,-0.10586843316783626,-0.0017192736021959612,-0.19361187390208523,0.4099136449767396,1.0849028224439876,0.9773260433859737,-0.04960183712475075,1,3,0,0,0,train
9c2d90ff-9c18-4fab-86b5-5271d227a213,2,3,1,0.1531776349032946,0.15110543905579632,-0.07084090558360444,0.5293267413284385,1.9371639356811936,0.12823302464323724,0.10860639612620794,-0.13155901770652526,-0.43803182347088515,-1.5393391822001328,0.30660561299290473,0.35381391526666994,0.17193059993861065,0.16642382796734645,0.04347917787941779,-0.0447291469997013,-0.10283052895097125,0.04752158002601978,-0.08294385788040705,0.2929434086329277,0.6738587674930505,0.6433481905888465,-0.04960183344309089,0,0,1,1,0,train
9c2d90ff-9c18-4fab-86b5-5271d227a213,3,4,1,0.15575583708208493,0.15221434210717547,-0.07442202639006114,-0.9580251870089691,-0.549692770268963,0.13094450409761843,0.10930361724692401,-0.13763803424571044,-0.5161902871359338,-1.9488662580264027,0.3288944106265424,0.35381391526666994,0.17180828259669315,0.16659217927463899,0.04125145199277754,-0.04472915292113478,-0.1072365673364244,0.1685029001924925,-0.03879704313343942,0.37045138877724104,1.0905601408192918,0.9818880035530856,-0.04960183311388495,1,2,1,1,0,train
9c2d90ff-9c18-4fab-86b5-5271d227a213,4,5,1,0.15573645210329704,0.15260031388748974,-0.0737384506235865,-0.796543804845765,0.07238063094654272,0.131745161765847,0.11030646954384442,-0.13778993933276087,-0.1660005445561844,-1.5512526329014111,0.32689047415896894,0.36247201808989615,0.17197646894182972,0.16663809326753695,0.042189441839783966,-0.04472915042792045,-0.10791524806572403,0.21676381713336043,-0.03534116031003185,0.6352419005407244,1.3477347132554656,1.1889723649111186,-0.04960183521589015,0,0,1,1,0,train
9c2d90ff-9c18-4fab-86b5-5271d227a213,5,6,1,0.15576189488795616,0.15266157924944437,-0.07368998816253047,0.6555709939370943,2.1251200313446903,0.13110788291204784,0.11029146087001294,-0.13605428306035122,-0.15377377761967606,-1.7046392094017566,0.2426249139796116,0.3451558124434476,0.1720223379450488,0.16664498036647166,0.04248842610351726,-0.044729149633216045,-0.10741970340623541,0.22054175841528045,0.013628988140843127,0.3459817265119484,1.060147128549011,0.9573410852970305,-0.049601835302292244,0,0,1,1,0,train
9c2d90ff-9c18-4fab-86b5-5271d227a213,6,7,1,0.15614232509666864,0.15267383232183532,-0.07447048885111718,-0.1413082073768599,-0.001482408380012778,0.13172283671045912,0.1102314261746871,-0.1378827702192917,0.06205414049712177,-1.574335171089316,-0.17767839897949494,0.319181503973771,0.17202921829553164,0.16662929308556484,0.04266136798155907,-0.0447291491735339,-0.10737661256627988,0.2740755021409698,0.14489739779379127,0.21628449016904114,0.5465006014214867,0.5385086315718755,-0.049601835329377106,1,1,0,0,0,train
9c2d90ff-9c18-4fab-86b5-5271d227a213,7,8,1,0.15602116897924428,0.15268608539422623,-0.07419501801985129,0.7622099906625335,0.5535738946318539,0.1313534585213144,0.11033102919193226,-0.1366534642370502,-0.14480775916497002,0.9111221841921966,-0.14764916678513185,0.28454909268087014,0.17201354638609848,0.1666120753382281,0.04267309285464665,-0.044729149142368044,-0.10702111313664674,0.4175769948654456,0.3857324950435198,0.10055377213399656,-0.10927791199141029,-0.01909834508124813,-0.04960183586583886,0,0,1,1,0,train
9c2d90ff-9c18-4fab-86b5-5271d227a213,8,9,1,0.15605630425329733,0.15271212317305696,-0.07422562588999194,-0.5779871744751358,-0.381827456665361,0.13201610675623612,0.11049612460407833,-0.1381500106502138,0.34735854665869764,0.9059100439627245,0.28421468374442704,0.35381391526666994,0.17199634550989132,0.16664268466682675,0.04230669057065976,-0.04472915011627127,-0.10771056657593525,0.6808558450256003,0.5544127805183053,0.08445371694870171,0.3180577687576324,0.34811204821701053,-0.049601835678960975,0,0,1,1,0,train
9c2d90ff-9c18-4fab-86b5-5271d227a213,9,10,1,0.15621986501182022,0.15278410997335368,-0.07445008360435675,0.38646020974436707,1.2185797437041994,0.1320739489451956,0.1106352959432428,-0.13802342307767174,-0.14756119638156645,2.1263007241554397,0.3514280703926535,0.27589098985764393,0.1720269248453707,0.16662661476931245,0.04266429919983097,-0.044729149165742534,-0.10713961294652445,0.8652556775734214,0.903575507751228,-0.06515104658510408,-0.7078309410664693,-0.5703995075771202,-0.049601835513556805,0,0,1,1,0,train
9c2d90ff-9c18-4fab-86b5-5271d227a213,10,11,1,0.15638948357621432,0.15284997023745492,-0.07469749722132704,-1.1101209170773492,-0.5559550151129409,0.132300243824809,0.11070351718793126,-0.13851008196766668,-0.18628806213022214,1.0950372388547234,0.3532194969784172,0.2932071955040963,0.172010870694244,0.166660285030771,0.042283240824484605,-0.04472915017859909,-0.10789370264574626,1.2469573580778446,1.2294392305503823,-0.14784475408521808,-0.5840703924006657,-0.4518261737810637,-0.04960183545169692,0,0,1,1,0,train
9c2d90ff-9c18-4fab-86b5-5271d227a213,11,12,1,0.15639190669856282,0.1528515018715038,-0.0747000478771721,1.859789039122709,-0.7198802817322735,0.13215005708856334,0.11069123736388733,-0.13811906702137017,-1.6243973360147874,1.8649481067906946,0.18074330511231432,0.2672328870344216,0.17204450796327134,0.16658337909266688,0.04313036290506228,-0.0447291479269261,-0.10582534232788073,1.6031887679811427,1.9089535869636847,-0.3706942110288952,-2.1195527152893483,-2.251625592074707,-0.049601835515589936,0,0,1,1,0,train
fd371f5c-5411-4c91-9f40-6918f812ad00,0,1,1,0.15526030856181933,0.151555739466163,-0.07447559016280729,-1.5925536635804618,-0.6960953315731966,0.13124284801961994,0.10939912698948787,-0.138268159051253,0.6064427769712545,1.2089601382136712,0.27954073506032406,0.3105234011505467,0.17120739865452342,0.16631669531725118,0.03875405402512295,-0.04472915955973217,-0.1071072948165578,-1.5853212385783,-1.3706657829396123,0.5510409016500531,-0.5357930927298875,-0.40464981411894135,-0.04960179006021526,1,1,0,0,0,train
fd371f5c-5411-4c91-9f40-6918f812ad00,1,2,1,0.15555592948833474,0.15185134483759416,-0.07460567361090507,-1.6101860933845988,-0.6288184651385148,0.13146812812398845,0.10969793604122333,-0.13827659822275581,0.792766965951758,0.9409059440893016,-0.1437193198662912,0.2932071955040963,0.17170125492251534,0.16638977508928043,0.04198132534247941,-0.044729150981154556,-0.10707497668659116,-1.2392235965982095,-1.1873908313009083,0.5441927733194573,0.22950970778487131,0.27383684784887097,-0.04960183007503842,0,0,0,0,0,train
fd371f5c-5411-4c91-9f40-6918f812ad00,2,3,1,0.156303462732843,0.15281167938623327,-0.07458016705245453,-0.14883254705223747,-0.719857985537566,0.13211859905597134,0.11056025257408549,-0.13830191573726422,0.05697013988947894,0.9863261246748232,-1.1679731794973842,0.27589098985764776,0.17177426308597235,0.16666717212970567,0.04041605478528745,-0.044729155141581815,-0.10771056657593525,-1.0388690009365908,-0.8659411538861109,0.41484270666847484,-0.5608012143899601,-0.42936220635111927,-0.04960183087640676,1,1,0,0,0,train
fd371f5c-5411-4c91-9f40-6918f812ad00,3,4,1,0.15633980956807034,0.1528193375564776,-0.0746439334485809,-0.08034298291681105,-0.6672495914857888,0.13221500270423714,0.11065030461707426,-0.13838349439512465,0.3675353908384872,1.2722503617072012,0.24835379977848976,0.2412585785647488,0.1720513883137542,0.1666621981138084,0.04257929386994601,-0.044729149391688816,-0.10737661256627988,-0.6874629873589089,-0.5616590366885746,0.3371453737600326,-0.4671115735948315,-0.34199302910185997,-0.04960183142420164,0,0,1,1,0,train
fd371f5c-5411-4c91-9f40-6918f812ad00,4,5,1,0.15637857952564613,0.1528423120672106,-0.07468729459794683,-0.35381634116496047,-0.5957083845220562,0.1321612196162573,0.11067349984026834,-0.1381865803933926,0.2101575519792463,1.1225866664313877,-0.004171375597150588,0.26723288703441966,0.1720464191717388,0.16666985044595806,0.04248256366697347,-0.044729149648797865,-0.10757052134607978,-0.35482440247277236,-0.27910213993122907,0.26674392597340474,-0.3466687278998351,-0.23142899953697063,-0.049601835505720254,1,1,0,0,0,train
fd371f5c-5411-4c91-9f40-6918f812ad00,5,6,1,0.15637373328094914,0.15284690696935718,-0.07466944000703145,0.7471943284185493,-0.579880326038755,0.1321926776488493,0.11068577966431226,-0.13824846765107981,0.8890852822195621,1.12035339926222,0.35253121870449594,0.19796806444862175,0.17205406400560863,0.16666755474631315,0.04255877534204274,-0.044729149446227176,-0.10772133928592413,-0.04593564110608036,0.026471080931418037,0.179181441981035,-0.4740188613936943,-0.3485637161148472,-0.049601835525295006,1,1,1,1,0,train
fd371f5c-5411-4c91-9f40-6918f812ad00,6,7,1,0.15638827201504008,0.1528515018715038,-0.07469239590963693,0.7190529635456078,-0.5521066254307228,0.13229212562284978,0.11069669506346241,-0.13850164279616387,0.816267849311046,1.290865300405498,0.33478822946801917,0.09407083056992101,0.17205177055544768,0.166659519797556,0.042602743616121166,-0.04472914932935924,-0.10764593031600195,0.28811436716589045,0.3301869827202649,0.09818534837015185,-0.463808648112221,-0.3391114446613808,-0.0496018461558862,0,0,1,1,0,train
fd371f5c-5411-4c91-9f40-6918f812ad00,7,8,1,0.15639190669856282,0.15284997023745492,-0.07470259853301715,1.8516875474730918,-0.7198640164866303,0.13213990933611433,0.11067349984026834,-0.13812750619287298,3.4657005565148773,-1.184912048869116,0.24127309738815894,-3.983895599169159,0.17204374347988435,0.16662278860323765,0.0428225849865133,-0.04472914874501556,-0.10690261332676902,0.6201339702530904,1.2917571169508066,-0.21656461204786728,-2.839442795847233,-3.687064346005216,-0.04960214870512669,0,0,1,1,0,train
695451c6-94db-4d3f-84cb-b3c64ee53e7c,0,1,1,0.15638584889269158,0.15284843860340605,-0.07469239590963693,1.364527690002056,-0.3501383752852126,0.13224849028731894,0.11069260178878111,-0.13838912050945984,-0.856972522205366,1.2819301014262816,-0.27617070279869727,0.3451558124434476,0.1720617088394785,0.16662164075341518,0.04296914590010805,-0.04472914835545352,-0.10636397782732487,1.6512023263731992,1.6854455996736264,-0.2853453055532389,-1.0270182067510802,-0.8906278527019487,-0.04960183546996424,0,0,0,0,1,train
f0325f30-3b7f-4f25-9855-2748f5233019,0,1,1,-0.08978763141833607,-0.04409059903385854,0.11560183406650876,-0.42070187814595705,-0.4720698003387429,0.07825026995553323,0.06052133401999243,-0.0921396476169362,0.2049824011508841,-0.38670659127837376,-0.5164140757214443,0.27589098985764776,-0.13483020858138098,-0.1271697560692501,-0.05969970529128849,-0.04472943428575361,-0.07724534272737411,-2.073725684112468,-1.9836323101007192,0.7728074968529124,0.42569934157057027,0.4411609282711696,-0.04960183538448605,0,0,0,0,1,train
f0325f30-3b7f-4f25-9855-2748f5233019,1,2,1,-0.05628190714463022,-0.013859206177337526,0.09540829174121127,-0.7374917382947163,-0.5550363633845115,0.08382950425201068,0.07744020270273098,-0.07272392704615595,-0.319525133768223,-0.7225187859110936,-1.3969820747877393,0.2932071955040963,-0.12149761831237291,0.07496238888137688,-1.5059891816087605,-0.04473332514237652,0.2242504917314945,-1.909313314835161,-1.7701442455487824,0.6871928855805878,0.04731575949444538,0.12007622118078702,-0.04960183554473499,1,1,0,0,0,train
f0325f30-3b7f-4f25-9855-2748f5233019,2,3,1,-0.09555466260773544,-0.04940996408557085,0.11888452813909407,-0.34796810520389154,-0.4300511040948057,0.08719246941361967,0.06375229216843799,-0.11026698800495532,-0.04147877447767088,-0.29735513406184644,0.3287611954767512,0.28454909268087203,0.08043646370092983,0.12049950442097522,-0.30631775459717975,-0.04473008347791949,-0.010863903775877053,-1.6759300048441412,-1.5483030847312993,0.6250524765986981,-0.0005365483623958611,0.07756562917069619,-0.049601835484539246,0,0,0,0,0,train
f0325f30-3b7f-4f25-9855-2748f5233019,3,4,1,-0.15897746695703768,-0.12958794327561857,0.11888452813909407,-0.3288849727836298,0.016482169006178358,0.03416538899120625,0.052656788932306534,0.013853533401091788,-0.3308101401126212,-1.1342796392915162,-0.672046163433233,0.24125857856474497,0.12592895885190444,0.11145138688721543,0.11185863772618586,-0.04472896364852814,0.1658085400418042,-1.4334151620940498,-1.3400510134446733,0.5744950672117285,0.0802721853755022,0.14672324719284113,-0.04960183542232559,1,1,1,1,0,train
f0325f30-3b7f-4f25-9855-2748f5233019,4,5,1,-0.37208865438413263,-0.2026024700191191,0.445947475182914,0.1513835886898867,-0.40911465804125563,-0.04875595537080869,-0.0037949266225019485,0.12733225954210534,-1.724470925138629,-0.39787541247718206,0.04085090452728501,0.2326004757415207,0.1168897072842008,0.10979350912699126,0.05524215680453269,-0.0447291154320139,-0.08641291892791356,-1.2057557947595603,-1.0550983322098204,0.4740802272822658,-0.3606568160714684,-0.24362163005740403,-0.04960183548894162,0,0,0,0,0,train
f0325f30-3b7f-4f25-9855-2748f5233019,5,6,1,-0.38384443245781796,-0.2918262799017706,0.32211058324966674,-0.6718753098426046,1.42028933285631,-0.03742294543573046,-0.03327878415196143,0.03512868475965612,-0.46155189926266227,-2.136504116246181,0.35810595554432995,0.3797882237363466,0.11523345402629909,0.10284978293438839,0.09573693723076301,-0.04472900667879842,0.08741552945270259,-0.8942479824751542,-0.8535545693991117,0.4469502042703873,0.12074065999203003,0.180863182329683,-0.04960183547653862,0,0,0,0,0,train
f0325f30-3b7f-4f25-9855-2748f5233019,6,7,1,0.11929874978792177,0.08654246899393948,-0.10703471202492963,-0.5687708699263145,-0.524526222386944,0.10810191333484881,0.08039691144752893,-0.13391354655580706,0.4329109198032678,0.08462195942147113,0.23565839600338753,0.24125857856474306,0.10829653177280257,0.07727109749092977,0.23849899194514024,-0.04472862128078957,0.057413532133663424,-0.6739220800809003,-0.7022799946857007,0.4307557747894494,0.4237102171511355,0.43669322162864554,-0.04960183550052064,0,0,0,0,0,train
f0325f30-3b7f-4f25-9855-2748f5233019,7,8,1,0.12440184545383566,0.11281458783414137,-0.07402667473407767,0.437519331081784,0.8597125528383298,0.11927154445549763,0.10337382665860291,-0.117504984097192,-0.6415694053112136,-1.044183641335125,0.3463145117142395,0.2585747842111954,0.08274291007946179,0.039550074008995705,0.3315212038037301,-0.04472836586582203,0.9514084159810973,-0.5085500203444612,-0.675483441128721,0.5917725419036622,1.200100621394115,1.0701869829097954,-0.04960183550177581,0,0,0,0,0,train
f0325f30-3b7f-4f25-9855-2748f5233019,8,9,1,0.10731883289700136,0.12156940805746057,-0.02348287850847514,1.042130100856255,0.2840557529521261,0.12208145710863443,0.10286080289854567,-0.1263520488892963,0.08583195610937935,-1.1789552791371738,0.3200197442190233,0.042122213630569685,0.045058848243145905,0.02942795165803092,0.1200865674153953,-0.04472893887435602,0.16037909420740717,-0.47925625922200676,-0.4858437014864503,0.3534424078130936,0.19186004306705717,0.2414451576960403,-0.04960183548813926,1,1,0,0,0,train
f0325f30-3b7f-4f25-9855-2748f5233019,9,10,1,0.14472093790707452,0.13452856374491748,-0.08064307599614938,0.48463258446295854,1.0797166376444267,0.1317157332837448,0.11162996169080057,-0.13497969522232775,-1.410219814795549,-2.0218365319081344,0.35864262229063165,-0.572603086818422,0.03494664424180966,0.010617754000947915,0.18664574071531656,-0.04472875691952675,0.4360958336628788,-0.2719437322363063,-0.12036527659399646,0.20637479668454436,-0.7928236342746059,-0.6534333844193092,-0.04960183548615736,0,0,1,1,0,train
f0325f30-3b7f-4f25-9855-2748f5233019,10,11,1,0.14723008109893296,0.13825962428795552,-0.07971208661270444,1.813438847764683,-0.7195778617193351,0.13192477698419486,0.11101597048860441,-0.13682506072427383,-3.3923721789921535,-2.082148703395466,-0.024648447193627854,-2.685180175685374,0.01615487810634595,-0.15747260876530225,1.3302781368048076,-0.04472554465939627,4.576425327240228,0.1275941281622289,0.5064407065721543,0.008744797869196247,-1.9383313886346865,-1.9833820474782895,-0.049601835507870715,0,0,0,0,0,train
b9999909-d409-49d5-a0b6-369762db3798,0,1,1,0.15520578830897835,0.15145618325298668,-0.07452660327970838,-1.2174942746808355,-0.658297050434595,0.13091304606502643,0.10960106187376571,-0.13693758301097786,0.712639692712863,1.288631678185906,-0.3610909202855999,0.26723288703441966,0.1717864948201641,0.16660136207321857,0.04101402331275404,-0.04472915355222215,-0.10762438489602419,-2.778716910544134,-2.471319440209915,0.8442859394357897,-0.5125864025737514,-0.3588903569578986,-0.04960183551447951,1,1,0,0,0,train
b9999909-d409-49d5-a0b6-369762db3798,1,2,1,0.15592060940178207,0.1524119228994792,-0.07443988098097652,-0.9035945443144643,-0.1797654018607224,0.13201407720574632,0.11052204867705995,-0.13809093644969417,0.7483414018123855,0.14716781970034926,-0.7268375545423572,0.34515581244344573,0.17198564274247352,0.16666564166327574,0.042048743362733,-0.04472915080189329,-0.1077428847059019,-2.4424486772442195,-2.219263542804582,0.7929641976664015,-0.18536984159965503,-0.07620326070506755,-0.0496018355734206,0,0,0,0,0,train
b9999909-d409-49d5-a0b6-369762db3798,2,3,1,0.15590001286181993,0.1524609351890429,-0.07431489884456885,-0.5731944069403169,-0.6073886579777622,0.1320049442285422,0.11048248035514065,-0.13814719759304617,0.6117624298498354,0.7488005862378468,0.12590624023754735,0.34515581244344573,0.17204985934698022,0.16661781458734035,0.04290759031639826,-0.04472914851906894,-0.106536341187147,-2.166903345177646,-1.873080389315528,0.6790370565228452,-0.699081430974567,-0.5552358557092478,-0.04960183505153056,0,0,1,1,0,train
b9999909-d409-49d5-a0b6-369762db3798,3,4,1,0.15608174703795646,0.15252066891694868,-0.07459802164336991,-1.1817147366434864,-0.5142805776846874,0.13210743652827742,0.11055615929940418,-0.1382794112799234,0.6705883171040142,-0.0881240965170351,-0.806678468675078,0.30186529832732056,0.1720020791352937,0.16664077158378934,0.042365314936097666,-0.04472914996044717,-0.10764593031600195,-1.7884589089794363,-1.6031108845959103,0.6246039964216523,-0.2784458478175253,-0.16736922213514605,-0.04960183550097404,0,0,0,0,1,train
b9999909-d409-49d5-a0b6-369762db3798,4,5,1,0.15609507421087312,0.1526156302279784,-0.07446793819527213,-0.31387492128981576,-0.07233088292769371,0.132069889844216,0.11058071894749202,-0.13812469313570536,-0.11514418069338708,1.5023301376951135,0.11832439514085911,0.18065185880216938,0.17202501363690323,0.16661437103787302,0.04274344209317213,-0.044729148955378245,-0.10706420397660227,-1.4933305759724518,-1.4343378202595107,0.6171532557523569,0.3165004740081167,0.3476398778734821,-0.049601835491307644,1,1,0,0,0,train
b9999909-d409-49d5-a0b6-369762db3798,5,6,1,0.15626832745878996,0.15275347729237634,-0.07460312295506003,0.36276536438131746,-0.12105242321453993,0.1321703525934614,0.1106039141706861,-0.13835536382344862,-0.49419876144670105,0.1456787382206213,0.31233069264464597,0.2152842700950722,0.17199863896005227,0.16663082355199477,0.04241514564671989,-0.04472914982799704,-0.10776443012587966,-1.308829318373698,-1.2156986947750117,0.5373273823588194,0.01929526726395316,0.09386143294394185,-0.04960183552295349,1,1,0,0,0,train
b9999909-d409-49d5-a0b6-369762db3798,6,7,1,0.15627438526466117,0.15278410997335368,-0.07456486311738421,1.2948520995998805,-0.6013426264480988,0.13214701276282864,0.11066258444111818,-0.13816970205038698,-0.7717020873272027,0.5053178342558979,0.3522819160670295,0.09407083056991716,0.17201507535287244,0.16657763984355464,0.042948627372204784,-0.04472914840998477,-0.10623470530745828,-1.069814913019432,-0.9152709046711396,0.4328131475041999,-0.4462426432175041,-0.3223775809682113,-0.04960183549101241,0,0,0,0,0,train
b9999909-d409-49d5-a0b6-369762db3798,7,8,1,0.156313155222237,0.1528193375564776,-0.07458781901998969,1.0186510535766748,0.7073959911329858,0.13224544596158425,0.11067349984026834,-0.13842006413830343,-1.6409797616859387,-0.7158173866766814,0.35991324107649736,-0.2868856936519868,0.171961943757477,0.16657075274461994,0.042593949961305486,-0.044729149352730896,-0.1077428847059019,-0.7413898452533056,-0.5741486012944421,0.3325869743776379,-0.6657039897982727,-0.5294801685351405,-0.049601835635075704,0,0,1,1,0,train
b9999909-d409-49d5-a0b6-369762db3798,8,9,1,0.15637615640329763,0.152814742654331,-0.0747281050914677,1.3643239766112607,-0.4773223643850768,0.13218455944689006,0.11069123736388733,-0.1382147109650686,-0.8196977506278831,-1.35095670557321,0.3602589661080983,-1.3345161352622394,0.17195506340699415,0.16652789968458184,0.04286948447886362,-0.044729148620342885,-0.1067302499669469,-0.36847788672811777,-0.0849283849799702,0.17945537875710127,-1.3867541890808073,-1.2831803240584738,-0.049601835540067384,0,0,0,0,0,train
2794318a-9a4b-41aa-adee-7f06e8a3be4f,0,1,1,0.15636646391390369,0.1528423120672106,-0.07466178803949627,0.8680144961991957,0.7549782374265156,0.13224341641109444,0.11066804214069326,-0.13842569025263865,-0.2580006429753592,-1.8788743468199907,-0.03928117986140794,0.21528427009506834,0.17207202936520277,0.1666885986597247,0.04253532559586758,-0.04472914950855658,-0.10792602077571291,0.15188953490565146,0.021750048952710765,0.2575201082225145,0.6167167846826536,0.5964104054396414,-0.049601835486791056,1,1,0,0,0,train
2794318a-9a4b-41aa-adee-7f06e8a3be4f,1,2,1,0.15635313674098703,0.15283618553101513,-0.0746439334485809,0.2414641826726172,-0.46893571386085825,0.13223631298438013,0.11066531329090572,-0.13841162496680065,-0.15184959806925277,-2.043429788900448,0.3574424172267985,0.32783960679699337,0.17207279384858976,0.16668592034347235,0.04256170656031464,-0.04472914943843615,-0.10785061180579072,0.28295337574430157,0.01129581075256043,-4.0109112766425845,1.4357429762067515,1.259763776963016,-0.04960183556297675,1,3,0,0,0,train
2794318a-9a4b-41aa-adee-7f06e8a3be4f,2,3,1,0.15632042458928244,0.15281167938623327,-0.0746158762342853,-0.360468317087912,0.6834601261121903,0.13214701276282864,0.1106530334668618,-0.1381893934505602,-0.45580392918036455,-1.103006620389471,0.2976960569032974,0.27589098985764393,0.1720701181567353,0.16668362464382744,0.04255877534204274,-0.04472914944622729,-0.10786138451577962,0.27152489275296277,0.09060657986028212,0.2779034663482817,0.8694427967108168,0.8029315459988768,-0.0496018355202024,1,2,1,1,0,train
2794318a-9a4b-41aa-adee-7f06e8a3be4f,3,4,1,0.15638584889269158,0.15284843860340605,-0.07469239590963693,-0.019468501550861175,-0.6734920988014897,0.13226574146648232,0.11066531329090572,-0.13849320362466105,-0.37789712324118874,-0.7805970467003636,0.2722354699889166,0.3624720180898942,0.17206782470657436,0.16668783342650975,0.04250894463142053,-0.044729149578677,-0.10791524806572403,0.3582267411731146,0.04964968191430389,-3.8510134052405727,1.6285138132736314,1.4149979658740057,-0.04960183542825313,0,0,1,1,0,train
2794318a-9a4b-41aa-adee-7f06e8a3be4f,4,5,1,0.15637009859742643,0.15284537533530831,-0.07466433869534134,-0.324580016816494,0.6909553154091734,0.1322637119159925,0.11068168638963095,-0.13845382082431465,-0.8513175170848163,-0.044192997411241525,0.3549912584706403,0.2932071955040963,0.17207202936520277,0.16668783342650975,0.04254118803241137,-0.04472914949297427,-0.10791524806572403,0.31345301375346585,0.06147356683914805,0.4796784489721687,1.294794254895936,1.1463859140951487,-0.04960183550177488,1,1,1,1,0,train
2794318a-9a4b-41aa-adee-7f06e8a3be4f,5,6,1,0.15637009859742643,0.15284537533530831,-0.07466433869534134,-1.0890647967294453,-0.5459925833815323,0.13227284489319663,0.1106885085140998,-0.13846507305298505,-0.46960115920862383,0.39586271191177036,0.3582474173462511,0.32783960679699525,0.17207202936520277,0.16668821604311723,0.042538256814139475,-0.044729149500765425,-0.10792602077571291,0.32637878272563114,0.1479463915495889,0.25424102943276566,0.824617290819537,0.7664824001969082,-0.0496018355002765,0,0,1,1,0,train
2794318a-9a4b-41aa-adee-7f06e8a3be4f,6,7,1,0.15638706045386583,0.15284997023745492,-0.07469239590963693,0.5179187914438996,0.5397472078092131,0.13228502219613547,0.11069942391324995,-0.13847632528165546,-0.5059658132581483,1.205237079463927,0.3575711918715967,0.28454909268087203,0.17207241160689626,0.1666866855766873,0.04255291290549895,-0.04472914946180963,-0.10789370264574626,0.4209101285296785,0.5715026538436213,0.011671512978623675,-1.0827649507567978,-0.9490032153082875,-0.049601835509219934,0,0,1,1,0,train
2794318a-9a4b-41aa-adee-7f06e8a3be4f,7,8,1,0.15639069513738857,0.15285303350555265,-0.07469494656548199,-0.9456393481091876,0.8725416720859758,0.13230633247627843,0.1107062460377188,-0.13852133419633708,-0.22805104771690551,0.2625801555894495,0.3595224766371098,0.3884463265595689,0.1720708826401223,0.1666866855766873,0.04254118803241137,-0.04472914949297427,-0.10792602077571291,0.8839381796250486,0.85197350964085,-0.03596213549238991,-0.3349010620751387,-0.22081271626275076,-0.049601835501142895,0,0,0,0,0,train
2794318a-9a4b-41aa-adee-7f06e8a3be4f,8,9,1,0.15639190669856282,0.15285303350555265,-0.07469749722132704,0.52100125126818,-0.29537605481628715,0.13231039157725805,0.1107062460377188,-0.1385325864250075,0.1053209202917967,1.529136089683187,0.3569932918646453,0.34515581244344185,0.1720708826401223,0.1666866855766873,0.04254118803241137,-0.04472914949297427,-0.10791524806572403,1.1905464990144774,1.0897542680735388,-0.0872144735091449,-0.09158884455486108,-0.0035541986732504113,-0.0496018355091953,0,0,1,1,0,train
2794318a-9a4b-41aa-adee-7f06e8a3be4f,9,10,1,0.15639190669856282,0.15285303350555265,-0.07469749722132704,1.8595980578188385,-0.7198785455590617,0.1321632491667471,0.1107062460377188,-0.13812469313570536,-1.5567084186487414,0.4457503144616879,0.35162789311734033,-2.009848155473807,0.1720708826401223,0.16668400726043492,0.04256170656031464,-0.044729149438436124,-0.10786138451577962,1.4504863723355716,1.9895677874963003,-0.40189572868726325,-2.714125658488105,-3.3727724747566614,-0.04960183548590079,0,0,0,0,0,train
d2df7488-c7b1-4164-be30-61ef2769f3db,0,1,1,0.15620411471655504,0.15279789467979346,-0.07439396917576555,1.1721616098298027,-0.024188858401644156,0.1322302243329107,0.11067349984026834,-0.13837786828078943,-0.19916015937780832,1.1434355823997007,-0.7919854720109638,0.28454909268087014,0.1719974922349718,0.1666369454177145,0.042359452499553876,-0.044729149976029885,-0.10647170492721371,0.9768275212294426,0.9818418133959859,-0.08135397174117669,-0.5814101544419613,-0.4493051877299422,-0.049601835469674026,0,0,0,0,1,train
d2df7488-c7b1-4164-be30-61ef2769f3db,1,2,1,0.15639069513738857,0.15284690696935718,-0.0747051491888622,1.834120936084413,-0.7188359466758857,0.1321612196162573,0.11067349984026834,-0.1381865803933926,-2.277955889501965,-1.1325422000399548,-0.09539647581631436,-0.4427315444700523,0.1720211912199683,0.16643989786486071,0.04405076544243733,-0.04472914548037309,-0.10238884784142704,1.332517408052904,1.5818398834037333,-0.2776356327211292,-1.8398194198533238,-1.8469511693116671,-0.04960183554441815,0,0,0,0,1,train
cc3665cc-b623-4ce5-a566-4f561562da34,0,1,1,0.14009762046616106,0.13516419187519693,-0.06985125111572325,-1.3272020820017756,-0.5819088796339739,0.1183217148262683,0.09794205115650757,-0.12607074317253622,0.5491181113760036,-1.8476013722992486,-1.0745665226109256,0.2152842700950722,0.16715104980318415,0.16186495108918558,0.0417526903172716,-0.04472915159037249,-0.10713961294652445,-0.7418573283312446,-0.844672979106628,0.5391493639727027,0.9213201721553729,0.8450966614502962,-0.04960183662060789,1,3,0,0,0,train
cc3665cc-b623-4ce5-a566-4f561562da34,1,2,1,0.1488608424394648,0.14504323149038392,-0.07184841464240102,-1.0880186615703056,-0.2204534940065343,0.12465594190495369,0.104372585680842,-0.13037190758179776,0.21857591483230154,-2.0560878912948475,0.049789006720418985,0.22394237291829452,0.16725387281873355,0.16477513300570185,0.020246341856377508,-0.04472920877018288,-0.10698879500668008,-0.6642128022119276,-0.5972866501426157,0.3620095494481768,-0.1472304678485931,-0.0524388848902032,-0.049601836103373154,1,1,0,0,0,train
cc3665cc-b623-4ce5-a566-4f561562da34,2,3,1,0.14108383126199533,0.14383324059177963,-0.057490772890588515,0.20034148408855973,0.6286962979154104,0.11465837619216798,0.10210764035718506,-0.10732734326481255,0.2638186659990043,-2.168521686983416,0.23419049192425964,0.024806007984113476,0.17016120313943525,0.16459300750053993,0.04393644792983342,-0.04472914578317297,-0.10258275662122694,-0.393772202071948,-0.63487890261463,-4.043960398261903,1.6072965646189006,1.3978746062891003,-0.0496018324820847,1,1,0,0,0,train
cc3665cc-b623-4ce5-a566-4f561562da34,3,4,1,0.14342335588945967,0.14388684778348992,-0.062326816372812094,-0.6459404803731401,-0.6051420406749528,0.11882098424676064,0.10220724337443021,-0.1186611505930759,0.054951380083421604,-1.5631662167465985,0.35925160583253435,0.10272893339314527,0.16997925609333295,0.16472156668065424,0.04155629869305463,-0.044729152111605774,-0.10453261712921477,-0.43486772809280627,-0.5579012906487683,0.4545789710972332,0.8840263482483063,0.8148054533740544,-0.0496018346940354,0,0,1,1,0,train
cc3665cc-b623-4ce5-a566-4f561562da34,4,5,1,0.13886788587430385,0.1400684840996665,-0.059095135417127874,-0.46350391741557523,-0.34279522663573747,0.1188707082337609,0.09795296655565773,-0.12757010264286742,-0.09804397398245485,-1.325640456403107,0.345330622679353,0.16333565315572085,0.17010768930234635,0.1643221149424419,0.04560137990826982,-0.0447291413560073,-0.0945570876795091,-0.3507164669274469,-0.48696243715415855,0.44349623092567975,0.9219162329997846,0.8455379134652564,-0.049601834256661356,1,1,1,1,0,train
cc3665cc-b623-4ce5-a566-4f561562da34,5,6,1,0.15105740284836838,0.1485966224837535,-0.07055523212895833,-0.9842877598177031,-0.2450830166400194,0.12643179858353418,0.10573018845014238,-0.1324957657433363,0.09583700116588875,-1.2489471681529343,0.1715438474824471,0.12870324186281998,0.16970862897434047,0.16585564230523406,0.030792865198655952,-0.04472918072398345,-0.10269048372111578,-0.2731667244147344,-0.45537738491722307,0.516053804673227,1.169850822834914,1.0458173471180854,-0.04960183547634925,0,0,1,1,0,train
cc3665cc-b623-4ce5-a566-4f561562da34,6,7,1,0.14469549512241542,0.14628079180186782,-0.061018329924299064,-0.04085894707958026,0.05224293799044835,0.11292818439960813,0.10408469202825668,-0.09845496095819985,-0.32520424298634915,-0.4179794326552067,0.35390904396805073,0.1546775503324966,0.17124065368185723,0.16556141013407957,0.044795294883498676,-0.044729143500522664,-0.10002962435386167,-0.23863821785505285,-0.3356650576693545,0.3534630852069893,0.6177967494190426,0.5973198662015524,-0.04960183305500174,1,2,0,0,0,train
cc3665cc-b623-4ce5-a566-4f561562da34,7,8,1,0.14973558960726865,0.14592238943443311,-0.07222591170746911,-1.006237338180692,-0.38460092205368657,0.12324540431453833,0.10195346034418913,-0.13144930847698882,-0.5698422705529846,-1.3152161759441627,0.22810763444165058,0.21528427009506643,0.17094670981956173,0.16533107493637478,0.0443057814320922,-0.04472914480170604,-0.09785353693610731,-0.10776973469898946,-0.11675002744625362,0.24278863526177863,0.01840433011012987,0.09245729806946115,-0.04960183519829566,1,1,1,1,0,train
cc3665cc-b623-4ce5-a566-4f561562da34,8,9,1,0.13397317873035985,0.1457998587105238,-0.03924593163091275,0.38928759623398623,-0.04180097013530723,0.11613182984776733,0.10062451049765789,-0.11446969541335081,0.35398215766341967,-0.3167147910252193,0.2808392655918603,0.30186529832732056,0.1707166003200794,0.16481071635019778,0.04652764488218866,-0.04472913889390073,-0.08863209718562345,0.13154628733474868,0.14565236424364608,0.15836462608496418,-0.23295281077347746,-0.1288586573727821,-0.0496018349271121,0,0,0,0,0,train
cc3665cc-b623-4ce5-a566-4f561562da34,9,10,1,0.13299423730157103,0.1271368978250892,-0.06826474318009927,-1.3169449293468594,-0.5239053297765044,0.11388410268030688,0.09130412404832022,-0.1274547672989958,-0.5666135038660421,-1.0516296700720074,0.3223567185610748,0.21528427009506643,0.17019675161693001,0.16385991408060235,0.04982526543807061,-0.04472913012341483,-0.07238685052238789,0.4184023176738615,0.3857573206251917,0.1007828028701099,-0.10505597297692651,-0.015382510907847775,-0.04960183486749717,0,0,1,1,0,train
cc3665cc-b623-4ce5-a566-4f561562da34,10,11,1,0.1545951614771596,0.15087263068036866,-0.07421287261076666,-1.580828396101561,-0.6671659340064537,0.13112817841694588,0.10920810750436018,-0.13834411159477822,0.24579100820318253,0.6929557701429567,0.34087806488704586,0.2932071955040963,0.16924688100860188,0.1661602051247906,0.024918703781778243,-0.04472919633726507,-0.10525438869846993,0.6808829841372652,0.6267494619570679,0.03588296893413464,-0.11017864690314089,-0.019897574096639496,-0.04960183573488558,0,0,1,1,0,train
cc3665cc-b623-4ce5-a566-4f561562da34,11,12,1,0.15638463733151733,0.15284843860340605,-0.07468984525379188,-0.7213998910084689,0.23392784524246663,0.13224544596158425,0.1106666777157995,-0.13843412942414146,0.5507474831681224,0.5157421147148423,0.1818692903069781,0.2326004757415207,0.171544918069877,0.16653172585065668,0.03969497509040126,-0.044729157058372444,-0.10745202153620206,0.9443335135328988,0.8623296772779266,-0.02551191619510371,-0.07883127615106954,0.007644809150169885,-0.04960183571970527,0,0,1,1,0,train
cc3665cc-b623-4ce5-a566-4f561562da34,12,13,1,0.15639190669856282,0.15284843860340605,-0.0747051491888622,1.8596146742712656,-0.7198847409609668,0.13213990933611433,0.11065439789175557,-0.13816688899321938,0.3842563589893172,0.4904259543073454,0.13671442939060743,0.2585747842111993,0.17191607475425796,0.16601174988108716,0.046524713663916764,-0.04472913890367575,-0.0932966806108098,1.2018677721125097,1.4565677028575112,-0.2436046548909026,-1.8180973878858304,-1.8176371412122185,-0.049601836018947625,0,0,1,1,0,train
fd45ca77-d554-4037-a7ab-473aba809efc,0,1,1,0.15639190669856282,0.15284843860340605,-0.0747051491888622,1.8590615837833329,-0.7198514062799066,0.13214701276282864,0.11067622869005588,-0.13814157147871098,-1.357520891368118,1.5053083006545693,-0.8091936975747073,0.2326004757415188,0.17207164712350928,0.16667482446185533,0.04263791823538391,-0.04472914923586554,-0.10758129405606866,1.6274188850996403,1.8532352049015632,-0.35052671265578145,-1.8459417875794761,-1.8552635351852604,-0.04960183559856796,0,0,0,0,1,train
a7e67c91-ef08-476c-ac70-dcf55bc4b35d,0,1,1,0.07180918644109666,0.07273631967745957,-0.030048266653645756,-0.3849076658389318,-0.02958090440778899,0.12534497429624292,0.10433438178381646,-0.13236073899929146,-0.3488366724823673,1.1963018804847108,-0.05291099275861706,0.2152842700950722,0.1378441969214434,0.14585129821619638,-0.06030646747357077,-0.044729423751559895,-0.02914519262701151,0.1560329212014259,-0.08672883329906556,0.5655103153343822,1.3213761089894411,1.1677702849919638,-0.04960183594334103,1,4,0,0,0,train
a7e67c91-ef08-476c-ac70-dcf55bc4b35d,1,2,1,0.056896079947332596,0.05663271928768037,-0.025469839411772693,-0.9740142065084432,-0.4160094975198164,0.12382991485560253,0.10309002628069891,-0.13072635278491546,-0.289053755562022,-0.31373627301533913,0.30979389557790765,0.15467755033249275,0.15125591122100435,0.14110379135054638,0.07891174435008534,-0.044729052433461126,0.09250024856745537,0.16436519772516667,0.02088441956174865,0.267703616185469,0.6928323665380869,0.6588944965681719,-0.049601835264204946,1,1,0,0,0,train
a7e67c91-ef08-476c-ac70-dcf55bc4b35d,2,3,1,0.02881814973423793,0.05431995187389241,0.029790119471335853,-0.788200619342662,-0.3308032047462101,0.12137923263916145,0.1027843951044946,-0.12456294453070224,-0.49276832752279864,0.07792056018705884,0.35562561632678885,0.007489802337670723,0.1465130562881531,0.13824947145872263,0.06440807634074855,-0.0447290911123067,0.12405351612489368,0.28200707716357176,0.011907058527024096,-4.027159332719188,1.426399873333113,1.252247651129845,-0.049601835258965214,1,3,1,1,0,train
a7e67c91-ef08-476c-ac70-dcf55bc4b35d,3,4,1,0.09409343111895858,0.09171020227481404,-0.04536495500319881,-1.0412074176069466,-0.6251875737659417,0.12672608340455607,0.10506162025219545,-0.1346899503340649,0.09529679284568066,0.16057044064396164,0.36073790628949054,0.22394237291829644,0.14366153325470124,0.15372899154766545,-0.07604710959364727,-0.044729465337456684,-0.08158674485289397,0.2721931035455819,0.058755834873500466,0.3383285717084248,1.0735216228506956,0.9681371758920404,-0.04960183546824301,0,0,1,1,0,train
a7e67c91-ef08-476c-ac70-dcf55bc4b35d,4,5,1,0.034957130204130084,0.07999320180098762,0.059620039579249745,-0.2908089115419967,-0.7048627347804858,0.12335500004098786,0.10420885469358969,-0.1271031351530457,0.542453204694896,0.8805938835552276,0.3612428551429849,0.007489802337670723,0.15912588544831532,0.14468163924712063,0.11185277528964208,-0.044728964629520994,0.16598090340162633,0.32340778159194983,0.23028823791560646,0.16992187477148823,0.3008042443495941,0.33359704654400607,-0.049601835418612635,0,0,1,1,0,train
a7e67c91-ef08-476c-ac70-dcf55bc4b35d,5,6,1,-0.006834460940227518,0.004192632722599484,0.02137040452681052,-0.8205096926016525,-0.6039819126240107,0.12004784751784854,0.09913592293855565,-0.12839432839297443,0.07198484803671128,-0.18641057518756657,0.3613456211156809,-0.23493707671263933,0.15008739836399868,0.12378235491318001,0.2026501924798636,-0.044728721060772386,0.5616840867132769,0.5109255244535948,0.42181788006058674,0.10929074572783994,0.18065806217196687,0.23182706259962524,-0.04960183539728011,0,0,1,1,0,train
a7e67c91-ef08-476c-ac70-dcf55bc4b35d,6,7,1,0.15606115049799432,0.1525574281341215,-0.07449344475372267,-1.343021268409559,-0.29903441938902686,0.13224443118633933,0.11065576231664934,-0.13845382082431465,0.3895859360360838,-0.6286997292049582,0.3603395295558292,0.19796806444862175,0.12920859258206754,0.1666503369989764,-0.2858695759324398,-0.04473002241159533,-0.10764593031600195,0.7203040765473891,0.7006442344600877,0.005044320627423038,-0.3256858741912047,-0.2124435168956643,-0.04960183544003722,0,0,1,1,0,train
a7e67c91-ef08-476c-ac70-dcf55bc4b35d,7,8,1,0.15638463733151733,0.15284997023745492,-0.07468729459794683,0.9629604737718326,0.6715996534779668,0.13230430292578862,0.11070351718793126,-0.13852133419633708,0.5572150317749173,0.6274313918541983,0.3529289610803011,-0.5033382642326202,0.17203456967924052,0.16668056371096757,0.04230962178893166,-0.044729150108476425,-0.10781829367582409,1.0251146411991372,0.9386362689401362,-0.046765896640570986,-0.09281402925353818,-0.004629425100108116,-0.04960183555503462,0,0,1,1,0,train
a7e67c91-ef08-476c-ac70-dcf55bc4b35d,8,9,1,0.15639190669856282,0.15284997023745492,-0.07470259853301715,1.8584590755342856,-0.7072011585746847,0.13215411618954295,0.11069533063856865,-0.13812188007853776,-1.0996813150235194,0.3794815729582777,0.34850494939152066,-2.451411399458292,0.17206476677302643,0.16646629841077706,0.04418267026467261,-0.0447291451297754,-0.1019040758919273,1.285285479672115,1.585623047413439,-0.2819729243813981,-2.0096179435452313,-2.086086185976014,-0.04960183563344358,0,0,1,1,0,train
e52fc7da-6ea0-48b5-849d-ee9ecba4dbb0,0,1,1,0.15627317370348692,0.1528193375564776,-0.0745036473771029,0.42490053815089696,-0.28026632585602157,0.13206583074323638,0.11067486426516211,-0.13791933996247052,-0.09060152318764529,-1.7820770383917932,-0.7012748360131366,0.32783960679699525,0.1720666779814939,0.1666797984777526,0.04256170656031464,-0.044729149438436096,-0.10783983909580185,0.3891292315876181,0.23850917506115002,0.19960493654863715,0.6183113122283694,0.5977161899402026,-0.04960183558684508,1,3,0,0,0,train
e52fc7da-6ea0-48b5-849d-ee9ecba4dbb0,1,2,1,0.15612536324022921,0.1527703252669139,-0.07427408835104797,0.3475347672461974,-0.5267740732852707,0.1320029146780524,0.11056571027366056,-0.13796997499148733,-0.16874876589997004,-0.6852890860397124,0.32008698615177505,0.3971044293827951,0.17206400228963944,0.16667826801132268,0.04255291290549895,-0.044729149461809586,-0.10775365741589078,0.5199125820030736,0.2302109046426225,-3.9771788422005896,1.4221031823955992,1.2487916219874413,-0.049601835531643226,1,2,0,0,0,train
e52fc7da-6ea0-48b5-849d-ee9ecba4dbb0,2,3,1,0.15619563378833534,0.1528239324586242,-0.07433275343548423,0.5051642615185102,-0.22732523783568778,0.13210642175303253,0.11066122001622442,-0.13805999282085055,-0.007939132354143261,-0.9332390824608452,0.350303353913702,0.3624720180898942,0.17206247332286548,0.166682476794005,0.04250894463142053,-0.044729149578677074,-0.10783983909580185,0.5108409843868735,0.2806739016967376,0.2713940302951426,1.0507417818105769,0.949743677594819,-0.04960183545883572,0,0,1,1,0,train
e52fc7da-6ea0-48b5-849d-ee9ecba4dbb0,3,4,1,0.15630709741636575,0.1528239324586242,-0.07456741377322926,-0.5125915074624136,0.9941530819023916,0.13219369242409418,0.11067759311494965,-0.138268159051253,0.3663922504558667,-0.7113497871870732,0.34416974780260107,0.3364977096202195,0.1720666779814939,0.16668285941061248,0.042538256814139475,-0.04472914950076543,-0.10785061180579072,0.5660066973239138,0.3456154969830916,0.2289838102576542,0.9596171301126138,0.876059170346001,-0.04960183549170978,0,0,1,1,0,train
e52fc7da-6ea0-48b5-849d-ee9ecba4dbb0,4,5,1,0.15627923150935816,0.1528239324586242,-0.07450874868879301,0.2868974479739807,-0.37127569180883063,0.13208612624813446,0.11062028726941134,-0.13808812339252657,0.3427250952370055,0.9327152858499492,0.3546867666996889,0.3711301209131185,0.17206706022318738,0.16668056371096757,0.04255877534204274,-0.044729149446227266,-0.10778597554585743,0.6370002889133832,0.4623204234602312,0.14187060309824912,0.6364479784229133,0.6126251354228125,-0.04960183549968699,0,0,0,0,0,train
e52fc7da-6ea0-48b5-849d-ee9ecba4dbb0,5,6,1,0.15637857952564613,0.15284690696935718,-0.07467964263041166,-0.25543367121402777,-0.21908050219577266,0.13226980056746193,0.11067759311494965,-0.13847913833882305,0.43908241890190836,0.10100327590017594,0.33448056590778713,0.3797882237363447,0.17206476677302643,0.16668553772686487,0.04250308219487674,-0.04472914959425935,-0.10788292993575738,0.7645811074975871,0.7034859849725719,0.015252787198026432,-0.11117948147095519,-0.020780144380001975,-0.04960183552796443,1,1,1,1,0,train
e52fc7da-6ea0-48b5-849d-ee9ecba4dbb0,6,7,1,0.15638948357621432,0.15285303350555265,-0.07469239590963693,0.41854032123679635,-0.4430953829605951,0.1322971994990743,0.11070215276303749,-0.13850445585333146,0.1761817429898566,1.2432111425499601,0.3404866660898022,0.3797882237363447,0.17206973591504182,0.1666851551102574,0.042544119250683264,-0.044729149485183105,-0.10791524806572403,1.0282212183380708,1.0650800901070756,-0.11076261232753154,-0.7726573485978706,-0.6336652975665296,-0.04960183551708767,0,0,1,1,0,train
e52fc7da-6ea0-48b5-849d-ee9ecba4dbb0,7,8,1,0.15639190669856282,0.15284997023745492,-0.07470259853301715,1.8574676991388261,-0.7198560665672851,0.13215817529052257,0.11069533063856865,-0.13813313230720817,-1.341477544052257,-0.4827592702041011,0.2847570597114341,0.20662616727184407,0.17206935367334833,0.1666752070784628,0.042617399707480644,-0.044729149290403766,-0.10765670302599084,1.4235127738948037,1.6874363952077165,-0.307591422192946,-1.9222510487851463,-1.960736738145587,-0.04960183551460024,0,0,1,1,0,train
5ae34f62-6145-4c62-9ccf-e05ada04567d,0,1,1,0.14561870473718902,0.1451979265293194,-0.06476524336068432,-0.525757780131063,-0.46584649941991557,0.12195359542777663,0.10228774444316259,-0.1271790876965709,0.3084279082798267,1.1129072817627317,-0.5614223999730446,0.2585747842111954,0.16683073126403766,0.16200116260144956,0.03825281570062889,-0.04472916089976706,-0.0995017615644064,-1.6149224764348662,-1.4770411077785053,0.6007442667600673,-0.09043007225949293,-0.0010888087657748794,-0.049601835300789834,0,0,0,0,1,train
5ae34f62-6145-4c62-9ccf-e05ada04567d,1,2,1,0.15062851019268617,0.1502232178436494,-0.06694350345236097,0.022978118275282525,-0.5703624855584378,0.12393240715533775,0.10553234684054584,-0.12597509922883782,0.8749563934283161,-0.5021185721170497,-0.09448870972416569,0.13736134468604616,0.16738995086161676,0.1641070844090364,0.026407762663900936,-0.04472919239275414,-0.06842249324647894,-1.3555121838050654,-1.3431627591754969,0.6130424541166356,0.5298384445771539,0.5252261257380937,-0.04960183530500486,0,0,0,0,1,train
5ae34f62-6145-4c62-9ccf-e05ada04567d,2,3,1,0.15346840958511307,0.15106408493647694,-0.07152193069423403,-0.3824510204567135,0.4253262891970058,0.12811328116433868,0.10822572158084633,-0.13201191991050898,0.42466911128203,-0.7433675243541945,0.15082318246920878,-0.07043312307135723,0.16949380914259785,0.16437453341766708,0.040492266460356724,-0.044729154940957284,-0.05866241799655094,-1.2091575283414082,-1.1269649427460933,0.5144798515372707,0.0338063663630242,0.10628574722363883,-0.049601835519705026,1,1,0,0,0,train
5ae34f62-6145-4c62-9ccf-e05ada04567d,3,4,1,0.15542265775916794,0.1519769388296012,-0.0741159476886546,-1.3244401902304894,0.15885238712165214,0.13107845442994565,0.10966246099398533,-0.13726952375675475,0.8188448560094527,-0.5065863491318701,0.21014261995552183,0.24125857856474497,0.1697609960863489,0.16576917095194288,0.03185689743135386,-0.04472917789580917,-0.10363848220013748,-0.9728119409802466,-0.9300314083044343,0.469333300944862,0.14810223902237346,0.2043255645457708,-0.04960183545050364,0,0,0,0,0,train
5ae34f62-6145-4c62-9ccf-e05ada04567d,4,5,1,0.15568920121750154,0.15223425334981072,-0.07424858179259743,-1.113566079530421,-0.3423774832204186,0.13146305424776392,0.10994216809720803,-0.13775899570391728,0.684636535756571,0.38990585341722206,0.19360998550857664,0.1719937559789413,0.17115426705912798,0.16597310560373138,0.040978848693491304,-0.044729153646123905,-0.10208721196173833,-0.7575259004576225,-0.7695827518081111,0.44366170548037503,0.3678012100902255,0.39000446869888616,-0.04960183552410532,0,0,1,1,0,train
5ae34f62-6145-4c62-9ccf-e05ada04567d,5,6,1,0.1561859412989414,0.15273050278164335,-0.07446793819527213,-0.37483885096136377,-0.6235046325148214,0.13172588103619384,0.1103201137927821,-0.13770836067490047,1.6537594285694177,0.6386003905782188,0.18955580444993086,0.2585747842111935,0.17135800188175934,0.16540224162536662,0.04691456569407881,-0.04472913786623867,-0.08606819220826929,-0.5821248136787676,-0.5357295233062368,0.3498760240341986,-0.06895086375523246,0.01643379346625639,-0.049601835513633175,1,1,0,0,0,train
5ae34f62-6145-4c62-9ccf-e05ada04567d,6,7,1,0.15632284771163094,0.15282699572672193,-0.07459547098752486,0.9690228893307451,-0.5033433998953543,0.13192274743370505,0.11051795540237865,-0.1378462004761129,0.7934287915947436,-0.20502533636065112,0.2604307046438471,0.2758909898576401,0.17078769727506896,0.16372140686869346,0.05541802990084639,-0.044729115250595,-0.06006287029510573,-0.32647848218759296,-0.21112322715386203,0.23865470102882022,-0.5774048669792539,-0.44542687590820934,-0.04960183558656556,1,1,0,0,0,train
5ae34f62-6145-4c62-9ccf-e05ada04567d,7,8,1,0.15636161766920673,0.1528331222629174,-0.07466688935118639,1.7896820683516776,-0.603269536912673,0.131944057713848,0.11056025257408549,-0.1378180699044369,0.7089867683455924,-1.0389715011056528,0.1716846749265121,0.2499166813879673,0.16910850951555773,0.16188293406973728,0.05662569182886716,-0.044729112028419504,-0.05616314927913008,0.028378319755713477,0.4248642278136136,0.029984344535332486,-1.9710840690828997,-2.0301084097025788,-0.04960183549791953,0,0,0,0,0,train
5ae34f62-6145-4c62-9ccf-e05ada04567d,8,9,1,0.15638706045386583,0.15284537533530831,-0.0747000478771721,1.8559424382848628,-0.7156313268043084,0.13217948557066553,0.1105998208960048,-0.13838912050945984,-0.3857392530696753,-2.0255595018952723,-3.705084253374486,-0.20030466541974035,0.16727183817832766,0.12921206718997236,0.29283205383298716,-0.044728480314918134,0.8119018216250623,0.7236343176242254,1.085374378837662,-0.1487140980881966,-2.0560754572812416,-2.1549093570289335,-0.04960183551780752,0,0,1,1,0,train
7d550071-9178-4091-af22-a1cc0085f18d,0,1,1,0.15514521025026617,0.15260490878963634,-0.07248607860366468,-0.03178172439555518,0.7878121639798082,0.1303254911982275,0.11011681448361049,-0.13424548730158395,0.5813434064382572,1.2983114179049864,0.2919005635295237,0.319181503973771,0.170737241371528,0.1665374650997689,0.03345734260780857,-0.044729173638337734,-0.10441411731933706,-0.3348043115513518,-0.4269687526242754,0.38052003135795,0.6384330680613814,0.6142947959648556,-0.049601835942134326,1,1,0,0,0,train
7d550071-9178-4091-af22-a1cc0085f18d,1,2,1,0.1556601237493197,0.15267842722398192,-0.07344767585725027,0.5514898518950206,1.4403425245194688,0.1314843645279069,0.11044700530790265,-0.13677723875242462,0.7795427910954155,-0.0024956980502520466,0.008920501838044513,0.27589098985764776,0.17192180837966034,0.16659983160678865,0.04206339945409247,-0.0447291507629504,-0.10601925110768062,-0.20758214616898,-0.13062220199512412,0.22348450600943612,-0.42328328076641103,-0.3016073299511192,-0.04960183546540574,1,2,0,0,0,train
7d550071-9178-4091-af22-a1cc0085f18d,2,3,1,0.1562719621423127,0.15277185690096276,-0.07458016705245453,-1.1030158191286321,-0.23169555835462385,0.13221703225472695,0.11063802479303034,-0.13841443802396824,0.6367689729726967,0.18886511906133874,-0.34288675288770315,0.24991668138797307,0.17198411377569955,0.16666870259613562,0.04201356874347026,-0.04472915089538684,-0.10765670302599084,0.11638134582018003,0.01960406880578709,0.23788300403977863,0.43022800711684905,0.44202825171930393,-0.049601835437028174,1,1,1,1,0,train
7d550071-9178-4091-af22-a1cc0085f18d,3,4,1,0.15606478518151704,0.15277492016906047,-0.07413890359126007,0.2119585423159807,0.14704674095486447,0.13202929883441988,0.11063802479303034,-0.13789402244796212,0.4052754305231323,1.5365814970818266,0.21965925651346335,0.12870324186281998,0.17205291728052816,0.16662776261913492,0.042854828387504144,-0.0447291486593126,-0.10642861408725818,0.2806074087652332,0.17904911341973775,0.18994238105591837,0.3740626888376466,0.39511205203226535,-0.04960183570722664,0,0,1,1,0,train
7d550071-9178-4091-af22-a1cc0085f18d,4,5,1,0.15628407775405512,0.15279329977764688,-0.07456996442907432,-0.4088829408114502,-0.4025404848641101,0.13221398792899225,0.11065166904196803,-0.13837786828078943,1.0343748259819712,0.18365297883186657,0.3142185416245442,0.2932071955040963,0.17201201741932448,0.1666507196155839,0.042365314936097666,-0.04472914996044644,-0.1073012035963577,0.45491135569439206,0.4000646226598519,0.10346726046592654,0.006116736276459772,0.08176753661102958,-0.04960183544055154,0,0,1,1,0,train
7d550071-9178-4091-af22-a1cc0085f18d,5,6,1,0.15637736796447188,0.15284843860340605,-0.07467454131872156,0.6646217813558943,-0.567824945312797,0.1322576232645231,0.11068577966431226,-0.13842850330980624,0.618559203570621,1.6073181931252694,0.30429908782794834,0.24125857856474497,0.17203495192093402,0.16663579756789207,0.04265550554501528,-0.04472914918911666,-0.1071072948165578,0.6965236032646073,0.69161449082369,0.004210790134145283,-0.39666578885167536,-0.2771960452247665,-0.04960183547876437,0,0,0,0,0,train
7d550071-9178-4091-af22-a1cc0085f18d,6,7,1,0.15638584889269158,0.15284843860340605,-0.07469239590963693,1.639315474376619,-0.6836317014057536,0.13218050034591045,0.11067349984026834,-0.138240028479577,-0.4614327113750309,-0.014409237514136494,0.23140756400933568,0.12004513903959187,0.17202004449488784,0.16656922227819002,0.04305122001172111,-0.044729148137287796,-0.10606234194763615,1.015243403373005,1.1891632214731827,-0.16305769910520693,-1.4233237537521939,-1.3255658136650763,-0.04960183548724415,0,0,1,1,0,train
ab56b445-1f5e-4f50-90b6-ebf101b808c3,0,1,1,0.1558745700771608,0.15226794929888576,-0.07458271770829959,-0.4490445826307757,0.11712403128932976,0.13207902282142012,0.11053432850110387,-0.1382456545939122,0.4198871162920801,-2.2362798095403496,-1.700325023661589,0.06809652210024054,0.17112330548195512,0.1656379334555762,0.04330916721964788,-0.04472914745135723,-0.09038804891381139,0.34085866876467363,0.07748170483291404,0.6288077151876749,1.352121174739186,1.1925005195689358,-0.04960183549325407,1,3,0,0,0,train
ab56b445-1f5e-4f50-90b6-ebf101b808c3,1,2,1,0.15543961961560737,0.152333809562987,-0.07355735405858763,0.2134425857360014,0.346153854763965,0.13195623501678685,0.11054251505046649,-0.1378883963336269,0.5358415634798054,-2.022581139219953,-0.3598431383825556,0.30186529832732056,0.17102315815826016,0.1656149764591272,0.04271706112872507,-0.04472914902542688,-0.10557756999813642,0.3438787410470446,0.11799093142010023,0.33711648352104573,1.1135129960511634,1.000400423528302,-0.04960183561481623,1,1,0,0,0,train
ab56b445-1f5e-4f50-90b6-ebf101b808c3,2,3,1,0.1549986113481827,0.15234912590347569,-0.0726034087725372,0.050082141760985445,-0.4270385267753756,0.13204655001358323,0.11056707469855434,-0.13808812339252657,0.08721759103943258,-1.5735905415868459,0.32713216450216154,0.3018652983273186,0.17100022365665063,0.16569991734598846,0.041890457576050665,-0.04472915122287772,-0.09985726099403955,0.38816307800019423,0.14205644134442325,0.3839997507570066,1.2173805882817117,1.0840858149044046,-0.04960183587423803,0,0,1,1,0,train
ab56b445-1f5e-4f50-90b6-ebf101b808c3,3,4,1,0.1549125905048114,0.1525788710108056,-0.07203971383078012,0.4136108456160994,2.047307841568732,0.13214904231331845,0.1106175584196238,-0.138268159051253,0.2790768865385311,-0.6056171910170532,0.2362267806424967,0.28454909268086626,0.1710850813126059,0.1658885473334776,0.0410960974243671,-0.04472915333449352,-0.10466188964908137,0.4144712857894586,0.22208017271633673,0.24179635432562238,0.8649793539759101,0.799303137206719,-0.049601835264927216,0,0,1,1,0,train
ab56b445-1f5e-4f50-90b6-ebf101b808c3,4,5,1,0.15170679963776293,0.15190342039525562,-0.06641551769243466,1.102901862334473,1.7165090607066336,0.13110585336155803,0.11052477752684749,-0.1355676241703563,-0.15441512374183522,-0.3479876324020523,0.31759459413496716,0.36247201808989615,0.17127352646749755,0.16553194865530338,0.04527308346181757,-0.04472914223030773,-0.09815517281579603,0.5019525384047114,0.3670223356702532,0.14789402623027445,0.46254935270884806,0.4689201425439596,-0.04960183558660794,1,2,0,0,0,train
ab56b445-1f5e-4f50-90b6-ebf101b808c3,5,6,1,0.14904499973794982,0.15118202075823964,-0.062013085703870374,-0.3785419460737028,0.8586087589826781,0.13170152643031616,0.1102805454708628,-0.13772242596073847,-0.09537301590967762,-0.34352003291244415,0.2691582000287397,0.3278396067969972,0.17091727720916283,0.16579251056499936,0.04054502838925083,-0.04472915479949299,-0.10828152020534605,0.6604020602477156,0.5836533223300333,0.05584700922692482,0.03186509979900991,0.10408125653550822,-0.04960183548549625,0,0,0,0,0,train
ab56b445-1f5e-4f50-90b6-ebf101b808c3,6,7,1,0.15620048003303233,0.15267383232183532,-0.0745929203316798,-0.9849612116866909,-0.3622476230154262,0.13224747551207405,0.11064484691749918,-0.13848476445315827,0.17276072873652346,0.21343656120375942,0.32261363349281497,0.38844632655957084,0.171177583802431,0.16564749887076327,0.0436521197574596,-0.04472914653964707,-0.1023565297114604,0.8972211855669219,0.9220889210677963,-0.06802087326379945,-0.6512123180766575,-0.5158069866243253,-0.04960183560220192,0,0,1,1,0,train
ab56b445-1f5e-4f50-90b6-ebf101b808c3,7,8,1,0.1563749448421234,0.15282546409267306,-0.07470769984470726,0.10834287673995108,-0.18790915400092917,0.13228299264564566,0.11068714408920603,-0.13849601668182868,0.09478293298213994,0.7212504485603338,0.3443416587816173,0.38844632655957084,0.17103271420059746,0.1655407488372755,0.04335899793027009,-0.04472914731885298,-0.10366002762011524,1.267196061764258,1.2083926807238772,-0.13303037121997172,-0.36748803023498267,-0.25049754070330005,-0.04960183533372867,0,0,1,1,0,train
ab56b445-1f5e-4f50-90b6-ebf101b808c3,8,9,1,0.1563834257703431,0.15284843860340605,-0.07468729459794683,1.667224640511747,0.42155374850583094,0.1322261652319311,0.1106844152394185,-0.13834411159477822,-0.29631838691629164,0.2975762332412389,0.1522809368226383,0.3971044293827951,0.17092606876811314,0.16388861032616356,0.05519818853045426,-0.04472911583607903,-0.061474095303649404,1.5801808613203667,1.7424928205522379,-0.31510712691290266,-1.5792721531924299,-1.5115833086873376,-0.04960183558670582,0,0,1,1,0,train
1e2e59f4-c6b7-4a5d-9185-b56fc1a62656,0,1,1,-0.02937434502585484,-0.05410595407939461,-0.028262807562107514,-1.5087358806519058,-0.6467727454287906,0.09469267324869876,0.07180922116614534,-0.11444719095601001,-0.6598693676383356,0.10398143885963183,-0.08203816808153684,0.21528427009506643,0.11999580328551845,0.11478589062143044,0.040814700470265176,-0.044729154119382976,-0.025213153481069214,-0.9438849434681421,-1.0963503351826953,0.8940855220183052,1.3433122280344176,1.185421785267144,-0.049601835656157486,1,3,0,0,0,train
1e2e59f4-c6b7-4a5d-9185-b56fc1a62656,1,2,1,0.006055338392549792,-0.007002080540563557,-0.02440876658022997,-1.452626868363216,-0.20347726649550038,0.10676139523633177,0.08255133835479056,-0.12575568076976495,-0.6452759442585609,0.10025855763509979,0.3247019395552562,0.30186529832732056,0.12022094364298536,0.12696916863690655,-0.050794664181271286,-0.04472939912360166,-0.06427499990075898,-0.9393443161637609,-1.0015636240348071,0.5534830316295697,0.7725239692697323,0.7241713549120213,-0.049601835263818735,1,2,0,0,0,train
1e2e59f4-c6b7-4a5d-9185-b56fc1a62656,2,3,1,-0.043874309159201846,-0.009578289010756502,0.07641610831893449,-0.7888182334575521,-0.5892287270347888,0.09558871978994822,0.08201375494664548,-0.09589226587851558,-0.7885392127414056,-0.15662681529046155,0.35607283861537364,0.319181503973771,0.1323922836471641,0.1263080071391758,0.04760633320624604,-0.04472913594463695,-0.053760834951609174,-0.83572430144638,-0.827637270445742,0.4522991020427951,0.2861399540291771,0.3214137492661003,-0.04960183476030782,0,0,1,1,0,train
1e2e59f4-c6b7-4a5d-9185-b56fc1a62656,3,4,1,0.14958050977696546,0.14966263978176436,-0.06567072618567871,-0.3845811633386423,-0.30648691257449434,0.13047669270971807,0.10960924842312833,-0.13571109008590393,-0.1622383926195359,0.5760545302993406,0.3539832638372201,0.22394237291829452,0.13173177000080957,0.16566165568524016,-0.2589463361050836,-0.04472995097283705,-0.09493413252912002,-0.6455895125040712,-0.750710116805897,0.5062729013142572,0.8843138068291824,0.8150622459743814,-0.049601834312009825,1,1,1,1,0,train
1e2e59f4-c6b7-4a5d-9185-b56fc1a62656,4,5,1,0.15417596131087133,0.15122184324351015,-0.07274879615570531,-0.3217820867652685,0.0846421591900593,0.13139709385684523,0.1102450704236248,-0.13695164829681586,0.0936454337766594,-0.49988494989745774,0.31043840315975463,0.20662616727184407,0.17104685714325668,0.16599606260018035,0.03997930326277509,-0.044729156303180174,-0.10718270378647998,-0.5614934119453111,-0.8225861087618747,-4.020517825337115,1.8232013415251196,1.5723514727648726,-0.04960183583789686,0,0,1,1,0,train
1e2e59f4-c6b7-4a5d-9185-b56fc1a62656,5,6,1,0.15231742646958168,0.15160322012167785,-0.0682009767839729,0.2154057009013247,-0.0009749208908099191,0.13011847704826726,0.10999265181827748,-0.1339276118416451,0.6701060610693539,-0.15811589677018947,0.35548034837773085,0.1719937559789413,0.17138093638336888,0.16613571766191168,0.041471293363169674,-0.04472915233699157,-0.10594384213775844,-0.6400676261374729,-0.7868747648630254,0.5921921820235542,1.1437676704291562,1.0248178164317499,-0.04960183544675941,0,0,1,1,0,train
1e2e59f4-c6b7-4a5d-9185-b56fc1a62656,6,7,1,0.1493478900315107,0.14872834301195598,-0.06673690032891155,-0.43788587953264424,0.26764372405754894,0.13097697690545532,0.10946325495949502,-0.1373989243864644,-0.46588124383935425,0.14791253796542542,0.34553742334045745,-0.009826403308789332,0.1715204546014935,0.16576993618515787,0.04534343270034305,-0.04472914204356245,-0.09579594932823066,-0.6010282931385387,-0.680361489742884,0.45658876765307016,0.6995931996119981,0.6644925051948405,-0.0496018348912643,0,0,0,0,0,train
1e2e59f4-c6b7-4a5d-9185-b56fc1a62656,7,8,1,0.14943269931370776,0.14645692971748742,-0.07069806885628138,-1.2453709632044014,-0.6068916303505498,0.13053453489867756,0.10932271919543679,-0.13646217634965332,-0.30913066527668775,0.5849897292785571,0.34282490914756597,0.18930996162539557,0.17115503154251496,0.16518376754249378,0.04703181442495461,-0.04472913755412357,-0.08535719334900302,-0.4845888998745876,-0.4265306640483095,0.31427358064927247,-0.18414864580358145,-0.08523622883478106,-0.049601835765089836,1,2,0,0,0,train
1e2e59f4-c6b7-4a5d-9185-b56fc1a62656,8,9,1,0.14423389031502862,0.14988013181670337,-0.05405248881145487,-0.6725744956330462,3.582179731816733,0.12891495360781216,0.10975524188676164,-0.13108079798803313,0.15760337862091958,0.7979438255731126,0.34890269176732586,0.319181503973771,0.1705694372680849,0.16571177846082044,0.03849610681719618,-0.04472916024640722,-0.09059273040360016,-0.2071032315179771,-0.2566659995515813,0.30130152941103805,0.31084801263880396,0.34208450444323824,-0.04960183542544633,0,0,1,1,0,train
1e2e59f4-c6b7-4a5d-9185-b56fc1a62656,9,10,1,0.15588183944420628,0.1523384044651336,-0.0744806914744974,-1.110052994630577,-0.3962644991367312,0.1321003331015631,0.11048248035514065,-0.13841162496680065,0.0188838832728836,1.0823789811257627,0.3587447539054716,0.2585747842111954,0.17109693080510416,0.1663867141564206,0.03737051900078848,-0.04472916323722131,-0.10716115836650222,-0.02140864604331182,0.024390804588050232,0.1857704738902805,-0.3382225756198614,-0.22379472558372818,-0.04960183550527053,0,0,0,0,0,train
1e2e59f4-c6b7-4a5d-9185-b56fc1a62656,10,11,1,0.15631800146693395,0.15280402121598893,-0.07462352820182046,-0.7773851430962889,-0.5116966405409791,0.13224544596158425,0.11065439789175557,-0.13845944693864987,-0.24099694627652835,1.1047166235233794,0.32818646725908057,0.2932071955040963,0.17177120515242442,0.16647548120935665,0.04186114539333172,-0.044729151300582706,-0.10735506714630211,0.2858402270179147,0.26733919355101565,0.13161948952265107,-0.12149030790890393,-0.029853312935535482,-0.04960183548594317,0,0,1,1,0,train
1e2e59f4-c6b7-4a5d-9185-b56fc1a62656,11,12,1,0.15637131015860067,0.15283924879911287,-0.07467709197456661,0.8735300794145962,-0.4272028348449724,0.1322616823655027,0.11067895753984341,-0.13845382082431465,0.17128452700783692,1.4122343172639342,0.21743075736481327,0.18065185880216938,0.1718598852253146,0.16634806987906478,0.04351728371695243,-0.04472914689838148,-0.1040047543397595,0.5514293094434981,0.528905798569909,0.055850324813640786,-0.22817990994084997,-0.12460517039632175,-0.049601835421319206,0,0,1,1,0,train
1e2e59f4-c6b7-4a5d-9185-b56fc1a62656,12,13,1,0.15638463733151733,0.15284843860340605,-0.07468984525379188,1.6126654900585362,-0.5194561962106292,0.13223631298438013,0.11067895753984341,-0.13838349439512465,-1.195854338200096,0.526911290964075,0.2959261984846428,0.11138703621636761,0.1717325987413817,0.166207266967511,0.04361987635646875,-0.044729146625613656,-0.10397243620979285,0.8373716650058256,1.0168546675963424,-0.11580839080149206,-1.381012234866875,-1.276710181233966,-0.049601835770646606,0,0,1,1,0,train
07078abc-aed2-4463-abc7-4c178cb9e0f3,0,1,1,0.15598482214401696,0.15268608539422623,-0.07411849834449964,0.49532753747971375,2.2752247562875043,0.1316771718244385,0.11047702265556557,-0.13724983235658153,-0.0382989617964783,1.1479028268388847,-0.3009709231848273,0.2152842700950722,0.17201583983625943,0.16657649199373217,0.04296328346356426,-0.04472914837102811,-0.10595461484774732,-0.34953113173224315,-0.4780673390953055,0.43099751950403464,0.8729286901320892,0.8057871295950826,-0.04960183537248534,1,3,0,0,0,train
07078abc-aed2-4463-abc7-4c178cb9e0f3,1,2,1,0.15621017252242628,0.15274122421998543,-0.07450109672125783,-0.25279057628769164,-0.2223842765903712,0.1319136144565009,0.11047838708045933,-0.1379024616194649,0.4676139430623773,-1.0806688004666423,0.1681068966178339,0.2932071955040963,0.17196079703239653,0.1666637285802383,0.041872870266419296,-0.04472915126936491,-0.1079367934857018,-0.26344267997212445,-0.3341577874561854,0.3364993643204925,0.46882850369679424,0.4741753098391541,-0.049601835185489516,1,1,0,0,0,train
07078abc-aed2-4463-abc7-4c178cb9e0f3,2,3,1,0.15616534475897925,0.15274581912213203,-0.07439907048745566,-0.6013133288125775,-0.3727219112201613,0.13195623501678685,0.11048111593024687,-0.13801498390616895,0.531298745927057,-0.5899807703286368,-0.7804877358682701,0.2932071955040963,0.17204794813851276,0.16666334596363083,0.042544119250683264,-0.04472914948518308,-0.1074951123761576,-0.1061219999081075,-0.23277837966377188,0.34126218154680193,0.7315891742112983,0.690619791708125,-0.04960183712185976,1,2,1,1,0,train
07078abc-aed2-4463-abc7-4c178cb9e0f3,3,4,1,0.15612051699553225,0.15271365480710583,-0.07435825999393478,-0.20957075192847627,-0.27006383986359955,0.13160309323156055,0.11040743698598333,-0.13718794509889431,0.6801932909000091,-0.7321983481049619,-0.10896729343290165,0.3018652983273186,0.17204756589681927,0.16666755474631315,0.04250894463142053,-0.044729149578677276,-0.10762438489602419,0.004705093893039595,-0.1366943933387627,0.3205464373478492,0.7645897774038548,0.7175692598294022,-0.049601834649672494,0,0,1,1,0,train
07078abc-aed2-4463-abc7-4c178cb9e0f3,4,5,1,0.15574250990916824,0.15273050278164335,-0.07353439815598213,0.6198730275752965,0.5519291006087792,0.13092014949174074,0.11023415502447464,-0.13565201588538434,0.016316718143847123,-0.8371863147725117,0.28324475058237586,0.3105234011505467,0.17205177055544768,0.16666066764737847,0.042593949961305486,-0.04472914935273284,-0.10745202153620206,0.10974327863993057,-0.03676709949012554,0.29007305931848104,0.7406422403816554,0.6980098925107047,-0.04960183400249357,0,0,1,1,0,train
07078abc-aed2-4463-abc7-4c178cb9e0f3,5,6,1,0.1563143667834112,0.15279483141169575,-0.07463118016935562,-0.6779355674206824,-0.46024068159058423,0.1322281947824209,0.11063256709345526,-0.13845663388148224,-0.12288934999285252,-1.2429904871835982,0.3579486347960051,0.3105234011505467,0.17204489020496483,0.16667444184524785,0.04243566417462315,-0.04472914977345653,-0.10773211199591302,0.21898293400795538,0.07193726650648044,0.25308147322282215,0.6860566279673497,0.6533416017040468,-0.04960183516855175,1,1,1,1,0,train
07078abc-aed2-4463-abc7-4c178cb9e0f3,6,7,1,0.1563143667834112,0.15280861611813554,-0.07460822426675014,-0.057755397520044154,-0.23440014799323314,0.13224341641109444,0.11065439789175557,-0.13845382082431465,-0.14059310775455502,-1.0300363021264365,0.3341069291305156,0.319181503973771,0.17205865090593053,0.16667061567917302,0.04257050021513032,-0.04472914941506248,-0.10785061180579072,0.33781760891125084,0.29923155070099705,0.12827778036412096,-0.03061876776201936,0.049813584217267504,-0.04960183579366852,0,0,1,1,0,train
07078abc-aed2-4463-abc7-4c178cb9e0f3,7,8,1,0.15636161766920673,0.15282086919052645,-0.07468729459794683,-1.0603991504127144,-0.1037563860656444,0.13228197787040075,0.11067622869005588,-0.13851570808200186,-0.40214938284226676,-1.6182661814325034,0.23224872252658874,0.24991668138797307,0.17205482848899561,0.16666946782935058,0.042549981687227054,-0.04472914946960073,-0.10790447535573515,0.5862937590824037,0.41977269290920594,0.15031808463640917,0.6127070697472572,0.5931018596671117,-0.04960183496833437,0,0,1,1,0,train
07078abc-aed2-4463-abc7-4c178cb9e0f3,8,9,1,0.15638100264799462,0.15283924879911287,-0.07469749722132704,-0.3168131200952966,0.36732118877850417,0.1322911108476049,0.11069396621367487,-0.13850445585333146,0.45464896007360855,-0.6689079470862197,0.35604936737469617,0.34515581244344185,0.17205368176391514,0.16666831997952813,0.042549981687227054,-0.04472914946960072,-0.10789370264574626,0.7180682956013109,0.5144684597335305,0.14735257969028986,0.7732645395771003,0.7246341889213208,-0.049601835627478205,0,0,1,1,0,train
07078abc-aed2-4463-abc7-4c178cb9e0f3,9,10,1,0.15637857952564613,0.15284843860340605,-0.07467709197456661,1.7289387922204773,-0.7184385419257218,0.13222515045668617,0.1106885085140998,-0.1383328593661078,-0.6391237991243798,-0.9660010940800121,0.3159357483411385,-2.52067622204409,0.17205253503883466,0.16665722409791112,0.04262619336229633,-0.04472914926702962,-0.10762438489602419,0.8215888907689257,1.0669231900904195,-0.13565821193597793,-1.6545064284325455,-1.604993522656601,-0.049601838329308395,0,0,0,0,1,train
29e826b4-e054-4550-b516-f97243ee5e0e,0,1,1,0.019460051224380617,0.033316654161790235,0.014514241615303677,-0.5776257126853241,-0.46375528088574464,0.04042452270176879,0.047261852902342964,-0.014620231249362823,0.14528364929810186,1.2305532398714238,-0.39072367881987013,0.27589098985764393,0.13790573783409565,0.13427905892287073,0.028820155301670574,-0.044729186148452504,0.068961877241746,-3.055836470975806,-2.7963501454351776,0.9443592908571772,-0.12832884865500035,0.0051645584836230276,-0.0496018352380559,1,3,0,0,0,train
29e826b4-e054-4550-b516-f97243ee5e0e,1,2,1,0.0063218818508833765,0.04636464462408138,0.06390259074309647,-0.91435483020099,-0.48683386555509667,0.012455287401748533,0.04807777898881697,0.0645954585902738,-0.21619011030756788,0.2394976174015446,0.2108505633229837,0.19796806444861983,0.13969501120133265,0.13900093047581938,0.006367023338954376,-0.04472924606016268,-0.003840096863125335,-2.7977694395238037,-2.588469308503576,0.9024331481314828,0.059892842803905035,0.1486125337166491,-0.049601835518142644,0,0,0,0,0,train
29e826b4-e054-4550-b516-f97243ee5e0e,2,3,1,0.12851509564039257,0.14454391879045353,-0.02984676484188644,0.6719671165210338,-0.12317448163664356,0.06519721598034417,0.08561720109109004,-0.0042147327864077155,0.325346592148536,0.6646614467760039,0.3327100731312763,0.2585747842111935,0.14441225594071994,0.16444723057308885,-0.1524024143582418,-0.04472966783263522,-0.055096650990230665,-2.570515902382865,-2.420350085086103,0.8766818382221413,0.3094234156646185,0.35096740621272077,-0.04960183553673519,1,2,1,1,0,train
29e826b4-e054-4550-b516-f97243ee5e0e,3,4,1,0.15365135532242385,0.15134590560146832,-0.07143775905134722,-0.6171645612357562,-0.3424507108209876,0.1293228932562632,0.1091139621866901,-0.13353378383818099,0.47515272054813884,1.1732193422968058,0.1949700487521593,0.24991668138797116,0.16983362200811242,0.1661869882873144,0.02921293855010451,-0.04472918492213288,-0.09862917205530689,-2.3867294180347236,-2.3093428378057457,0.8835809372302936,0.6660805290866496,0.6416217742784937,-0.04960183574516277,1,2,1,1,0,train
29e826b4-e054-4550-b516-f97243ee5e0e,4,5,1,0.14692113299950085,0.1516139415600199,-0.056822501059184204,-0.23938973110231068,-0.020790508350718814,0.1208748893424446,0.10921492962882902,-0.10990691668750242,0.346315991648681,0.9706893489359824,0.28937518490419606,0.19796806444861983,0.17157167498842146,0.16527062151239244,0.04956145579360005,-0.044729130829031225,-0.07125571597355516,-2.265377253183471,-2.2858940889536354,1.0153006724811242,1.2202514783678322,1.0872246364234002,-0.049601835380517684,0,0,1,1,0,train
29e826b4-e054-4550-b516-f97243ee5e0e,5,6,1,0.09987863572597162,0.14642323376841235,0.03357019143370681,1.4108133577331246,-0.6735857364112252,0.04707434488161905,0.09999960389631159,0.07567609077345308,0.32857947487005346,0.726462588789806,0.2935422816612363,0.20662616727184024,0.17065620613250765,0.15842561040452022,0.09498068291661409,-0.04472900992953146,0.11803157124110808,-2.239743283276351,-2.1182793229844825,0.7989154912772902,0.31893522981159883,0.3535346919341162,-0.04960183561699045,0,0,1,1,0,train
29e826b4-e054-4550-b516-f97243ee5e0e,6,7,1,-0.042905060219806994,0.08296150858769032,0.22848365914524646,0.19330107161536283,-0.17162219798519,0.025608804126182994,0.03555235846401536,0.0023087467852583826,0.7953955043110104,0.5507381923666317,0.35049810177553964,0.22394237291829644,0.16381790223593212,0.1449215398600125,0.1459956057206758,-0.04472887357628195,0.4651175143729296,-2.0565082674577764,-1.881566756300695,0.7086673749536659,-0.08995667914365167,0.0018820446289360834,-0.04960183538833818,0,0,1,1,0,train
29e826b4-e054-4550-b516-f97243ee5e0e,7,8,1,0.14748814362904683,0.14708643131157143,-0.06555594667265126,-0.8345153119159572,1.013418965493172,0.12749426826494775,0.10721331830966954,-0.13238324345663227,0.31897613889900145,0.5648857091005324,0.3538430707510113,0.1200451390395938,0.1503270639058183,0.16540836349108634,-0.11440796311793798,-0.0447295667458906,-0.09916780755475103,-1.7977361321392114,-1.6132621739035622,0.6277715123095838,-0.26908030149118417,-0.1588960965623472,-0.049601835523346655,0,0,1,1,0,train
29e826b4-e054-4550-b516-f97243ee5e0e,8,9,1,0.15574129834799402,0.1525344536233885,-0.07385833144830407,-0.36878571472004046,-0.23096725726782322,0.131650787668071,0.11022051077553695,-0.13770554761773285,0.35150567505576197,1.1426910416598368,0.32149652930813727,0.24125857856474112,0.17079381314216485,0.16644601973058046,0.03459172407903196,-0.044729170623390095,-0.10313216483065997,-1.5044278778486413,-1.3491992346799508,0.5584203287771532,-0.24371044090160732,-0.13730951876296438,-0.049601835447819355,0,0,0,0,0,train
29e826b4-e054-4550-b516-f97243ee5e0e,9,10,1,0.1557267596139031,0.1523384044651336,-0.07415420752633041,-0.6138801144053483,-0.2958187442742893,0.13180300395480649,0.11031056281852572,-0.13794184441981133,0.442333999428132,0.4464952102519762,0.32459409871971096,0.2672328870344178,0.1718304526149157,0.16647088981006686,0.042350658844738195,-0.04472914999941668,-0.10513588888859221,-1.2157565512744513,-1.1608591998510764,0.5348189662205831,0.1991703587141725,0.24805961768780865,-0.04960183547974022,0,0,0,0,0,train
29e826b4-e054-4550-b516-f97243ee5e0e,10,11,1,0.15544083117678162,0.15226029112864145,-0.0736823361949953,0.08480729036250206,-0.4415702648359701,0.13160410800680547,0.1103160205181008,-0.13737923298629118,-0.24083627441479627,1.5045641149651297,0.2354243179544687,0.08541272774668907,0.1718552983249927,0.1662145366830532,0.04450510427458106,-0.04472914427251377,-0.10032048752356151,-1.009864850375672,-0.8714853968022626,0.423777353142685,-0.38502553666282013,-0.2661216108651703,-0.04960183551474116,0,0,0,0,0,train
29e826b4-e054-4550-b516-f97243ee5e0e,11,12,1,0.1563749448421234,0.15284078043316174,-0.07468219328625672,0.7284045734927644,-0.0834667552616685,0.13223935731011482,0.11068032196473718,-0.13838912050945984,1.1748893592312657,-0.2936322528373144,0.2554611451987788,-0.07043312307136684,0.17159919639035293,0.16629947756991442,0.041890457576050665,-0.044729151222716014,-0.10639629595729153,-0.6935239058738686,-0.5730807927357919,0.3415968234450576,-0.4347909494853267,-0.3120811790757498,-0.049601835572702674,0,0,1,1,0,train
29e826b4-e054-4550-b516-f97243ee5e0e,12,13,1,0.15635677142450974,0.15284384370125947,-0.07463883213689079,1.5895763899157858,-0.34770442279648345,0.13217847079542064,0.1106666777157995,-0.13824846765107981,0.3529015231686232,-0.07918889753781871,0.2961621796071301,-0.03580071177846596,0.17168405404630818,0.16616632699051032,0.04356125199103086,-0.04472914678143119,-0.10419866311955939,-0.3673105676258647,-0.2369180136646338,0.24317712633362792,-0.6392398470787057,-0.5042401488329226,-0.049601835580503864,0,0,0,0,1,train
29e826b4-e054-4550-b516-f97243ee5e0e,13,14,1,0.15638827201504008,0.15284843860340605,-0.07469749722132704,1.7766992240539774,-0.7198407147883054,0.1321703525934614,0.11065849116643688,-0.1382428415367446,-0.574040531412764,-1.6644310359017982,0.2831591122717958,-0.2089627682429646,0.1715510339369729,0.16610319525027561,0.043024839047274055,-0.044729148207316265,-0.1061592963375361,0.00017968172397903664,0.3668685011427501,0.04783600617242713,-1.8540406702610548,-1.866231329160221,-0.04960183557560762,0,0,0,0,1,train
3dc38bcf-d9a4-4ee4-8fbb-288ec92ce92c,0,1,1,0.15635192517981278,0.15283159062886853,-0.074649034760271,0.14918697999824926,-0.022920379544432042,0.1322281947824209,0.1106352959432428,-0.13845100776714706,0.36488893448475573,0.9073991254424524,0.198733693912689,0.30186529832732056,0.17206820694826785,0.1666866855766873,0.042520669504508106,-0.04472914954751238,-0.1079367934857018,0.7356783606848804,0.7887868844264674,-0.035081986084434406,-0.7274398031604871,-0.5894463835511995,-0.04960183526973611,0,0,0,0,1,train
3dc38bcf-d9a4-4ee4-8fbb-288ec92ce92c,1,2,1,0.15638827201504008,0.15284537533530831,-0.07470259853301715,1.1120898973343598,-0.6639806533146009,0.13218963332311456,0.11065712674154311,-0.13829910268009662,-0.26452887301774747,0.5068070932608381,-1.4047459805891422,0.21528427009506643,0.1720708826401223,0.16659830114035873,0.04321829945321913,-0.044729147693191744,-0.10544829747826982,1.1214714255641436,1.3081709095623988,-0.19722625733080376,-1.5174695987877407,-1.436690032257146,-0.04960183555827637,0,0,0,0,1,train
72b685bb-222f-4399-8079-b35cc06e99b8,0,1,1,0.11824226844398136,0.10632658600314417,-0.07186371857747136,-1.6458685222843867,-0.7159018980981777,0.09834484935510515,0.06799428916316655,-0.1324366915428167,0.33110970999065037,0.8800350341872992,-0.05044841556104814,0.2932071955040963,0.15231930761229967,0.15517107354126916,-0.020702777401996546,-0.04472931789712994,-0.1073012035963577,-0.5592714216724483,-0.6853240568144467,0.5076737222715979,0.9695523840985953,0.884141369219273,-0.04960181242916679,1,1,0,0,0,train
72b685bb-222f-4399-8079-b35cc06e99b8,1,2,1,0.12203324335818949,0.1118573165536,-0.07063430246015502,-1.627821760159988,-0.7085500385188984,0.09871524231949479,0.07203571569851103,-0.12513118207855758,-0.0380922966284255,0.7236701172022856,-0.466864383577676,0.18930996162539557,0.16056655439108744,0.156440595444898,0.03281540580626355,-0.04472917538537059,-0.10169939440213853,-0.49001393537549265,-0.6076676461339673,0.46706120613606883,0.8797651946101026,0.8113509097776742,-0.04960180526945625,1,2,0,0,0,train
72b685bb-222f-4399-8079-b35cc06e99b8,2,3,1,0.12461871490402526,0.11345481086656745,-0.07341706798710962,-1.7236110766428243,-0.7191257146622368,0.10453802267474899,0.07423516862726705,-0.1367378559520782,-1.0431172117671061,0.32717359166555965,-0.15207635026319302,0.1893099616253917,0.16183483233009457,0.1570914262942267,0.037555185751917866,-0.04472916276557734,-0.1040047543397595,-0.40512061731263116,-0.5713358100984268,0.5328102978718591,1.1398646928421867,1.0216600067729351,-0.04960182861687513,0,0,1,1,0,train
72b685bb-222f-4399-8079-b35cc06e99b8,3,4,1,0.15408509422280306,0.1514010444272275,-0.07225907023345482,-1.2562001965785956,-0.6813419382430628,0.12823302464323724,0.10838808814320486,-0.13200910685334138,-0.06422867043955445,1.2281332161790477,0.25382386757205927,-0.044458814601686374,0.16248502545072482,0.1662256325646702,-0.027435785772539512,-0.04472933550467639,-0.10424175395951492,-0.36540296766405955,-0.5829193042269377,-4.158643795658179,1.4428918176363112,1.2655107881932728,-0.04960183709339876,1,1,1,1,0,train
72b685bb-222f-4399-8079-b35cc06e99b8,4,5,1,0.13927981667354666,0.151704307968903,-0.04058502594956643,1.2835598174880813,1.2206516359085993,0.10585520094263326,0.10829667167532232,-0.07016404502363928,0.3314878564484006,1.2653630935756413,0.26640445257519857,-0.29554379647521684,0.1716102813994642,0.16535441454943123,0.049215572037516434,-0.0447291317488225,-0.07349643965124283,-0.37806594349199274,-0.36633416976125344,0.3105518142687784,0.03205214322474908,0.10431460760126994,-0.04960183193522542,1,1,1,1,0,train
72b685bb-222f-4399-8079-b35cc06e99b8,5,6,1,0.14952598952412452,0.15095840218710518,-0.06339809182773504,-0.30742860094041075,3.212576147965243,0.12263958349333115,0.10777273251611494,-0.11777222452811408,-0.24454975570200438,0.5189068566722946,0.3308748758534384,-0.22627897388941315,0.17073991706338243,0.16575922292014833,0.039439959100746394,-0.04472915773721196,-0.08914918726508984,-0.14129694339571586,-0.1454505765933432,0.24976801222962516,0.006850331811554622,0.08243888411460898,-0.04960183125106555,0,0,0,0,0,train
72b685bb-222f-4399-8079-b35cc06e99b8,6,7,1,0.15613747885197166,0.1526523894451512,-0.07449599540956772,-1.30438941920395,-0.4681971156781423,0.131944057713848,0.1103733263636391,-0.1382034587363982,0.4661500236280663,0.6203577222498541,0.34842375158593364,-0.6245517037577734,0.1711443287750972,0.16659983160678865,0.036101301489057915,-0.04472916661038251,-0.1064178413772693,0.10017109466266289,0.13209101716220406,0.15782117628872952,-0.3185018240612736,-0.20590511079695697,-0.049601829818239386,0,0,0,0,0,train
72b685bb-222f-4399-8079-b35cc06e99b8,7,8,1,0.15638948357621432,0.15284997023745492,-0.07469749722132704,0.6011512490458047,-0.0144788168864223,0.13218151512115534,0.11064348249260542,-0.1383047287944318,0.8579877291914668,0.5942968435772811,0.33368888730331364,-0.8669785828080776,0.17198411377569955,0.1666488065325465,0.0421659920936088,-0.04472915049024853,-0.10779674825584631,0.403577170064572,0.5451261220417375,0.02025808323376466,-1.0316778077392,-0.8954589227366213,-0.04960183480766968,0,0,0,0,0,train
72b685bb-222f-4399-8079-b35cc06e99b8,8,9,1,0.15639190669856282,0.1528515018715038,-0.0747000478771721,1.856892813044463,-0.7198163169391867,0.13216020484101237,0.11061210072004872,-0.13831035490876703,1.3183271296135404,-1.659963569556099,-3.983111883283013,-3.4384351213059654,0.17203304071246656,0.16664077158378934,0.042602743616121166,-0.044729149329358765,-0.10771056657593525,0.8551035826609197,1.4429772803323877,-0.25528156446885536,-2.7098795582389643,-3.362785623077756,-0.04960183424227859,0,0,1,1,0,train
ce342958-927d-4297-86ed-b9390c5ed473,0,1,1,0.1563337517621991,0.15279636304574462,-0.07466944000703145,-1.3060715652645958,-0.44558054679656356,0.132101347876808,0.1105152265525911,-0.13834692465194584,0.5558875678623475,1.2752288797170814,-0.19124414173323306,0.35381391526666994,0.17207317609028325,0.1666866855766873,0.04255877534204274,-0.044729149446227315,-0.1078721572257685,0.9106268365543403,0.6722749049120579,0.1256225793357917,0.8879501430935582,0.8179550981579656,-0.04960183498488582,1,1,0,0,0,train
ce342958-927d-4297-86ed-b9390c5ed473,1,2,1,0.1562416731129566,0.15279789467979346,-0.07447303950696224,-0.055209195933185906,3.01514466806715,0.1320039294532973,0.1106039141706861,-0.13789402244796212,-0.3165631838373122,0.11663934153816807,0.29322319965959354,0.28454909268087014,0.1720708826401223,0.16668783342650975,0.042532394377595685,-0.04472914951634774,-0.10791524806572403,0.9941015349346672,0.7829629576223179,0.060778454966525,0.6737529074643344,0.6432462198385454,-0.04960183557613423,0,0,0,0,0,train
ce342958-927d-4297-86ed-b9390c5ed473,2,3,1,0.15630709741636575,0.15279329977764688,-0.07461842689013035,-0.48751555436515825,-0.7044139512321287,0.1321683230429716,0.11062574496898642,-0.1383047287944318,-0.2445773531509052,1.0041965226332559,0.32628910291134006,0.21528427009506643,0.17207202936520277,0.16668783342650975,0.04254118803241137,-0.04472914949297427,-0.10791524806572403,1.115104759036202,0.8465519330864479,0.09674873079712383,0.9681224999617627,0.8829429254925202,-0.0496018354994965,1,1,0,0,0,train
ce342958-927d-4297-86ed-b9390c5ed473,3,4,1,0.15625621184704752,0.15278870487550028,-0.07451895131217322,0.17595306368523872,-0.4166527833155494,0.13198972259986866,0.11058754107196088,-0.1378883963336269,-0.8298079491768027,1.0257896242910085,0.3281782206069506,0.2932071955040963,0.17207202936520277,0.16668783342650975,0.04254118803241137,-0.04472914949297427,-0.10791524806572403,1.1846196783077008,0.8579050678679739,0.270521633866477,1.2977733031808278,1.1487816565414355,-0.04960183550322076,1,1,0,0,0,train
ce342958-927d-4297-86ed-b9390c5ed473,4,5,1,0.15619926847185808,0.15276113546262068,-0.07444498229266663,-0.16177892147383138,-0.714665694308058,0.13188317119915383,0.11049885345386587,-0.13777587404692287,-0.33941552941714803,0.8582555310567623,0.36053681484909145,0.3538139152666719,0.17207202936520277,0.1666755896950703,0.04263498701711201,-0.04472914924365675,-0.10759206676605754,1.1970308272852688,0.9332411051998094,0.05695914625820948,0.8943632919502121,0.8231597578502324,-0.04960183570854261,0,0,0,0,0,train
ce342958-927d-4297-86ed-b9390c5ed473,5,6,1,0.1562974049269718,0.1527427558540343,-0.07468219328625672,-1.6314050873360013,-0.7186834445008882,0.13221500270423714,0.1105861766470671,-0.13851570808200186,-0.3375480334578633,0.9528193060279739,0.34590408218131136,0.2326004757415188,0.172059797631011,0.1666847724936499,0.04247083879388589,-0.04472914967996214,-0.10790447535573515,1.279387533225771,0.9954123457635262,0.05905635096784624,0.9770371458595176,0.8901580644079568,-0.049601835490327595,0,0,1,1,0,train
ce342958-927d-4297-86ed-b9390c5ed473,6,7,1,0.15638463733151733,0.15284843860340605,-0.07468984525379188,-1.1101346742051703,-0.7184448805667506,0.13227994831991094,0.1106885085140998,-0.13848476445315827,0.3108915806814566,1.3065017210939145,0.32858611270845417,0.18065185880216553,0.17206897143165484,0.16668821604311723,0.042514807067964316,-0.04472914956309468,-0.1079367934857018,1.3473525969376972,1.0493659090921317,0.05863273601568334,1.0287546480083347,0.9319794816533596,-0.04960183551635374,0,0,0,0,0,train
ce342958-927d-4297-86ed-b9390c5ed473,7,8,1,0.15639069513738857,0.15285303350555265,-0.07469494656548199,-0.24891322422295095,-0.6037977042600619,0.1322941551733396,0.11070351718793126,-0.13849320362466105,-0.26539241408609376,1.534348229912659,0.3304860144876193,-0.07043312307135147,0.17207241160689626,0.16668745080990227,0.04254705046895516,-0.04472914947739195,-0.10790447535573515,1.4063341668060994,1.2608803639438724,-0.12380636871537641,0.06200845548573348,0.130120319091911,-0.049601835581721446,0,0,1,1,0,train
ce342958-927d-4297-86ed-b9390c5ed473,8,9,1,0.15639190669856282,0.1528515018715038,-0.0747000478771721,1.8595162703452035,-0.7198897849995264,0.13214904231331845,0.11068714408920603,-0.13812469313570536,-2.383040582143257,-0.817826924096957,0.23443027919388382,-4.7111762363200755,0.17207164712350928,0.16667252876221045,0.04265550554501528,-0.04472914918911839,-0.10751665779613535,1.637559943703038,2.1646853520794007,-0.44897224247551965,-2.7227159384801243,-3.393085864256236,-0.04960183548825257,0,0,0,0,0,train
2a73ea4d-ecfe-470b-8853-7f7ceb5a5b7b,0,1,1,-9.92928301200489,-9.54050045940118,5.01580451341659,-1.3475602573982177,-0.4494297588757932,-12.215715290137155,-14.259915432438577,4.463267461923754,0.800433669989284,1.1354575993645346,0.3014368651810058,0.32783960679699525,0.17207317609028325,0.16668898127633222,0.04254118803241137,-0.04472914949297427,-0.1079367934857018,0.9297823664828334,0.9572808485287355,-0.0785241120464059,-0.6798252665296614,-0.5433217156191155,7.941446445180621,0,0,0,0,1,train
2a73ea4d-ecfe-470b-8853-7f7ceb5a5b7b,1,2,1,0.15543961961560737,0.1457600362252533,-0.08450476894556208,1.8598863640583538,-0.7198900591318635,0.13259249909534113,0.1154749110414423,-0.12948298151683593,8.271230320837542,-1.0983263456956767,-10.270787647545237,-8.590006301124978,0.17207317609028325,0.16668898127633222,0.04254118803241137,-0.04472914949297427,-0.1079367934857018,1.305667573195286,1.8262824827064366,-0.3571126666533811,-2.645415131244651,-3.2159645748983667,1.9368088470467308,0,0,0,0,1,train
9293ca7e-7a30-4b07-bd7e-0e5bfa69447b,0,1,1,0.15638584889269158,0.1528515018715038,-0.07468729459794683,1.6383715735595228,-0.1335769814355799,0.1322281947824209,0.11070078833814372,-0.13831598102310222,-1.1820161131448073,0.8426191103683458,0.10272870724744543,0.20662616727184407,0.17207317609028325,0.1666847724936499,0.04257343143340222,-0.04472914940727149,-0.10781829367582409,1.5783424566852458,1.6492044752503454,-0.27985976910109583,-1.173049669416587,-1.04537853925101,-0.049601835578297546,0,0,0,0,1,train
5493ae6c-5a4b-4906-acd4-6f2d11593f9d,0,1,1,0.15637736796447188,0.15284843860340605,-0.07467454131872156,0.08505243698532358,1.2995333529980615,0.13227284489319663,0.11069123736388733,-0.13845944693864987,-0.13005876360173352,1.4660933363354296,-0.10753301032014964,0.2412585785647488,0.16628144995048938,0.16667903324453764,-0.001796419548273379,-0.04472926734218781,-0.10790447535573515,0.9955540334020191,0.9434400881452683,-0.05762691711121078,-0.2750661648744153,-0.16669236490849504,-0.049601835232189,1,1,0,0,0,train
5493ae6c-5a4b-4906-acd4-6f2d11593f9d,1,2,1,0.15638706045386583,0.15284690696935718,-0.07469749722132704,1.7669561563834066,-0.7092854188591409,0.1321703525934614,0.11067349984026834,-0.138211897907901,-0.14539806002798214,0.04888134102981778,0.315801264475635,-1.3258580324390152,0.17206323780625246,0.16665798933112608,0.0427024050373656,-0.0447291490644586,-0.10734429443631323,1.290536973375265,1.5826436265059465,-0.28065725483552545,-1.982397360500733,-2.0464757068882675,-0.049601836136377774,0,0,0,0,0,train
58c9bf92-a376-48c8-98a9-f104afbcf296,0,1,1,0.14690174802071296,0.144309578780977,-0.06894576829072886,-0.8071289166380342,0.31805693499712756,0.11195602971499093,0.0975818429845525,-0.10916708265242343,0.2677646953228576,0.7674151698857192,0.19579281089158404,0.2585747842111954,0.13854446370392112,0.16446636140346302,-0.1975461069636977,-0.0447297878642495,-0.09773503712622959,-1.579569683521577,-1.5200068970136835,0.64351363292818,0.35742058712866426,0.38215281451949223,-0.049601835528456054,1,1,0,0,0,train
58c9bf92-a376-48c8-98a9-f104afbcf296,1,2,1,0.1497258971178747,0.14467717095270488,-0.07427918966273808,-1.485969425618703,-0.6933003146715192,0.11960946461205038,0.09773465857265465,-0.13006809740769687,0.4980502800887955,-0.7385276544946543,-0.22133173485036184,0.3191815039737691,0.16985273409278703,0.1651179574860067,0.03754932331537408,-0.04472916276456189,-0.10257198391123806,-1.4024820138474516,-1.2828175244621722,0.5488639748591055,-0.08917132568671289,-0.0005445166205046848,-0.04960183532530791,1,1,0,0,0,train
58c9bf92-a376-48c8-98a9-f104afbcf296,2,3,1,0.15196849685139954,0.14794261474488762,-0.07356245537027774,-1.4242952505049356,-0.5758329505462869,0.1269280236782918,0.10391004564185422,-0.13762396895987244,0.6948196474232532,-0.7580731803551749,0.3387593096475095,0.28454909268087203,0.17050369169680427,0.16574162255620412,0.03776330224922242,-0.0447291621944338,-0.1000080789338839,-1.1431886384686234,-1.2615519521113858,0.7711414678535532,1.2350134739786383,1.0983352620624942,-0.049601835443817806,1,1,1,1,0,train
58c9bf92-a376-48c8-98a9-f104afbcf296,3,4,1,0.14979132142128385,0.14793342494059444,-0.06899423075178489,-0.7949982589719555,-0.15238681161692072,0.12013105908793059,0.10399873325994922,-0.11859926333538869,0.25236129673530655,-0.901407658003902,-0.1446524602726858,0.18065185880216938,0.17112674565719654,0.16444761318969633,0.052454568227960484,-0.04472912313408038,-0.06549231612950276,-1.119941298274237,-1.182337250521281,0.618852297768747,0.8698244081851009,0.8034204529762421,-0.049601835550345814,1,2,1,1,0,train
58c9bf92-a376-48c8-98a9-f104afbcf296,4,5,1,0.14931881256332885,0.14553794928816768,-0.07198870071387903,-1.1378280962063496,-0.7191955091836144,0.12027617194795175,0.09839094694655764,-0.1305631954691946,0.36043355012476114,-1.0754566602371702,-0.3388934701832476,-0.018484506132013592,0.1698340042498059,0.16436114183640518,0.04320364336185965,-0.04472914773153464,-0.09877998999515124,-1.0333444700353822,-1.0078151018853496,0.5002595693481142,0.2824148631052628,0.318381628079681,-0.049601835481872046,1,1,1,1,0,train
58c9bf92-a376-48c8-98a9-f104afbcf296,5,6,1,0.1562053262777293,0.1527151864411547,-0.07453425524724355,-0.46074278093758125,0.7748387140566375,0.13202016585721574,0.1104974890289721,-0.13815844982171657,-0.13888994105019253,0.05167363509212595,0.33509843045967586,-0.027142608955239775,0.16974761762707669,0.1653414055847768,0.035031406819816216,-0.044729169458108335,-0.10576070606794742,-0.842558363088923,-0.7412741208489841,0.3949406162947766,-0.25670910694205834,-0.14992077345668012,-0.04960183551092423,1,2,0,0,0,train
58c9bf92-a376-48c8-98a9-f104afbcf296,6,7,1,0.15611324762848677,0.1526968068325683,-0.07437101327316005,-0.18901706346841068,0.6470911260048041,0.1315188668862336,0.11047292938088425,-0.13681943460993862,0.8479455135547308,-0.08700728540723913,0.3493023372166995,0.14601944750926657,0.1707269208458037,0.16523350770146658,0.04336779158508578,-0.0447291472953702,-0.10718270378647998,-0.5511780625879212,-0.7079125018830914,0.5780157548936944,1.1586151609492903,1.036776040638127,-0.04960183552139617,1,1,1,1,0,train
58c9bf92-a376-48c8-98a9-f104afbcf296,7,8,1,0.1559860337051912,0.15264473127490685,-0.07418991670816118,-0.15885151257252403,1.627969524312182,0.1315503249188256,0.11025189254809364,-0.13736235464328558,0.44553849894741354,-0.312247014010399,0.35058183701255125,0.3105234011505467,0.1706191286882389,0.16510800945421214,0.043502627625592954,-0.044729146936845765,-0.10089144115297231,-0.5147074286100435,-0.5663956160397349,0.4002251936418223,0.4834500460978155,0.4863520687590455,-0.049601835470009584,0,0,1,1,0,train
58c9bf92-a376-48c8-98a9-f104afbcf296,8,9,1,0.15627075058113846,0.15277338853501163,-0.07457506574076442,-0.18241137623436338,-0.3336441066894817,0.13205771254127716,0.1105547948745104,-0.13814438453587857,0.8574008465674526,-0.05815411267235799,0.33677376955776434,0.19796806444861983,0.17049375341277345,0.16519065464142849,0.04190804488568204,-0.04472915117625724,-0.1066009774470803,-0.36000239014776936,-0.4617189532689644,0.39962970067868747,0.7110501243309711,0.6738393959504085,-0.04960183564977024,0,0,1,1,0,train
58c9bf92-a376-48c8-98a9-f104afbcf296,9,10,1,0.15622955750121417,0.15273050278164335,-0.0745597618056941,-0.4412059330468246,-0.3376334860593653,0.13201001810476673,0.11046883610620295,-0.1381893934505602,1.057156633707886,-0.9823823217961108,0.35377329138683494,0.3364977096202195,0.17057631761856779,0.16511987056904412,0.04308346341271196,-0.044729148051258244,-0.10760283947604642,-0.24557076565612035,-0.31399464270653876,0.32878599266055736,0.44548670360581977,0.45476123210675934,-0.049601835400179255,0,0,0,0,0,train
58c9bf92-a376-48c8-98a9-f104afbcf296,10,11,1,0.15637736796447188,0.15284537533530831,-0.07467964263041166,-0.653598938557394,0.551502687758297,0.13228908129711509,0.11068987293899357,-0.13850726891049908,0.5800267837950969,-0.05163893738551778,0.347738010743437,0.3105234011505429,0.17050560290527172,0.165156219146755,0.04226272229658134,-0.044729150233311206,-0.1076782484459686,-0.08407982405449772,-0.10570636851077224,0.24383590407386546,0.08101907641560147,0.146539003284819,-0.049601835479305884,0,0,1,1,0,train
58c9bf92-a376-48c8-98a9-f104afbcf296,11,12,1,0.15636767547507793,0.15284843860340605,-0.07465413607196111,1.1414041247909588,2.1822223454437766,0.1322576232645231,0.11069942391324995,-0.13840037273813025,-0.23831063087021565,-0.9246762426141668,0.3340250969670724,0.30186529832732056,0.17054191586615347,0.16513020121744615,0.04274051087490024,-0.04472914896304727,-0.10735506714630211,0.1436191199878712,0.279643811477957,0.09573541141834518,-0.8941783968324942,-0.7545647549395497,-0.0496018358311633,0,0,0,0,0,train
58c9bf92-a376-48c8-98a9-f104afbcf296,12,13,1,0.15638221420916887,0.15284690696935718,-0.07468729459794683,1.2653376115218218,0.13916447679778443,0.1322261652319311,0.11066258444111818,-0.13838912050945984,-1.0843670266225518,-1.6003959166179798,0.35819984050703996,0.27589098985764393,0.170515923430996,0.1650812262916883,0.04291638397121394,-0.04472914849545674,-0.10655788660712477,0.5648806115853365,0.7578150021892063,-0.04524790259640683,-1.337343130253921,-1.2269496037847236,-0.049601835769731754,0,0,1,1,0,train
20657346-701b-40f3-80b1-eea9e1c4a4ad,0,1,1,0.15636282923038097,0.15284537533530831,-0.074649034760271,0.6693279059602002,0.12940584532579757,0.1322292095576658,0.11066394886601195,-0.13839474662379503,0.21533031546546919,1.1292882431910123,0.19818878051425734,0.3018652983273186,0.17207241160689626,0.16668745080990227,0.04254705046895516,-0.04472914947739195,-0.10790447535573515,0.84463080330545,0.8023117307594638,-0.01893290131173395,-0.25769139300788174,-0.15106397707137997,-0.04960183540192834,1,1,0,0,0,train
20657346-701b-40f3-80b1-eea9e1c4a4ad,1,2,1,0.15638948357621432,0.15284997023745492,-0.07469749722132704,-0.1958325064395905,-0.7083541838139373,0.13229922904956412,0.11070351718793126,-0.13850726891049908,-0.02560742639124956,0.4539409727010403,0.08757897292690422,0.3364977096202195,0.17207164712350928,0.1666885986597247,0.042532394377595685,-0.04472914951634774,-0.10792602077571291,1.1362566708701953,0.9602040383586168,-0.018645746185707628,0.3835201759697589,0.4030142439425021,-0.04960183544540302,1,1,0,0,0,train
20657346-701b-40f3-80b1-eea9e1c4a4ad,2,3,1,0.15639190669856282,0.1528515018715038,-0.0747000478771721,1.8598608998845043,-0.7198893738009552,0.13214295366184903,0.11069396621367487,-0.13809374950686176,-2.387213579888888,0.722739885090486,-1.3408337922243132,0.1373613446860423,0.17207279384858976,0.16668362464382744,0.04257929386994601,-0.04472914939168915,-0.10779674825584631,1.3088631790932626,1.7181220495601566,-0.3236667892409602,-2.3599675692031257,-2.6506376080800975,-0.04960183553773932,0,0,1,1,0,train
7a8f6f52-9417-4379-a2ae-6733fbc5cd3b,0,1,1,0.14609363671749248,0.14132289238568793,-0.07221825973993394,-1.4426630122784954,-0.6802277102253271,0.1299672755367767,0.1081070166150884,-0.13739611132929677,0.11917301619333448,0.8567664495770344,-0.6797390211547473,0.30186529832732056,0.16917005042820996,0.1637386246160302,0.0428812093519512,-0.044729148588785156,-0.1066656137070136,-0.1858643793117217,-0.31940378259620494,0.378169982220809,0.8169337089545051,0.7602442875303244,-0.04960183548532796,1,1,0,0,0,train
7a8f6f52-9417-4379-a2ae-6733fbc5cd3b,1,2,1,0.15487987835310685,0.1514730312275242,-0.07381241964309308,-1.328805084115309,-0.4330790499583888,0.13183547676264337,0.11023961272404972,-0.1381781412218898,0.16226893314808602,-0.49616206867292567,0.33158789408374945,0.3364977096202195,0.16912571039176486,0.16637638350801853,0.022333369265966796,-0.044729203207821935,-0.10769979386594637,-0.0899930491067003,-0.1796674022683931,0.2976993755437328,0.49442856436359545,0.4954134205185406,-0.04960183509737402,0,0,0,0,0,train
7a8f6f52-9417-4379-a2ae-6733fbc5cd3b,2,3,1,0.1559945146334109,0.15270293336876378,-0.07411084637696448,-0.2639282390726848,0.40744484244206425,0.13211251040450192,0.1106312026685615,-0.13813875842154338,0.20379874650588564,-0.2467226357216406,0.33366731913620457,0.2585747842111954,0.1717608846267001,0.1666549283982662,0.040407261130471765,-0.044729155164966186,-0.10729043088636882,0.06276555608986774,-0.11367074267939972,0.3505206646038426,0.9529778243420146,0.8706897352661119,-0.04960183599558557,1,1,0,0,0,train
7a8f6f52-9417-4379-a2ae-6733fbc5cd3b,3,4,1,0.15607205454856252,0.1527473507561809,-0.07420011933154139,-0.5239489605954205,-0.36826174382771476,0.13218455944689006,0.11063802479303034,-0.13832442019460503,0.6584804407779457,-0.5482836484928595,0.3455850001796686,0.24991668138797116,0.17203915657956245,0.16665263269862132,0.04255877534204274,-0.044729149446227065,-0.10734429443631323,0.13491253487088886,0.051311553421270834,0.22124027529267454,0.3404387935475865,0.36693186215702983,-0.049601835515057306,1,1,0,0,0,train
7a8f6f52-9417-4379-a2ae-6733fbc5cd3b,4,5,1,0.15628771243757786,0.15280861611813554,-0.07455210983815894,-0.28746512023863463,0.29910527559783867,0.1322352982091352,0.1106666777157995,-0.13840599885246543,0.6144730705222637,0.062283961973430176,0.35863183820707717,0.3105234011505429,0.17203686312940147,0.16666755474631315,0.042426870519807466,-0.04472914979683038,-0.10766747573597972,0.3152697573446812,0.21706734531172034,0.176399303712833,0.33575827237853584,0.36299538604140774,-0.04960183551465546,0,0,1,1,0,train
7a8f6f52-9417-4379-a2ae-6733fbc5cd3b,5,6,1,0.1563470789351158,0.152837717165064,-0.07462862951351057,0.2716739721756152,-0.4214137424149657,0.13226980056746193,0.11068305081452472,-0.13846788611015265,0.3020290178791755,0.15833681842436972,0.35863437563850176,0.15467755033249853,0.17205177055544768,0.16664765868272405,0.042693611382549915,-0.044729149087831536,-0.10698879500668008,0.4964725587414059,0.4481544876759645,0.08704502605405184,-0.05272393841110215,0.030510963837986745,-0.04960183547609938,0,0,1,1,0,train
7a8f6f52-9417-4379-a2ae-6733fbc5cd3b,6,7,1,0.15638584889269158,0.15284997023745492,-0.07468984525379188,0.576153630652849,-0.17017056446020007,0.13228806652187017,0.11069669506346241,-0.13849039056749346,0.714558773309287,0.028777498377005283,0.35826391065051094,0.042122213630562,0.17203189398738608,0.16664038896718186,0.04259688117957738,-0.04472914934494119,-0.10750588508614647,0.7490950287353334,0.7375986130225314,-0.007593670303890128,-0.3849717760066172,-0.2664794952249276,-0.0496018355490819,1,1,0,0,0,train
7a8f6f52-9417-4379-a2ae-6733fbc5cd3b,7,8,1,0.15638463733151733,0.15284997023745492,-0.07468729459794683,1.6380023430387063,-0.4994285845211834,0.13219166287360437,0.11069260178878111,-0.1382315893080742,-0.5213956973517493,-0.05759561835485392,0.36019870211176425,-0.1050655343642658,0.17202463139520974,0.1665508566810308,0.04322709310803482,-0.04472914766980447,-0.10541597934830317,1.0655128489662329,1.3134230795516932,-0.2037520595005941,-1.7473106147639361,-1.7239268245389985,-0.04960183561203718,0,0,1,1,0,train
7f3de386-3e7d-42ac-b6f0-86ac1a642cfa,0,1,1,0.1468036115655992,0.14706652006893617,-0.0641479846461811,-0.13667998588068658,-0.6991132608981782,0.11640784871438098,0.10389503696802276,-0.10849194893219925,0.226562135565847,-1.8319648628482261,-0.15667988522526352,0.27589098985764776,0.144041863739726,0.15994804188569536,-0.12077456920449406,-0.044729584041368314,-0.06803467568687915,0.0703973859234385,-0.050705068345992955,0.2753669805276697,0.6037899402869192,0.5857736479508184,-0.04960183583979031,1,4,0,0,0,train
7f3de386-3e7d-42ac-b6f0-86ac1a642cfa,1,2,1,0.15159412444855827,0.14867014091809908,-0.07156274118775491,-0.26283479018374417,0.4362323700993402,0.11975762179780625,0.10238188976083268,-0.12089753104131849,0.1039969464530526,-2.227344671585425,-0.08818446134976075,0.34515581244344573,0.1653388419343376,0.16095585402980578,0.03482035910423977,-0.04472917003322608,-0.0889875966152566,0.2037460667247133,0.09943741836897835,0.21652938783009765,0.4307437939967859,0.44245464583486327,-0.04960183492799325,1,3,0,0,0,train
7f3de386-3e7d-42ac-b6f0-86ac1a642cfa,2,3,1,0.13585836791748282,0.14832399162305532,-0.039011271293167726,0.8417251104785907,-0.48876457960584924,0.10372011382735706,0.10202441043866513,-0.0771769965424679,0.3758176268305432,-0.5564739516817876,-0.06923619218660165,0.3624720180898942,0.16634566655499608,0.1590450666920353,0.057179692082255325,-0.04472911053755363,-0.04216939900357106,0.36788053762998535,0.3752624817919373,0.0930824126313765,-0.30884021327781214,-0.19716934164958239,-0.04960183570498631,0,0,1,1,0,train
7f3de386-3e7d-42ac-b6f0-86ac1a642cfa,3,4,1,0.13578930893055094,0.1442100225678007,-0.045716945509816344,0.460937739099909,1.1779860901485457,0.10108778684207832,0.09308742738447662,-0.0883054506974964,1.5401377027796173,-1.2079944982944149,0.35222418950212,0.36247201808989615,0.164436751537696,0.15688136977671852,0.059117227359977965,-0.044729105366568774,0.021346499090883125,0.6694101168841579,0.6318050159409924,0.02972850825419153,-0.19953628905794968,-0.09903666020706334,-0.04960183523897466,0,0,1,1,0,train
7f3de386-3e7d-42ac-b6f0-86ac1a642cfa,4,5,1,0.14910073155196502,0.14717067118425906,-0.06881058353094097,-0.9125726077791351,-0.30923032620535656,0.1252120387391606,0.10522944451412908,-0.1301468630083897,1.2289933437270615,-0.6942242850189287,-0.43819902077403244,0.17199375597894512,0.1622751747609976,0.15813482178283306,0.03293851697368314,-0.04472917505086216,-0.0572296475680295,0.9498602015240184,0.8458910850186436,-0.01351393040038807,0.04684607315813534,0.11703285551077833,-0.049601835400814656,0,0,1,1,0,train
7f3de386-3e7d-42ac-b6f0-86ac1a642cfa,5,6,1,0.15530755944761482,0.1516415109728995,-0.07443222901344136,-1.3688600407571192,-0.6160330528653778,0.13184765406558221,0.11021641750085565,-0.1382597198797502,1.4076774300626425,-0.8602688529604166,-0.22843400540780173,0.007489802337663033,0.16352739854887804,0.15915028625909317,0.03476173473880187,-0.04472917019501703,-0.09364140733045405,1.1838972449024001,0.9394701541436523,0.03452525620628099,0.7802345035062039,0.7303172887905307,-0.049601835111955615,0,0,1,1,0,train
7f3de386-3e7d-42ac-b6f0-86ac1a642cfa,6,7,1,0.15530877100878906,0.15160628338977558,-0.07449344475372267,-1.481163224653188,-0.6079005058844532,0.13196232366825628,0.11037605521342664,-0.13824846765107981,0.8352185939346233,-0.4619105317610003,-2.249896511830948,-0.6245517037577752,0.16454186800340637,0.1584661677649134,0.04778220630255975,-0.04472913554452093,-0.02836955750781193,1.286197075781048,0.9494216062694714,0.25985049863484655,1.3066403127377322,1.1559151023452574,-0.04960183543956291,0,0,1,1,0,train
7f3de386-3e7d-42ac-b6f0-86ac1a642cfa,7,8,1,0.15638706045386583,0.15284537533530831,-0.0747000478771721,-0.002965343117520693,0.6181753729468127,0.1322911108476049,0.11069942391324995,-0.13849320362466105,0.2043465366473566,-0.8677146154094807,-0.6124361900488039,-0.4600477501164931,0.1638584198554423,0.15746945150242,0.050177011630698015,-0.04472912916782219,-0.0749076646597865,1.297075917374442,0.9045843329337326,-3.6116377086592535,1.6529898649081474,1.43474597904135,-0.04960183537442037,0,0,0,0,0,train
7f3de386-3e7d-42ac-b6f0-86ac1a642cfa,8,9,1,0.15638706045386583,0.15284690696935718,-0.07469749722132704,1.7162149056229405,1.2678790178916506,0.13227994831991094,0.11069669506346241,-0.13846788611015265,-0.36819153911302455,-0.3725592520696852,0.1947575388703495,-0.6591841150506703,0.1628626802438951,0.15537500819305763,0.05858667685276496,-0.04472910676888512,-0.05304983609234289,1.24806019706226,0.9111160866447546,0.31455037418340503,1.3282746704711013,1.1733186374521862,-0.04960183550707235,0,0,1,1,0,train
7f3de386-3e7d-42ac-b6f0-86ac1a642cfa,9,10,1,0.1563834257703431,0.15284997023745492,-0.07468474394210177,1.7771165775474076,0.5980350072004308,0.13226066759025779,0.11069533063856865,-0.13841725108113584,-2.197035460316155,-1.8535580976498878,0.35619463532375417,-1.6548659397215641,0.16077028921371878,0.15379901038683486,0.05461487609434714,-0.04472911733663329,-0.08615437388818037,1.2552006538569935,1.1822982672849403,-0.12204002500260433,-0.28266489253374116,-0.17354077453450723,-0.0496018365686209,0,0,0,0,0,train
7f3de386-3e7d-42ac-b6f0-86ac1a642cfa,10,11,1,0.15638463733151733,0.15284997023745492,-0.07468729459794683,1.788823839373719,2.0771934748356635,0.13219369242409418,0.11067486426516211,-0.13827378516558822,-0.5772916442274668,-1.987585172521421,0.36025389124524915,-1.0401406392725743,0.1591958356782244,0.15103766633062948,0.06369579030067805,-0.044729093126770716,-0.030179372785944278,1.5516546737162271,1.687967063299709,-0.29765841142375987,-1.45867225886693,-1.366890464413123,-0.04960183595136389,0,0,1,1,0,train
c73bf130-1553-4d14-9f2c-a7b06a02224e,0,1,1,0.03241164017704435,0.007424380565707161,-0.05587110642897882,-1.6678303809070631,-0.6422462294441112,0.11756773681930527,0.09452280237272186,-0.13103016295901632,0.9250405427225015,1.125565184441268,0.11772619568251097,0.2326004757415207,0.1302547880971557,0.1327769061218922,-0.01834314669312102,-0.04472931218255903,-0.10355230052022642,0.0026433334945592606,-0.10250354323548876,0.28199908802618734,0.5409937157847219,0.5339668848223446,-0.04960183525295434,1,1,0,0,0,train
c73bf130-1553-4d14-9f2c-a7b06a02224e,1,2,1,-0.0034275509182546075,0.0036963832907668352,0.013371547796719204,-0.7361371737247774,-0.651652172531046,0.11378161038057166,0.09159201770090554,-0.12657709346270438,0.8590241492517466,0.38245973591773363,-0.16732567876714957,0.27589098985764776,0.13819433031268227,0.12360673389034528,0.1127936963549204,-0.04472896150064273,0.1607992298969736,0.14712042094180208,0.10566421727249173,0.1872157615871269,0.08175024239541241,0.14715232175383194,-0.04960183522234773,1,1,0,0,0,train
c73bf130-1553-4d14-9f2c-a7b06a02224e,2,3,1,0.15594362906409268,0.15252220055099755,-0.07430469622118863,-0.9468206268181004,-0.09984561414344698,0.13222210613095148,0.11064757576728672,-0.13840881190963306,0.8333987647318882,0.5097856112707183,-0.19890528156193987,0.2152842700950722,0.12903314364475463,0.165709865377783,-0.28001007060692157,-0.044730006962607316,-0.0908835935733,0.37468762046058957,0.32029811417223925,0.12719991149603593,0.043608209030520886,0.11424484920789817,-0.04960183539674422,0,0,1,1,0,train
c73bf130-1553-4d14-9f2c-a7b06a02224e,3,4,1,0.15601147648985034,0.15257274447461014,-0.07436336130562489,-0.36405757871122074,-0.44561414514113906,0.13224037208535974,0.11067213541537457,-0.13840881190963306,0.8230108718412064,1.2737397982373535,0.21235208836848746,0.24125857856474306,0.1710950195966367,0.1656605078354177,0.042919315189485836,-0.04472914848775425,-0.09218709148195485,0.6093235444869096,0.572981635750288,0.04665371902419586,-0.17746164377338597,-0.07939736673399464,-0.04960183553657556,1,2,1,1,0,train
c73bf130-1553-4d14-9f2c-a7b06a02224e,4,5,1,0.15635434830216124,0.15284384370125947,-0.07463373082520068,0.8286449412452456,-0.5290295484892252,0.1322667562417272,0.11069260178878111,-0.13843975553847665,0.5823610082437959,0.31097885418485127,0.3073268778753457,-0.07909122589458534,0.1710457104181762,0.16585564230523406,0.04104626671374489,-0.04472915346698007,-0.09964180679426188,0.8855549898833605,0.8601009027991531,-0.03985326095020836,-0.3720348412620626,-0.25464782234184075,-0.04960183559633144,0,0,0,0,0,train
c73bf130-1553-4d14-9f2c-a7b06a02224e,5,6,1,0.15639190669856282,0.15284997023745492,-0.07470259853301715,1.855400785095354,-0.717911743499921,0.13215513096478787,0.11067895753984341,-0.13815844982171657,-0.3278103619100006,0.33555047385248415,0.3365238325624418,-0.6505260122274538,0.17124065368185723,0.1643378022233487,0.054169330917019094,-0.04472911857413285,-0.06520145295980292,1.199431295084291,1.407684488418644,-0.22658629878594277,-1.6347381761667388,-1.5802032844059366,-0.04960183615254472,0,0,1,1,0,train
bff0b8ed-7bdb-4d16-8d3f-11de9b94ce59,0,1,1,0.156303462732843,0.15282699572672193,-0.07455466049400399,0.07652539151510435,1.2293626021209718,0.13218151512115534,0.11066122001622442,-0.138268159051253,0.20174454308160342,1.4152128352738145,0.017432949909702768,0.31918150397377293,0.1720303650206121,0.16666755474631315,0.042377039809185245,-0.04472914992928048,-0.10762438489602419,0.7661408210316877,0.646382756689141,0.05305286282677503,0.23393427125065394,0.27709073545058405,-0.049601835531505364,1,1,0,0,0,train
bff0b8ed-7bdb-4d16-8d3f-11de9b94ce59,1,2,1,0.15634586737394154,0.1528193375564776,-0.07465668672780618,-0.7283122273191266,-0.19442846644409673,0.13224240163584952,0.11064484691749918,-0.13847069916732027,0.11607169139800927,-0.16332803699966164,-0.00036395974454660543,0.3364977096202195,0.17205177055544768,0.16668209417739752,0.04242980173807936,-0.044729149789038525,-0.10788292993575738,0.9657964619193448,0.7843773646280419,0.04035730049230163,0.505151190941795,0.5042776515827557,-0.04960183551414913,1,1,0,0,0,train
bff0b8ed-7bdb-4d16-8d3f-11de9b94ce59,2,3,1,0.15638584889269158,0.1528515018715038,-0.07468729459794683,-0.2289205028808647,-0.5573974309380931,0.1322911108476049,0.11069669506346241,-0.13849882973899627,0.4577767296808709,0.9073987703920281,-0.0008841331865884691,0.34515581244344573,0.1720662957398004,0.1666866855766873,0.04250601341314863,-0.044729149586468175,-0.10790447535573515,1.1166509765700166,0.8963076595052344,0.029357608682494405,0.6660456459602966,0.6369241988468783,-0.0496018355102771,1,1,0,0,0,train
bff0b8ed-7bdb-4d16-8d3f-11de9b94ce59,3,4,1,0.15639069513738857,0.15285303350555265,-0.07469494656548199,0.34524040202274825,-0.5304401649632646,0.13229212562284978,0.11069942391324995,-0.13849601668182868,-0.003939301765404439,1.4993516196852332,0.349202108675428,0.3797882237363466,0.1720708826401223,0.16668592034347235,0.04254705046895516,-0.04472914947739195,-0.10790447535573515,1.2390122090892006,1.1810875706132398,-0.12532027707007312,-0.3589897436859504,-0.24274236802803692,-0.0496018355313319,0,0,1,1,0,train
bff0b8ed-7bdb-4d16-8d3f-11de9b94ce59,4,5,1,0.15639069513738857,0.15285303350555265,-0.07469494656548199,1.8571860826398983,-0.717544799697921,0.13215716051527768,0.11068305081452472,-0.13815563676454898,-1.1274970882343152,0.11738405980324422,0.3081566179511881,0.38844632655957084,0.1720701181567353,0.16666564166327574,0.04269654260082181,-0.04472914908004148,-0.107365839856291,1.5503311505617612,1.7990627928482754,-0.3372081320807846,-1.9063336604614136,-1.9384405236232753,-0.04960183561705113,0,0,1,1,0,train
9385b1c6-364f-4393-b7b0-d7e0aa012eae,0,1,1,0.15638948357621432,0.15284997023745492,-0.07469749722132704,0.5629355664441668,-0.5585747093933799,0.13228096309515586,0.11069123736388733,-0.13848195139599068,0.3552648656425517,1.1496404436156582,-0.2163831092145465,0.30186529832732056,0.1720659134981069,0.16668630296007983,0.04250601341314863,-0.04472914958646818,-0.10786138451577962,1.5958196604378163,1.410237687005907,-0.15397017565943794,0.20453383602709982,0.2521343670703474,-0.04960183553626522,1,1,0,0,0,train
9385b1c6-364f-4393-b7b0-d7e0aa012eae,1,2,1,0.15639190669856282,0.15284997023745492,-0.07470259853301715,1.8594625366224196,-0.7195715063131328,0.13215716051527768,0.11067759311494965,-0.13816688899321938,-1.5718338765646556,-0.5935383755806335,-2.2553069499860396,0.2152842700950722,0.1720705003984288,0.16665531101487369,0.04277861671243487,-0.044729148861887294,-0.10706420397660227,1.800836080478055,2.0048505629963715,-0.3906403329476269,-1.8195150046574189,-1.8195448305737623,-0.0496018354760198,0,0,0,0,0,train
dfdd8784-0ee9-4f57-944f-f3593ec6cd24,0,1,1,0.118877126499285,0.10742476761618122,-0.07137144199937581,-1.6731274820503308,-0.6737496675488583,0.10641028300159527,0.08067252527607031,-0.1286559427095613,0.06489744769880111,-0.9034553225637401,-0.2335437579390788,0.275890989857642,0.16332022355100528,0.15876766965161007,0.03610423270732981,-0.044729166623494195,-0.10734429443631323,-2.3550191479373614,-2.3000525533464073,0.8984738604404754,0.7900379558892564,0.7419644337749536,-0.049601835547879,1,2,0,0,0,train
dfdd8784-0ee9-4f57-944f-f3593ec6cd24,1,2,1,0.1419646362356704,0.14033805169226696,-0.06516569632835789,-1.2200516438185134,-0.481734096020198,0.12094287928385311,0.10035026109401028,-0.12837182393563362,-0.0694749180178172,-0.17822009447342635,-0.3420773122632575,0.27589098985764776,0.16415962630991415,0.1649595542105087,-0.004894717261666463,-0.044729275611235686,-0.10645015950723594,-2.2552211943778926,-2.1602139553896658,0.825228797707321,0.4887840475411832,0.49489321438401057,-0.04960183570022947,1,1,0,0,0,train
dfdd8784-0ee9-4f57-944f-f3593ec6cd24,2,3,1,0.15262879769136228,0.14971777860752356,-0.07199635268141419,-0.4531500332697438,0.3488985362568867,0.12952686308048875,0.10979208135889341,-0.13270111891657116,0.14727689651852943,-0.3881956727581017,0.28135119238177225,0.2932071955040963,0.17034544363569848,0.16660939702197572,0.02990177484399985,-0.04472918308885697,-0.106536341187147,-2.1023508457514097,-1.9032247516432854,0.7081547977345336,-0.20737629829166906,-0.10130985189689604,-0.04960183685926125,0,0,0,0,0,train
dfdd8784-0ee9-4f57-944f-f3593ec6cd24,3,4,1,0.1514717567699597,0.1482428150184654,-0.07201675792817464,-0.018512300243007214,-0.5312004196006178,0.12878709192695437,0.10925313352585456,-0.13176155782259252,-0.11653732817458597,-0.8587795939554764,0.33270246083700256,0.3364977096202195,0.17199366981803688,0.1665152733365349,0.043262267727297556,-0.04472914757629797,-0.10441411731933706,-1.821412465762041,-1.7001073434454184,0.6725754171341666,0.10926637704570015,0.1728545834945462,-0.04960183541917286,1,2,1,1,0,train
dfdd8784-0ee9-4f57-944f-f3593ec6cd24,4,5,1,0.151314253817308,0.14874825425459123,-0.0708434562394495,-1.0665834379392665,-0.6029370315209458,0.1304523381038404,0.10942232221268194,-0.13602896554584282,0.37641088900295666,-0.30182273355145467,0.34578799469363614,0.3538139152666719,0.1718996383614378,0.1666212581368077,0.04172924057109644,-0.04472915165114735,-0.10734429443631323,-1.5993662678094482,-1.5339756602924057,0.6450756307247849,0.33223045175015437,0.36108239957567106,-0.049601835613655804,1,1,1,1,0,train
dfdd8784-0ee9-4f57-944f-f3593ec6cd24,5,6,1,0.15235619642715748,0.15095687055305632,-0.06935897453762771,0.2495551002161443,0.1620749498113614,0.12863284608972908,0.10937729619118756,-0.13107798493086553,-0.11329748064548098,0.09728003962521954,0.35955673196134186,0.3711301209131223,0.17200551931053512,0.16649269895669339,0.04352607737176811,-0.04472914687506572,-0.10359539136018195,-1.417752545328035,-1.3121494535747922,0.5619732066250883,0.000370131386577,0.07764173360170329,-0.04960183538785299,1,1,1,1,0,train
dfdd8784-0ee9-4f57-944f-f3593ec6cd24,6,7,1,0.15160139381560375,0.14982192972284644,-0.06965995192734416,-0.4820435623626187,-0.5241216373238098,0.1309414597718837,0.10944005973630094,-0.13734828935744756,0.503997287797826,-0.8639917341849487,0.27394125826410026,0.29320719550409435,0.17187708610152175,0.1663182257836811,0.04387782356439552,-0.04472914594000184,-0.10027739668360598,-1.1752540502708828,-1.0077065175478097,0.45663067806514035,-0.46844941686742675,-0.3428114685677527,-0.04960183554699027,0,0,0,0,0,train
dfdd8784-0ee9-4f57-944f-f3593ec6cd24,7,8,1,0.14776922582147134,0.14738816321919807,-0.06564521962722816,-0.4639001226968255,-0.6167203797344057,0.13037115608424815,0.1092162940537228,-0.1362286926047425,1.0865543635103725,-0.4983956908925176,0.3064933316523664,0.319181503973771,0.1717027838892893,0.1662822598225777,0.04281672254996951,-0.044729148760559244,-0.10729043088636882,-0.842439659628093,-0.8042572254112872,0.43297496369976185,0.10946355805450063,0.17116555917800821,-0.049601835545830426,0,0,1,1,0,train
dfdd8784-0ee9-4f57-944f-f3593ec6cd24,8,9,1,0.14909588530726806,0.14509683868209422,-0.07225396892176471,-1.3569735855972467,-0.527429043971876,0.1308044651138218,0.10891748500198732,-0.13804592753501255,0.3420739658516875,-1.1104525603637474,0.34951357838279695,0.38844632655957084,0.17166685317010102,0.16627843365650286,0.04257050021513032,-0.0447291494150578,-0.10782906638581297,-0.6200306490175707,-0.683620950757679,0.44599914580479616,0.6120213240755524,0.5926177114608984,-0.04960183552740099,0,0,1,1,0,train
dfdd8784-0ee9-4f57-944f-f3593ec6cd24,9,10,1,0.15610476670026707,0.15234606263537795,-0.07493725887076218,0.07923538384731604,0.9996469680717985,0.13227994831991094,0.11067759311494965,-0.13850726891049908,0.8385114829755204,0.6371111315732787,0.10589859345462006,0.31918150397377293,0.1716630307531661,0.16656539611211518,0.04034277432849007,-0.04472915533645405,-0.10772133928592413,-0.48815211453024576,-0.570627482052277,0.42172757767507457,0.6593806262730223,0.631513492755385,-0.0496018354869748,0,0,0,0,0,train
dfdd8784-0ee9-4f57-944f-f3593ec6cd24,10,11,1,0.155696470584547,0.15244102394640766,-0.07391954718858539,1.634311116820958,3.3808939512579013,0.13223732775962502,0.11068577966431226,-0.13837224216645425,0.011435888397000854,-0.1923672561569027,0.2152650596439219,0.3711301209131185,0.17194971202328527,0.16655506546371313,0.042620330925752535,-0.04472914928260868,-0.10763515760601307,-0.3646286295561336,-0.48251392537175836,0.42142787000956716,0.8143248568485161,0.7581323842075586,-0.04960183551433965,0,0,1,1,0,train
dfdd8784-0ee9-4f57-944f-f3593ec6cd24,11,12,1,0.15611809387318376,0.15266157924944437,-0.07443988098097652,1.1612599222490836,1.1077533853632533,0.13228096309515586,0.11067486426516211,-0.13851570808200186,-0.6817111084900186,-1.4492431842437414,0.3482404221655067,0.3797882237363466,0.171939391497561,0.16653019538422673,0.04273171722008455,-0.044729148986536606,-0.10733352172632435,-0.2683036497201861,-0.31661436180826297,0.3193947448290654,0.33484335310500635,0.3622637029934497,-0.04960183555089279,0,0,1,1,0,train
dfdd8784-0ee9-4f57-944f-f3593ec6cd24,12,13,1,0.15607932391560797,0.15266157924944437,-0.07435825999393478,1.5324617585581275,7.304084616594214,0.13226980056746193,0.11068577966431226,-0.13846225999581746,-0.09713768475322189,-1.5668891867337367,0.3555526651733318,0.3538139152666719,0.17191454578748397,0.16651221240367503,0.04267895529119044,-0.04472914912677987,-0.10744124882621317,-0.08694367837108583,-0.11659389208253643,0.2500592742821092,0.13003039074946443,0.18861552814120816,-0.049601835544791875,0,0,0,0,1,train
dfdd8784-0ee9-4f57-944f-f3593ec6cd24,13,14,1,0.15623924999060812,0.152574276108659,-0.0748403339486501,1.0199559845874158,0.5241819737041823,0.13224747551207405,0.11069669506346241,-0.13837786828078943,-0.3311369651443161,-1.8341986625930302,0.3613386431792633,0.20662616727184407,0.17189658042788986,0.16651068193724508,0.04255291290549895,-0.04472914946180881,-0.10789370264574626,0.1317169731670806,0.4743915208228223,0.019990507891330916,-1.8057731672109811,-1.801083939146155,-0.049601835549452876,0,0,0,0,1,train
e20b03a0-6de5-43ea-907d-6e15e7dd99ca,0,1,1,0.1563749448421234,0.15284843860340605,-0.07466944000703145,0.21885954922725623,0.7976498140979871,0.13228400742089055,0.1106885085140998,-0.13849601668182868,0.31406804932797394,1.1536738164362852,-0.7221483812697067,0.15467755033249084,0.17207202936520277,0.16668898127633222,0.042532394377595685,-0.04472914951634774,-0.1079367934857018,0.8407933600204637,0.6997726244252681,0.04596103845050959,0.3237700410023976,0.35291353258979163,-0.04960183557866992,0,0,0,0,1,train
e20b03a0-6de5-43ea-907d-6e15e7dd99ca,1,2,1,0.15638100264799462,0.15284384370125947,-0.07468984525379188,0.8025122249332395,-0.7029117360076114,0.13227487444368644,0.1106885085140998,-0.13847069916732027,-0.3800900980180465,-1.5231442671942121,0.26622746673333314,-3.343195990250493,0.17207317609028325,0.16668821604311723,0.04254705046895516,-0.044729149477391955,-0.10791524806572403,1.024161804630149,1.2836760503349147,-0.19643318461221337,-1.7786220099188825,-1.7650422786379125,-0.04960183522866722,0,0,0,0,1,train
de4688b2-6e82-46f2-95eb-5c97674ddc36,0,1,1,0.15617261412602473,0.15267076905373758,-0.07453935655893366,-0.731171659824141,-0.24571132795683398,0.13164469901660159,0.11046337840662787,-0.13718794509889431,-0.4018733354797023,-1.910147321340733,-0.1886020412623741,0.24991668138797307,0.1720215734616618,0.16664765868272405,0.042462045139070204,-0.04472914970333685,-0.10783983909580185,-0.6016900589030849,-0.6747485621973315,0.4498353950117336,0.6609833234985766,0.6328464252949151,-0.04960183634907324,1,1,0,0,0,train
de4688b2-6e82-46f2-95eb-5c97674ddc36,1,2,1,0.1560138996121988,0.1526294149344182,-0.07427408835104797,-0.005340632622270986,0.6959691958561797,0.13151074868427437,0.11036241096448896,-0.13702478778317348,-0.23017443704199625,-0.368091652580077,0.31875546901171914,0.35381391526666994,0.17203189398738608,0.16664000635057438,0.042599812397849275,-0.04472914933714996,-0.10776443012587966,-0.4784528959154429,-0.588339452465305,0.45163950905368255,0.8249679553127126,0.7668066585756216,-0.04960183550545092,1,1,0,0,0,train
de4688b2-6e82-46f2-95eb-5c97674ddc36,2,3,1,0.15578370298909253,0.1525574281341215,-0.07390934456520516,-0.6928159242663312,-0.15215386766340275,0.1314244927884576,0.11030510511895064,-0.13690382632496664,0.44645836140748013,-1.772397343054016,0.3451815485831581,0.34515581244344573,0.17202424915351625,0.16664574559968662,0.04249721975833295,-0.04472914960984241,-0.1078075209658352,-0.38399120277600485,-0.5256467216882776,0.4659486165040567,0.973724395192466,0.8875040955094138,-0.0496018433024263,1,1,1,1,0,train
de4688b2-6e82-46f2-95eb-5c97674ddc36,3,4,1,0.15621259564477477,0.15275654056047408,-0.0744806914744974,-0.02765954940511818,0.22908358417909,0.13199682602658297,0.11054933717493534,-0.13798685333449293,0.23043214403762766,-0.7292201851455059,0.21591464208861808,0.3364977096202195,0.17202998277891862,0.16666487643006078,0.04239462711881662,-0.04472914988253355,-0.10768902115595748,-0.31545605046279906,-0.44160779021093194,0.41498672177989854,0.8398120319973456,0.7788689738624112,-0.04960183298225372,1,1,0,0,0,train
de4688b2-6e82-46f2-95eb-5c97674ddc36,4,5,1,0.15623682686825963,0.1527657303647673,-0.07451640065632817,0.23446887199886546,0.45721295145917606,0.13192274743370505,0.11047429380577803,-0.13793621830547612,0.07018101258561359,0.036967801565933336,0.25320156251517745,0.32783960679699525,0.17204909486359324,0.16666411119684582,0.04254705046895516,-0.04472914947739189,-0.10738738527626876,-0.22358541573923596,-0.300182796365814,0.328936176741397,0.48405864208413424,0.4868197256759459,-0.04960183517861459,1,1,1,1,0,train
de4688b2-6e82-46f2-95eb-5c97674ddc36,5,6,1,0.15634102112924458,0.15283465389696627,-0.07462097754597541,0.4790097496000737,0.392439797768059,0.13212874680842038,0.11063393151834904,-0.1381781412218898,-0.5241756865388912,0.057071821743958015,0.2983805290300818,0.3105234011505467,0.17204833038020625,0.16668362464382744,0.04239169590054472,-0.04472914989032357,-0.10791524806572403,-0.06898083281650516,-0.10461544583331751,0.24870093082220476,0.15653510275631036,0.21127835006707563,-0.04960183417190233,0,0,1,1,0,train
de4688b2-6e82-46f2-95eb-5c97674ddc36,6,7,1,0.15638100264799462,0.15284690696935718,-0.07468474394210177,-0.7829435622312582,-0.2985244647087894,0.13227994831991094,0.11068714408920603,-0.13848757751032587,-0.0717668977322675,1.7353884316929058,0.1282019813189492,0.319181503973771,0.17206782470657436,0.16668592034347235,0.042523600722780004,-0.04472914953972123,-0.10792602077571291,0.14481170724535092,-0.09209358529370855,0.514778362097104,1.290378369280358,1.1428337753852618,-0.049601835623647866,1,1,0,0,0,train
de4688b2-6e82-46f2-95eb-5c97674ddc36,7,8,1,0.15638463733151733,0.15284843860340605,-0.07468984525379188,-0.4355090794413097,-0.41592506475996527,0.1322911108476049,0.11069805948835619,-0.13849601668182868,-0.39167952488450725,1.9341950112535606,0.08285871611930239,0.319181503973771,0.1720701181567353,0.16668285941061248,0.04256463777858653,-0.04472914943064495,-0.10783983909580185,0.15850049713678266,0.10084463913532857,0.19473799880534134,0.17223307825169903,0.22465850319523217,-0.04960183497750656,1,1,1,1,0,train
de4688b2-6e82-46f2-95eb-5c97674ddc36,8,9,1,0.15638827201504008,0.1528515018715038,-0.07469239590963693,-0.7257756287469828,-0.28421146711999284,0.13230125860005393,0.11070488161282503,-0.13851008196766668,-0.30505987598832385,0.8805938835552276,0.22750055397331637,0.32783960679699337,0.17206706022318738,0.16668592034347235,0.042517738286236215,-0.04472914955530355,-0.10792602077571291,0.36941889922892623,0.19367485648507768,0.23523829251964148,0.7849008305879696,0.734128346544695,-0.04960183687456713,0,0,0,0,0,train
de4688b2-6e82-46f2-95eb-5c97674ddc36,9,10,1,0.15639069513738857,0.15285303350555265,-0.07469494656548199,0.12748783531112684,-0.7018747565549999,0.1322971994990743,0.11070897488750633,-0.13849039056749346,0.2150875995223645,1.18364362275575,0.1527928636125502,0.3018652983273186,0.1720701181567353,0.16668553772686487,0.042544119250683264,-0.044729149485183105,-0.10791524806572403,0.47090009180866244,0.39297350618893095,0.11374098130638673,0.13435334290952636,0.19228901584912955,-0.049601840575569635,0,0,1,1,0,train
de4688b2-6e82-46f2-95eb-5c97674ddc36,10,11,1,0.15639190669856282,0.15285303350555265,-0.07469749722132704,1.8584979191893103,-0.7198738852957353,0.13214599798758372,0.11069396621367487,-0.13810218867836457,1.4350312968669308,-1.8982338262581515,0.3245680900476089,-5.4038244621780995,0.17206973591504182,0.16668285941061248,0.04256170656031464,-0.04472914943843612,-0.1078721572257685,0.6887716559274636,1.3462898595710013,-0.23096701306317316,-2.823611065565214,-3.645059190188049,-0.04960183257845272,0,0,1,1,0,train
bf8de6c2-4468-4453-9067-4e0041202883,0,1,1,0.13565846032373263,0.13645842264648889,-0.05835034391037192,-0.6149510123945664,-0.16451199328923283,0.10870063072934166,0.09693510558490587,-0.10147618435620304,0.2637842452586638,1.6013611571055089,0.21814440995298046,0.24991668138797307,0.1664030028090199,0.16282837970682798,0.028635488550541183,-0.04472918647646303,-0.07365803030107608,-0.42796576409506343,-0.37708856492026416,0.3017313604712462,-0.17064533274232752,-0.07325584219526471,-0.04960183669689202,1,1,0,0,0,train
bf8de6c2-4468-4453-9067-4e0041202883,1,2,1,0.1499900174538598,0.1500639279025673,-0.06586457602990287,0.09416343206941165,1.2097025162293278,0.12248939675708549,0.10648062214171547,-0.12001985720502706,0.531550325355589,0.43160297525299934,-0.0016333098146999825,0.1719937559789509,0.1682163574029469,0.165766875252298,0.020029431704257274,-0.044729209337651725,-0.09399690676008719,-0.15305355538444237,-0.3008322785906372,0.3866130819177984,0.8885704238095606,0.8184764250537264,-0.049601835427966055,1,1,0,0,0,train
bf8de6c2-4468-4453-9067-4e0041202883,2,3,1,0.1419670593580189,0.1485828377773137,-0.05144061722611893,0.5271782556094148,0.032652207580110636,0.08429427131417631,0.10298905883855998,-0.02133781176559337,0.516073878518934,-0.09184715526677932,0.03290557237902362,0.2326004757415207,0.17115197360896703,0.16387598397811662,0.05702726873211678,-0.04472911097219985,-0.04392535073175899,-0.06969084118033428,-0.08487547463135561,0.23533350018476687,0.03579390226163797,0.10751230830482214,-0.04960183535944394,1,2,1,1,0,train
bf8de6c2-4468-4453-9067-4e0041202883,3,4,1,0.14583193950385587,0.14556551870104728,-0.06460200138660083,-1.0235014546058672,1.0040051239682724,0.11977994685319411,0.10112661885856497,-0.12354743089319838,0.9236952922955766,-0.142479476081773,0.23958887728008435,0.09407083056991332,0.16926293515972857,0.16525876039756046,0.031947765197782606,-0.04472917765648849,-0.101473167492372,0.16639127342817378,0.20371402495240254,0.13576314787126953,-0.38024224827683967,-0.26213013230977406,-0.0496018355152733,1,1,0,0,0,train
bf8de6c2-4468-4453-9067-4e0041202883,4,5,1,0.15299105448246111,0.14991535939982728,-0.07242996417507348,-1.2435591764451113,-0.5801840646683494,0.12833247261723774,0.1072378779577574,-0.13465619364805367,0.9857861901386322,1.1560938401286613,0.23773211183513737,-0.2868856936519945,0.1706443566400094,0.16593293085994565,0.03737638143733227,-0.04472916322260896,-0.10332607361045987,0.481874824149691,0.3469808685366266,0.15429586989303187,0.47280843285166296,0.4774461807874491,-0.04960183483863085,0,0,1,1,0,train
bf8de6c2-4468-4453-9067-4e0041202883,5,6,1,0.15638706045386583,0.15284537533530831,-0.0747000478771721,0.5294398195241766,-0.7115798026508743,0.13221601747948206,0.1106312026685615,-0.13842569025263865,0.9637967817293188,1.2432111425499601,-0.3999859378774961,-0.6158936009345453,0.17131786650394265,0.16652139520225462,0.03803297433023676,-0.0447291614760856,-0.10509279804863668,0.6384929013139892,0.6921470633726302,-0.0076942188119005234,-0.6868142444625778,-0.5500603479673725,-0.04960183537003716,0,0,1,1,0,train
bf8de6c2-4468-4453-9067-4e0041202883,6,7,1,0.15638948357621432,0.15284997023745492,-0.07469749722132704,1.8340031103308387,-0.7191401469668234,0.13215005708856334,0.1106489401921805,-0.1382062717935658,-0.19527113805636076,0.26183543732437337,-1.7246577223077375,-0.8410042743383991,0.17190575422853366,0.16615943989157564,0.0453141205176241,-0.044729142121932415,-0.09774580983621847,1.015825607087966,1.197955495397088,-0.1662903134533971,-1.4592799486505403,-1.3676011002359485,-0.04960183795015899,0,0,1,1,0,train
df3ab73e-9956-4038-9a0b-c0a2aa1625b8,0,1,1,0.15639190669856282,0.15284690696935718,-0.07470769984470726,1.8568669172744467,-0.7197950256039258,0.13212874680842038,0.11067622869005588,-0.13809093644969417,-2.798854872906267,0.7692766992605914,-1.2635544151147207,0.18065185880216747,0.1719814380838451,0.16655315238067572,0.0428782781336793,-0.04472914859697235,-0.10669793183698024,2.0216184607894996,2.303399467269408,-0.4771345967570831,-2.157560801969039,-2.311098494821259,-0.04960183552624467,0,0,0,0,1,train
dcaf313b-05d7-44a2-9c4f-80350f2a25cf,0,1,1,0.15566375843284241,0.15226335439673916,-0.07414655555879525,-0.7948596087033263,-0.1562829517256212,0.13173501401339796,0.11026553679703134,-0.1378462004761129,0.03484511273495174,1.032491201050633,0.2126775139486917,0.30186529832732056,0.1715166321845586,0.1664992034390206,0.03972721849139211,-0.044729156972705526,-0.10690261332676902,0.3847047920823809,0.20343783463246784,0.2370371265197607,0.8112562843848499,0.7556039482874325,-0.04960183554023862,1,3,0,0,0,train
dcaf313b-05d7-44a2-9c4f-80350f2a25cf,1,2,1,0.15608174703795646,0.15253751689148623,-0.07456996442907432,-1.082083135284473,-0.056074424134465714,0.1319978408018279,0.11044154760832757,-0.138211897907901,0.19711912917746388,-0.5013742089023978,0.10927845211217987,0.3364977096202195,0.1718835842103111,0.16658605740891927,0.041875801484691194,-0.044729151261595136,-0.10748433966616872,0.48157289527517,0.3414077020646583,0.15913880054838064,0.5052969457601449,0.5044035610124393,-0.04960183541233669,0,0,0,0,0,train
dcaf313b-05d7-44a2-9c4f-80350f2a25cf,2,3,1,0.15593878281939572,0.15255436486602375,-0.07424092982506227,-0.08000774059414097,-0.47848208123751307,0.1318720086714599,0.1104224456598148,-0.1379024616194649,0.06812940498423653,0.3966070751264222,0.35016887004819847,0.3624720180898942,0.17197035307473385,0.16657266582765734,0.0426437806719277,-0.044729149220278874,-0.10716115836650222,0.6324003638173906,0.5611746188663566,0.060723524066893624,0.01344449179004268,0.0881218754153496,-0.049601835450469284,0,0,1,1,0,train
dcaf313b-05d7-44a2-9c4f-80350f2a25cf,3,4,1,0.15638584889269158,0.15284843860340605,-0.07469239590963693,-1.011192817470447,-0.56909104264533,0.1322911108476049,0.11068987293899357,-0.13851289502483427,0.8319683579208411,-0.034513257692161174,0.06719578629313695,0.35381391526666994,0.1719569746154616,0.16667865062793016,0.04172924057109644,-0.04472915165112805,-0.10790447535573515,0.8726476609079674,0.754751371868769,0.01914499010144334,0.16844229150263457,0.2214089024715456,-0.049601835554631865,0,0,1,1,0,train
dcaf313b-05d7-44a2-9c4f-80350f2a25cf,4,5,1,0.15638827201504008,0.1528515018715038,-0.07469239590963693,1.0759283966892694,-0.4330832647430729,0.13229009607235998,0.11069805948835619,-0.13849320362466105,0.14553294234255226,1.1449246638794286,0.16952658949989452,0.35381391526666994,0.17206285556455897,0.16667597231167777,0.04256170656031464,-0.04472914943843606,-0.10786138451577962,1.084264096926696,0.9573022239915668,-0.03889131163857344,0.11504475766042886,0.1757379016549559,-0.049601835495186195,0,0,0,0,0,train
dcaf313b-05d7-44a2-9c4f-80350f2a25cf,5,6,1,0.15638221420916887,0.15284843860340605,-0.07468474394210177,1.6654158209761045,-0.4189872600324247,0.13222515045668617,0.1106885085140998,-0.1383328593661078,-0.7061181016835306,1.1397125236499566,0.3015244065651543,0.3884463265595689,0.1720601798727045,0.16663311925163968,0.04286948447886362,-0.04472914862035717,-0.1067302499669469,1.3056909406668054,1.451472269187409,-0.23302297686326415,-1.4084931995521137,-1.3083710017911852,-0.04960183550533406,0,0,1,1,0,train
6cea85e9-ab12-49c9-b7d1-7f8aecdf2db5,0,1,1,0.15609507421087312,0.15274888239022977,-0.07424603113675238,0.2608106966537536,-0.4281358442545615,0.13037724473571757,0.11039925043662072,-0.13380665038343825,0.48096395473916836,0.8552773680973064,-0.4337927711052242,0.3105234011505467,0.17144400626279507,0.1665784050767696,0.03856352483744977,-0.04472916006575558,-0.10775365741589078,0.10044356200428066,-0.06865524545140475,0.32401914016320044,0.8867641831430377,0.817001551409718,-0.04960183159205293,1,2,0,0,0,train
6cea85e9-ab12-49c9-b7d1-7f8aecdf2db5,1,2,1,0.15499982290935696,0.15276266709666955,-0.07191728235021749,1.1390499834983885,4.136403769052924,0.1294142230283045,0.10972522453909872,-0.13252670937217992,0.2926426710150633,-1.1067295903766092,0.08746351979708518,0.25857478421119734,0.171962708240864,0.1664291845998512,0.043684363158450444,-0.044729146454300366,-0.10322911922055993,0.1841230880042009,0.09890469678898123,0.20714937187933816,0.32482449805544117,0.35381370094969455,-0.04960183038099913,0,0,0,0,0,train
6cea85e9-ab12-49c9-b7d1-7f8aecdf2db5,2,3,1,0.15442190822924276,0.1525467066957794,-0.07106026198627914,-0.1922064512430502,-0.12601572624533663,0.12305767089423124,0.10889838305347456,-0.11661043191789497,0.13647105027418485,-0.9287713942086309,0.2934338064678349,0.27589098985764393,0.17181363398040203,0.1664762464425716,0.04218064818496828,-0.0447291504513183,-0.10569606980801413,0.3672981709955587,0.11563045350256318,0.42887781834576355,1.2637895068084757,1.1214392996814841,-0.04960181135655214,1,1,0,0,0,train
6cea85e9-ab12-49c9-b7d1-7f8aecdf2db5,3,4,1,0.15635677142450974,0.15282240082457532,-0.07467454131872156,-0.775818988505508,-0.6179369790468067,0.13225153461305367,0.11063393151834904,-0.13851852113916946,0.6485459323133969,-0.5244565695650906,-0.0532611582952111,0.2152842700950722,0.17186064970870157,0.16638097490730833,0.04327106138211324,-0.044729147552883305,-0.10319680109059327,0.38558262390918113,0.15139012173077138,0.3408318703100755,1.1434955639531834,1.024571884170917,-0.04960183149570965,1,2,0,0,0,train
6cea85e9-ab12-49c9-b7d1-7f8aecdf2db5,4,5,1,0.15635434830216124,0.15283005899481966,-0.07465668672780618,-1.0259328516123196,-0.5503924416597995,0.13224950506256386,0.11067213541537457,-0.13843412942414146,0.7677606893186302,0.5135084924952503,-0.7302091665477871,0.03346411080733774,0.171765471527022,0.16637638350801853,0.04257636265167411,-0.0447291493994759,-0.10314293754064886,0.4246747846479826,0.14298981551569565,-3.9992199977309837,1.4227488612112371,1.2493109027403013,-0.049601830384186196,0,0,1,1,0,train
6cea85e9-ab12-49c9-b7d1-7f8aecdf2db5,5,6,1,0.15635919454685823,0.15282546409267306,-0.07467454131872156,-0.7674788241755736,-0.7176583547352796,0.1322647266912374,0.11067349984026834,-0.13847351222448787,0.36620013551919084,1.7465576079421385,-0.7096616812292773,-0.9016109941009784,0.1717608846267001,0.16625394619362394,0.04347917787941779,-0.04472914699963535,-0.10154857646229418,0.41549164237945746,0.17899958562963397,0.3327216432312576,1.1419165756601404,1.023299065220047,-0.04960183547604379,0,0,1,1,0,train
6cea85e9-ab12-49c9-b7d1-7f8aecdf2db5,6,7,1,0.15636161766920673,0.15281780592242875,-0.07469239590963693,-1.5054461197936924,-0.6349762055955787,0.13228197787040075,0.11067622869005588,-0.13851570808200186,0.41704922905741465,2.4300953591462506,0.34756229361728386,-0.018484506132007826,0.1716385672847826,0.16616364867425795,0.04323295554457861,-0.044729147654110984,-0.09984648828405066,0.45485721234162324,0.39115762636509316,0.1091365012634566,0.05820039315334364,0.12684498069564976,-0.049601831689535955,0,0,0,0,0,train
6cea85e9-ab12-49c9-b7d1-7f8aecdf2db5,7,8,1,0.15635798298568399,0.15281780592242875,-0.07468474394210177,-1.3270492969586791,-0.7167603220954654,0.13226980056746193,0.11067622869005588,-0.13848195139599068,0.8389271263129402,1.6698638758789353,0.3180919306941877,-0.3648086190610167,0.17154835824511847,0.1661487266265661,0.04265550554501528,-0.0447291491890937,-0.106536341187147,0.6867865517731745,0.4776299978766826,0.16585514740145899,0.8246251402266865,0.7664847066172892,-0.0496018352493822,0,0,1,1,0,train
6cea85e9-ab12-49c9-b7d1-7f8aecdf2db5,8,9,1,0.1563216361504567,0.152814742654331,-0.07461332557844025,0.23600146998766683,1.3195855851980403,0.13223732775962502,0.11067213541537457,-0.13840037273813025,0.7947279801158214,1.010153203602592,0.3604397580971007,-0.0011683004855593047,0.17153345081907226,0.16613495242869672,0.04264671189019959,-0.04472914921246854,-0.10698879500668008,0.7813174021441481,0.741079268616318,-0.0015769588568227263,-0.2388781110225522,-0.13418643604938943,-0.04960183635712199,0,0,0,0,0,train
6cea85e9-ab12-49c9-b7d1-7f8aecdf2db5,9,10,1,0.15639069513738857,0.15285303350555265,-0.07469494656548199,-0.22260959582883694,1.8444150972493565,0.13230531770103354,0.11070897488750633,-0.13851289502483427,0.5114989502868184,0.34299623630154824,0.3611680009159593,-0.20896276824295884,0.17151969011810653,0.16635113081192465,0.04088504970879066,-0.044729153895209366,-0.10595461484774732,1.0693178716269685,0.8317337386004854,0.06641988963922124,0.798492306897273,0.7452011638132777,-0.04960183635711307,1,1,1,1,0,train
6cea85e9-ab12-49c9-b7d1-7f8aecdf2db5,10,11,1,0.15639069513738857,0.15285303350555265,-0.07469494656548199,1.733592046294333,-0.7004084869331952,0.1322941551733396,0.11070897488750633,-0.13848195139599068,-1.087426237695337,0.2871515977318702,0.35155684503745166,-1.2046445929138525,0.17173565667492963,0.16630292111938177,0.04291052153467015,-0.0447291485112296,-0.106536341187147,1.168420555961059,1.1157670356826832,-0.10761481462316455,-0.35482226599750005,-0.23894269863226764,-0.04960187025699869,0,0,0,0,0,train
6cea85e9-ab12-49c9-b7d1-7f8aecdf2db5,11,12,1,0.15639190669856282,0.15285303350555265,-0.07469749722132704,1.8556105408324866,-0.7198878660726432,0.13215716051527768,0.11068032196473718,-0.13816126287888417,-0.3908071596538575,-1.5408283524424666,0.36141857226913804,-0.13103984283394435,0.1716874942215496,0.1662118583668008,0.0432388179811224,-0.044729147638541314,-0.10537288850834764,1.4789233054230997,2.055989882188489,-0.42089524722549265,-2.797924934941477,-3.578423692271664,-0.04960183531815077,0,0,1,1,0,train
ca288fb3-8b08-433f-9df9-f7f36a1e658a,0,1,1,0.15637252171977492,0.15284384370125947,-0.0746719906628765,0.355416360648759,0.014478741352989002,0.13227690399417624,0.11068577966431226,-0.13848195139599068,0.5001062867180686,1.0198329433216724,0.19686043516348214,0.30186529832732056,0.1720559752140761,0.16667138091238798,0.042544119250683264,-0.044729149485183084,-0.10761361218603531,1.194072708000508,1.1778230167358974,-0.13331583278562253,-0.5666337475336539,-0.435338047336131,-0.049601835550782916,1,1,0,0,0,train
ca288fb3-8b08-433f-9df9-f7f36a1e658a,1,2,1,0.15639190669856282,0.1528515018715038,-0.0747000478771721,1.8545775154069173,-0.7198813965373553,0.13215107186380826,0.11067759311494965,-0.1381500106502138,-0.6729736402646027,0.06451776171823427,-0.8203222374451223,0.03346411080733966,0.1720555929723826,0.166603275156256,0.04306294488480869,-0.044729148106129935,-0.10601925110768062,1.5467623684327125,1.8037408437298001,-0.3390262561554338,-1.9351058221260589,-1.9788620415452312,-0.04960183548892918,0,0,0,0,0,train
2875fd14-6e50-4614-bc78-b617a9727c78,0,1,1,0.15636040610803248,0.15284843860340605,-0.07463883213689079,0.6720413510617473,1.6695112645559695,0.13217441169444102,0.11067895753984341,-0.138211897907901,0.05036004214408851,1.3002141331290833,-1.3569991334725484,0.31918150397377293,0.1720360986460145,0.16668553772686487,0.042283240824484605,-0.0447291501785964,-0.10791524806572403,-0.354308842106909,-0.4612290882681773,0.4038086468076816,0.7404172256173248,0.6978519022069146,-0.049601835472082544,1,2,0,0,0,train
2875fd14-6e50-4614-bc78-b617a9727c78,1,2,1,0.1563834257703431,0.15284690696935718,-0.07468984525379188,-0.39626393208247973,-0.6808138993952071,0.13228806652187017,0.11070351718793126,-0.13847632528165546,0.4891568519236519,-0.7656226175281495,-0.8110897932067355,0.27589098985764393,0.17206973591504182,0.16668630296007983,0.04253532559586758,-0.04472914950855659,-0.10788292993575738,-0.245035249464279,-0.43588090530399387,0.5334240620683697,1.2092646134296232,1.077558033044071,-0.04960183548387602,1,1,0,0,0,train
2875fd14-6e50-4614-bc78-b617a9727c78,2,3,1,0.15639069513738857,0.15285303350555265,-0.07469494656548199,0.16783776095827957,-0.6118831347455338,0.13230633247627843,0.11070488161282503,-0.13852414725350468,0.1308668033086309,-0.7465940450854839,0.32393626962288485,-0.053116917424912556,0.1720705003984288,0.1666870681932948,0.04253532559586758,-0.04472914950855659,-0.10792602077571291,-0.21732483457595658,-0.3856477667333067,0.45042383560526694,1.052174857410628,0.9509134737875636,-0.04960183548504268,0,0,0,0,0,train
2875fd14-6e50-4614-bc78-b617a9727c78,3,4,1,0.15638948357621432,0.15285303350555265,-0.07469239590963693,0.9160718661955499,-0.18383451947418292,0.13231140635250294,0.11070761046261257,-0.1385325864250075,-0.3909493369197058,-0.8144349498679201,0.3325578272458007,-0.4427315444700485,0.1720712648818158,0.1666866855766873,0.042544119250683264,-0.04472914948518311,-0.10792602077571291,-0.16241040094956313,-0.3318215765882477,0.42911454676168903,1.0295395403362535,0.9326277094800999,-0.04960183553915804,0,0,0,0,0,train
2875fd14-6e50-4614-bc78-b617a9727c78,4,5,1,0.15638221420916887,0.1528515018715038,-0.07467964263041166,1.3515437667139383,0.860416798812543,0.13229922904956412,0.11070897488750633,-0.13849601668182868,0.5155917361911643,-0.42476355863849274,0.34879167914249987,-1.3085418267925686,0.1720708826401223,0.16668630296007983,0.042544119250683264,-0.04472914948518311,-0.10792602077571291,-0.10356807434631736,-0.1848352226981046,0.29460556856719355,0.450013651915217,0.4585168424839465,-0.04960183539959295,1,1,1,1,0,train
2875fd14-6e50-4614-bc78-b617a9727c78,5,6,1,0.15638827201504008,0.1528515018715038,-0.07469239590963693,-0.5743712617885185,0.5380118130487007,0.13231140635250294,0.1107062460377188,-0.13853539948217508,0.32899358005848583,-1.3298597868834878,0.3614540963090823,-1.637549734075127,0.1720705003984288,0.16668592034347235,0.042544119250683264,-0.044729149485183105,-0.10792602077571291,0.05711613938895484,-0.06880398930496785,0.2847923810369558,0.6406049418515609,0.6160536954350074,-0.04960183546448116,0,0,1,1,0,train
2875fd14-6e50-4614-bc78-b617a9727c78,6,7,1,0.15638948357621432,0.15285303350555265,-0.07469239590963693,1.2253161305577098,2.0836717702278804,0.13230633247627843,0.11071306816218765,-0.13850726891049908,-1.1529304752060583,-0.6183581754948877,0.3615657432917645,-1.464387677610611,0.1720701181567353,0.1666851551102574,0.04254705046895516,-0.04472914947739195,-0.10790447535573515,0.18396048250698854,0.04248022268554449,0.25880746343377053,0.670040515826239,0.6402122449949454,-0.04960183547296733,0,0,0,0,0,train
2875fd14-6e50-4614-bc78-b617a9727c78,7,8,1,0.15638948357621432,0.15285303350555265,-0.07469239590963693,0.33739894706371204,1.4147151259121096,0.13230430292578862,0.11071306816218765,-0.13850164279616387,-2.26297162303625,-0.9616991256133637,0.36165391903376914,0.1546775503324966,0.17206935367334833,0.1666851551102574,0.04254118803241137,-0.04472914949297427,-0.1079367934857018,0.3056154227894685,0.2550670710042072,0.1454607920478293,0.05566643502558884,0.12466269239908269,-0.049601835505345526,0,0,1,1,0,train
2875fd14-6e50-4614-bc78-b617a9727c78,8,9,1,0.15638463733151733,0.1528515018715038,-0.07468474394210177,1.5076581426422109,-0.2607183943568259,0.1322911108476049,0.1107062460377188,-0.13847913833882305,-2.4121523087331416,-0.7962336449139923,0.361653284675913,0.3364977096202195,0.17206935367334833,0.1666851551102574,0.04254118803241137,-0.04472914949297427,-0.1079367934857018,0.53801353097082,0.7292878918397712,-0.03714097255261806,-1.3195333418431776,-1.2068453745581464,-0.04960183552662034,0,0,1,1,0,train
88ad2e71-a8d5-4fd2-92d0-3ebb23caaaf1,0,1,1,0.15517428771844802,0.1513780699164945,-0.07459036967583475,-1.2113474820712864,-0.5827656374206496,0.13129460155711,0.10957240895099656,-0.13805436670651536,0.213553515820225,0.5149977515001904,-0.1837923399970553,0.30186529832732056,0.16231722134728174,0.16652675183475937,-0.03102945937388286,-0.044729345048149606,-0.1078721572257685,-1.4827349782541206,-1.5466788461200722,0.7670603090761445,1.0738882482602747,0.9686923662447664,-0.04960183550893426,0,0,0,0,1,train
88ad2e71-a8d5-4fd2-92d0-3ebb23caaaf1,1,2,1,0.15499618822583422,0.15143933527844916,-0.07411339703280953,-1.0012555315247538,-0.4470291477325734,0.13117181375247672,0.10974705533739902,-0.13735391547178277,0.07447889788232599,0.422667776273783,0.27010212451868887,0.3364977096202195,0.17191110561224254,0.1665309606174417,0.04250894463142053,-0.04472914957867913,-0.10759206676605754,-1.431639558459725,-1.464888299492656,0.6910530429240371,0.8534383531476667,0.790311457942387,-0.04960183575533496,1,2,0,0,0,train
88ad2e71-a8d5-4fd2-92d0-3ebb23caaaf1,2,3,1,0.15491864831068264,0.15148528429991515,-0.0738736353833744,-0.8702799059360261,-0.4272007445859014,0.1309049278630672,0.10961879939738471,-0.13687850881045824,0.04370888868259239,0.6549813520064992,0.18481017332808308,0.3624720180898942,0.17191531027087098,0.16663311925163968,0.04175855275381539,-0.044729151573231124,-0.10707497668659116,-1.3422268386529115,-1.2675817311365618,0.5595210528165653,0.14542965854952486,0.2024271197010857,-0.04960183535186762,1,1,0,0,0,train
88ad2e71-a8d5-4fd2-92d0-3ebb23caaaf1,3,4,1,0.1558527619760244,0.15222659517956638,-0.07460567361090507,-1.3047008158383966,-0.6752659063557495,0.13179894485382687,0.11036104653959518,-0.13782650907593968,1.1363727545688398,-0.5467943894879194,0.2578755111992805,0.30186529832732056,0.1720173688030334,0.1666369454177145,0.04251187584969242,-0.044729149570886466,-0.1077428847059019,-1.1265330006739165,-1.1186321078261663,0.5435898428753477,0.43765583388498797,0.4485253683434556,-0.04960183542544714,0,0,0,0,0,train
88ad2e71-a8d5-4fd2-92d0-3ebb23caaaf1,4,5,1,0.15587214695481233,0.15239201165684393,-0.07437101327316005,-0.7540141027574855,-0.6829814252354225,0.13196435321874608,0.11032420706746342,-0.13836098993778384,0.5153985312992223,-0.05461727787018585,-0.2256961169006643,0.27589098985764776,0.1720211912199683,0.16652904753440428,0.04336779158508578,-0.04472914729581347,-0.10487734384885902,-0.9637025577493719,-0.9343855834245619,0.4760283427956847,0.22395596899283607,0.2688923180579083,-0.04960183548842879,1,1,0,0,0,train
88ad2e71-a8d5-4fd2-92d0-3ebb23caaaf1,5,6,1,0.1558685122712896,0.15236750551206207,-0.07440417179914577,-0.44847865215687654,-0.7116255886407451,0.13172892536192854,0.1104401831834338,-0.1374692508156544,-0.7442723554677485,-0.39117419076798193,-0.2060157987715097,0.17199375597894703,0.1719133990624035,0.16622486733145522,0.04487150655856795,-0.044729143298557206,-0.09957717053432859,-0.7622858471270003,-0.7729788875007222,0.44405690962823147,0.3619783871565793,0.3851288127818436,-0.049601835505004827,1,1,1,1,0,train
88ad2e71-a8d5-4fd2-92d0-3ebb23caaaf1,6,7,1,0.15627559682583542,0.1526477945430046,-0.07479442214343912,0.16252373315283974,-0.41794528301880685,0.132069889844216,0.11046201398173411,-0.13836942910928662,1.0363318606324716,-1.2906444675139237,0.3204739444440257,0.29320719550409435,0.1716095169160772,0.16644640234718794,0.04084401265298413,-0.044729154004224315,-0.10745202153620206,-0.5858374399128556,-0.7057969486526051,0.5074059039976766,0.9454856444943334,0.864657610003716,-0.04960183550980159,0,0,0,0,0,train
88ad2e71-a8d5-4fd2-92d0-3ebb23caaaf1,7,8,1,0.15628407775405512,0.1527550089264252,-0.07463373082520068,0.7474595442631334,3.408060465872353,0.13214498321233883,0.1105547948745104,-0.13838630745229225,-0.414312526461833,0.002716442179220116,0.3569438119518657,0.32783960679699525,0.1718308348566092,0.1661938753862491,0.044475792091862115,-0.04472914435041454,-0.10074062321312795,-0.5123947240734722,-0.593509575733538,0.4284359950628075,0.6637559626978781,0.6351069566565178,-0.049601835512450995,0,0,1,1,0,train
88ad2e71-a8d5-4fd2-92d0-3ebb23caaaf1,8,9,1,0.15632405927280515,0.15277185690096276,-0.07468984525379188,0.37219530903277365,1.889144174177526,0.13218557422213495,0.11067486426516211,-0.1382512807082474,-0.8487990532911537,-1.3919093754317293,0.3465466866895899,0.36247201808989615,0.17157855533890434,0.1661919623032117,0.04255584412377085,-0.04472914945401557,-0.10785061180579072,-0.3896431369201185,-0.37545628155185057,0.3124557499826338,0.023420456319033514,0.09684284662682856,-0.049601835521729996,0,0,1,1,0,train
88ad2e71-a8d5-4fd2-92d0-3ebb23caaaf1,9,10,1,0.15635677142450974,0.15280708448408667,-0.0747000478771721,1.219117114811961,6.172545278831886,0.13224544596158425,0.11067213541537457,-0.13842287719547106,0.5407401113928741,-1.4231823943337745,0.35919895413047404,0.35381391526666994,0.17157664413043688,0.16620152771839877,0.04246790757561399,-0.04472914968776807,-0.10789370264574626,-0.15126915729097903,-0.19912946700372205,0.2827009836894626,0.27184351563076425,0.30919731918761634,-0.04960183550657596,0,0,1,1,0,train
88ad2e71-a8d5-4fd2-92d0-3ebb23caaaf1,10,11,1,0.15634223269041883,0.15280861611813554,-0.07466688935118639,1.0988124886527235,-0.20796162606670296,0.13224341641109444,0.11071170373729387,-0.13833567242327544,-0.2450254724204433,-1.9697149077068974,0.36145853681407536,0.28454909268087203,0.17158620017277418,0.16619617108589402,0.0425822250882179,-0.0447291493838898,-0.10779674825584631,0.041489794858327905,0.01500123640788607,0.20923993851825023,0.04655304212180296,0.11680570238094964,-0.049601835514142836,0,0,1,1,0,train
88ad2e71-a8d5-4fd2-92d0-3ebb23caaaf1,11,12,1,0.15632648239515365,0.15279176814359802,-0.07466178803949627,1.7984723874837298,0.7269176401943543,0.13220282540129832,0.11064211806771164,-0.13836661605211903,-1.7212432498295918,-2.149906814857074,0.36077279597157874,0.11138703621637337,0.1715808487890653,0.16612500439690214,0.043086394630983856,-0.04472914804369197,-0.10593306942776956,0.27557563210544384,0.6469941536853364,-0.029299801946983416,-1.9568817606344582,-2.009779401558616,-0.049601835508218235,0,0,0,0,1,train
06a313b7-ddd2-4188-bc2b-0cd3065b8fc9,0,1,1,-8.159221213903221,-7.3948649530255,4.8625202997521875,-1.091228819910479,-0.3202886190879097,-6.971694744634296,-8.398663317593728,2.010564324021259,0.5008613600623316,0.9252691683504608,-0.08839443380014594,0.24991668138797116,0.17207317609028325,0.16668898127633222,0.04254118803241137,-0.04472914949297427,-0.1079367934857018,-2.3128608355794156,-2.1243337746727846,0.7755384775090375,-0.045396111107359124,0.04395833222401875,28.992295908597555,0,0,0,0,1,train
06a313b7-ddd2-4188-bc2b-0cd3065b8fc9,1,2,1,-8.611802313664253,-6.240046576129462,7.738461284726633,-0.7576893599170569,-0.36007176612215114,-8.63840118309776,-6.882034098074743,9.757698446079168,0.9243510210200733,0.2633246963293135,-0.7507718764548444,0.319181503973771,0.17207317609028325,0.16668898127633222,0.04254118803241137,-0.04472914949297427,-0.1079367934857018,-2.0631269417998865,-1.851120102874407,0.6897729312160522,-0.2991072015191166,-0.18387944286210758,6.730322301566377,1,3,0,0,0,train
06a313b7-ddd2-4188-bc2b-0cd3065b8fc9,2,3,1,-8.585882173902487,-5.825659920940614,8.373977593768755,-0.5427902912631545,0.43518120965242685,-8.540100412511615,-7.19791210523126,8.833948139911023,0.6194191328729896,-0.18715511592743053,-0.29152787213819903,0.27589098985764776,0.17207317609028325,0.16668898127633222,0.04254118803241137,-0.04472914949297427,-0.1079367934857018,-1.764452113336147,-1.4248839965469056,0.5463232680538317,-1.0984822540765768,-0.9626414822138626,0.36897948203875025,0,0,0,0,0,train
06a313b7-ddd2-4188-bc2b-0cd3065b8fc9,3,4,1,-9.215455399364066,-5.2061706186340455,10.731041210839583,-0.19545205441843352,0.8892585361394961,-10.829688580987185,-6.843587333418114,15.911429783635826,0.4121830072773767,0.17322869837292224,0.31467401056525895,0.30186529832732056,0.17207317609028325,0.16668898127633222,0.04254118803241137,-0.04472914949297427,-0.1079367934857018,-1.2984944798676203,-1.1233623376934627,0.4882891896233552,-0.45262673571977374,-0.3279444997067629,-0.3806487371877713,0,0,1,1,0,train
06a313b7-ddd2-4188-bc2b-0cd3065b8fc9,4,5,1,-13.288999091557491,-7.835822395694079,14.927721995006697,-0.4906109620744467,-0.17646567091809726,-13.368400774066929,-12.157839461713534,11.992509911686522,-0.033105786742101094,-0.20874839511039534,0.29478181691215066,0.19796806444861983,0.17207317609028325,0.16668898127633222,0.04254118803241137,-0.04472914949297427,-0.1079367934857018,-0.9688736042233983,-0.8653588078410898,0.4306383189289978,-0.20825802162916635,-0.10647196207571429,0.17147233480827356,1,1,0,0,0,train
06a313b7-ddd2-4188-bc2b-0cd3065b8fc9,5,6,1,-5.437578673010691,-3.1099333736023986,6.268513219909961,-0.8291983708363905,1.8978125128114671,-9.028291024267729,-7.25812554021819,10.063117688879913,-0.13655805918675562,-0.00026189830544795175,0.3547635240002829,0.29320719550409435,0.17207317609028325,0.16668898127633222,0.04254118803241137,-0.04472914949297427,-0.1079367934857018,-0.6868263716875249,-0.5698667716321536,0.34143872115261703,-0.4187059575948469,-0.29725853368088656,0.7568441111886012,0,0,1,1,0,train
06a313b7-ddd2-4188-bc2b-0cd3065b8fc9,6,7,1,-0.7588698667719974,-0.14338949768995188,1.358832303439656,1.453254366809098,-0.5971977112434083,-3.6461849373146746,-2.3558178469997912,5.250556364891587,0.03264774054385741,0.010162382153496375,0.348293073867567,0.07675462492346673,0.17207317609028325,0.16668898127633222,0.04254118803241137,-0.04472914949297427,-0.1079367934857018,-0.3637970274889845,-0.29452380336069023,0.2727806117512127,-0.3062102016897021,-0.1947158621679915,0.3419344179980766,0,0,1,1,0,train
06a313b7-ddd2-4188-bc2b-0cd3065b8fc9,7,8,1,0.04443153858671478,-0.12894159370699704,-0.3082687049205146,1.8598867956545209,-0.7198900591318635,0.13232053932970708,0.24496429115971813,0.13824129523806097,12.429690000601306,-2.19681628218585,-10.240283260253955,-14.468858118094898,0.17207317609028325,0.16668898127633222,0.04254118803241137,-0.04472914949297427,-0.1079367934857018,-0.06279447049445358,0.6655414435569356,-0.04862356850582335,-2.8366013606098655,-3.679405670880832,0.06388501088849748,0,0,0,0,0,train
032f2bb5-9526-4158-8f80-781fbb2bd79b,0,1,1,0.15638100264799462,0.15284537533530831,-0.07468729459794683,0.22628127691394398,-0.33961320126538863,0.1322911108476049,0.11069669506346241,-0.13849882973899627,0.9678198225646764,1.145669559669717,-0.4890225034929471,0.2932071955040963,0.1720601798727045,0.16666525904666826,0.04262326214402443,-0.044729149274821085,-0.10759206676605754,1.0627931158805897,0.8565420844845777,0.0325433252045294,0.6072072554482052,0.5885713859264424,-0.049601835510500736,1,2,0,0,0,train
032f2bb5-9526-4158-8f80-781fbb2bd79b,1,2,1,0.15637857952564613,0.15284843860340605,-0.07467709197456661,0.6619245211106073,-0.38636266778511036,0.13228400742089055,0.11069669506346241,-0.13847913833882305,0.4122723037451763,-0.3249050942141474,0.10721171421684769,0.28454909268087203,0.17204947710528673,0.16666105026398595,0.04257343143340222,-0.04472914940727118,-0.10779674825584631,1.195540825611651,1.2214535357851466,-0.1532854836607179,-0.7898113135486733,-0.650547941431596,-0.04960183551837251,0,0,0,0,0,train
032f2bb5-9526-4158-8f80-781fbb2bd79b,2,3,1,0.1563834257703431,0.15284843860340605,-0.07468729459794683,1.6639954379907074,-0.030844311816763295,0.13220992882801264,0.1106885085140998,-0.13829066350859381,-1.306205307242534,-0.6026390280575974,0.34560910577820225,0.30186529832732056,0.17204527244665832,0.16663809326753695,0.04271706112872507,-0.04472914902550119,-0.10729043088636882,1.5944588753719227,1.683068483614589,-0.29136267078517825,-1.2620524883034172,-1.1426915437799015,-0.04960183551051804,0,0,1,1,0,train
341871dd-b877-4684-935c-97a52f5f6179,0,1,1,-12.788265704487321,-15.78295837785441,0.6390474265886198,-1.6683642316471166,-0.7166178182549687,-10.0344183545338,-13.187548416030431,0.6274136518122388,0.27135941431910626,1.2796964792066896,0.025658033872525698,0.28454909268087203,-3.8067566775670687,-3.8659442846678425,0.4248306750529658,-0.04472641643816809,1.2966845438347863,-1.2428781410125957,-1.1355558260728151,0.5090454778079095,-0.09618291835092303,-0.006975178464405286,-0.049601835384597934,1,2,0,0,0,train
341871dd-b877-4684-935c-97a52f5f6179,1,2,1,-4.374986214507416,-2.7905049661751575,4.563425294049392,-1.453826085287817,0.02502838168390623,-7.421464443455509,-8.164338350762693,3.740481959809005,0.6281258532380545,0.1218518368180646,-0.4064202296124115,0.3624720180898942,-3.856608639232322,-0.035884703239330226,-29.29946960805304,-0.04480968171572047,3.164974091786788,-0.9822034205027436,-0.8420721046309478,0.4148777540786,-0.40780335883391966,-0.2870378146832081,-0.04960183551022694,1,1,0,0,0,train
341871dd-b877-4684-935c-97a52f5f6179,2,3,1,-0.28101075467154674,-0.29110794353285235,0.10681482468029556,-1.1538684756496895,-0.6335330958729478,-0.06501164001891205,-0.02567620864387923,0.1272816245130885,0.08401924198540935,0.725718048049942,-0.2366229309728242,0.32783960679699525,-0.030302012837309485,0.06784151119950935,-0.752103291823525,-0.04473129468510825,1.1063846218811682,-0.6613695486779215,-0.7158016011112791,0.4504721721892389,0.5772037628133396,0.563943984138433,-0.049601835492594115,0,0,1,1,0,train
341871dd-b877-4684-935c-97a52f5f6179,3,4,1,0.13930647101938,0.13224030247591137,-0.07305487485711186,-0.1320653596637719,-0.5314163673492306,0.12368378722033647,0.10379406952588384,-0.12886973505429897,0.9281213701047044,0.5812666705288129,0.17864421496631855,0.2326004757415207,0.07332256354334643,0.16210293861904004,-0.6795937454316567,-0.044731070294514445,0.011392515061155233,-0.5233317238116805,-0.6847788773094612,0.5792507038298028,1.1733927806012199,1.0486791499659176,-0.04960183548652248,0,0,1,1,0,train
341871dd-b877-4684-935c-97a52f5f6179,4,5,1,0.15255610402090766,0.1452071163336126,-0.0793549947943968,0.9148884295058024,-0.4453906416199827,0.1302554717063292,0.10937183849161249,-0.1355873155705295,0.6676000969021056,-0.28544159459796203,0.28241881665367036,0.19796806444862175,0.16749162715208568,0.1622242280836122,0.04161199184022064,-0.04472915196449074,-0.10796911161566844,-0.48941794984496734,-0.5325541539314708,0.3847296898464815,0.4179603008310521,0.43185772339603534,-0.04960183550196772,0,0,1,1,0,train
341871dd-b877-4684-935c-97a52f5f6179,5,6,1,0.15440736949515185,0.15057549367488862,-0.0743123481887238,1.2059292623349647,-0.22915479705402128,0.13129460155711,0.11066531329090572,-0.13580110791526717,1.3243654499285962,0.6996573469025812,-0.44246444299877574,0.05943841927702013,0.1676127977689227,0.15928381945510475,0.06506760045192495,-0.044729089548788334,-0.025148517221135914,-0.3230071957871922,-0.16599022320774579,0.21841389103798042,-0.7984317252749694,-0.6589577425795373,-0.04960183550180144,0,0,0,0,1,train
341871dd-b877-4684-935c-97a52f5f6179,6,7,1,0.1536501437612496,0.15091398479968804,-0.07215449334380758,0.7386252023220534,2.881443199784123,0.13233880528411535,0.11082495100347672,-0.13836661605211903,-0.17668172283132522,-1.5907161768988995,-0.30574954091519485,0.08541272774669291,0.16467527035443513,0.15909901563369042,0.04395696645773669,-0.04472914572539259,-0.10274434727106019,0.07771733021931651,0.19573712974307136,0.12229916666339272,-0.773383050601068,-0.6343434225845419,-0.049601835503324344,0,0,0,0,1,train
341871dd-b877-4684-935c-97a52f5f6179,7,8,1,0.15525909700064508,0.14922306080973977,-0.07835768835898044,1.8366250570449947,-0.7177285498807222,0.1320648159679915,0.11085496835113964,-0.1375452033591796,-2.471069034289562,-1.630924306017555,-7.010629156802205,-4.72849244196653,0.1644906476164784,0.1414263371506546,0.17793122879297252,-0.04472878820542755,0.38984858968060404,0.4731545511390548,0.892731223985952,-0.09923251180598709,-2.1761300437529507,-2.340583504170305,-0.049601835503131825,0,0,0,0,1,train
7bda24b7-d6dc-487f-8e11-a9c970fd5e9d,0,1,1,0.1526263745690138,0.14836687737642357,-0.07424092982506227,-1.6047013692951346,-0.6532123538949234,0.12773071089701019,0.10557737286204023,-0.13641154132063651,0.24832867445377116,1.70064071181295,-0.07340519201721034,0.319181503973771,0.16694502153039184,0.16547685186382582,0.012502063182030747,-0.04472922935182431,-0.10777520283586856,-0.6609368725290138,-0.681231621354214,0.4199938848519327,0.3678607314411811,0.39002464733641734,-0.04960183551083019,1,1,0,0,0,train
7bda24b7-d6dc-487f-8e11-a9c970fd5e9d,1,2,1,0.15560318037413023,0.15216379818356288,-0.07418481539647107,-0.814333335654668,-0.26476544431714355,0.13092319381747547,0.10928042202372995,-0.13762678201704004,0.1173284187727208,0.18332207183637148,0.09577551078620047,0.3711301209131223,0.17086223440529993,0.16645328944612264,0.035060719002535164,-0.04472916937673537,-0.10701034042665786,-0.4855401202437742,-0.5058265277874018,0.3653530197663986,0.2773450502477499,0.3138881432052315,-0.04960183587477097,1,2,0,0,0,train
7bda24b7-d6dc-487f-8e11-a9c970fd5e9d,2,3,1,0.15574735615386523,0.15237822695040415,-0.07413125162372491,-0.6275225455451736,-0.15257342720545541,0.13098509510741455,0.10963380807121617,-0.1370697966978551,0.008356081322061814,0.10307126709680814,0.22049724324143566,0.319181503973771,0.17183771520709204,0.16658184862623696,0.04155629869305463,-0.04472915211084651,-0.10678411351689131,-0.29378878551776083,-0.4448053854601166,0.4469559046623828,0.9842440382133018,0.8960111463486176,-0.04960183564843403,0,0,1,1,0,train
7bda24b7-d6dc-487f-8e11-a9c970fd5e9d,3,4,1,0.15364529751655265,0.15247318826143383,-0.06954772307016174,-0.13328375564304146,-0.7068523615838253,0.12903774141244542,0.10971430913994856,-0.13150556962034085,0.11209573983685794,0.20235064427903707,-0.494203938461969,0.319181503973771,0.17196614841610544,0.1665757267605172,0.042588087524761696,-0.044729149368313584,-0.10560988812810307,-0.22708099927376527,-0.31470537849311564,0.3402946592495437,0.5536666550825061,0.544454868548775,-0.04960183669832745,1,1,0,0,0,train
7bda24b7-d6dc-487f-8e11-a9c970fd5e9d,4,5,1,0.15622228813416872,0.15276419873071842,-0.07448834344203256,-0.09418729316372212,1.0567657301111157,0.1320374170363791,0.11057253239812942,-0.13805155364934776,0.8669611262234642,0.24288976915579372,-0.09637528998835167,0.2932071955040963,0.17196003254900954,0.1666139884212655,0.04224806620522187,-0.04472915027209902,-0.10668715912699137,-0.0848567942834823,-0.13620410603225347,0.2647954948052926,0.25875427928921324,0.2981310642047057,-0.049601835383801404,0,0,1,1,0,train
7bda24b7-d6dc-487f-8e11-a9c970fd5e9d,5,6,1,0.15623924999060812,0.15274581912213203,-0.07455466049400399,-0.455438679843981,-0.5683164817266303,0.13209525922533857,0.11056707469855434,-0.13822315013657138,0.8727004980188625,-0.3064557865388104,0.2777201280131776,0.30186529832732056,0.17199825671835878,0.16661628412091042,0.042523600722780004,-0.04472914953972175,-0.10748433966616872,0.11027925649274338,0.033522680849224676,0.2235779039539896,0.311708875261237,0.3427861914420335,-0.049601835480688625,1,1,0,0,0,train
7bda24b7-d6dc-487f-8e11-a9c970fd5e9d,6,7,1,0.156119305434358,0.1526876170282751,-0.07439907048745566,-0.5690859351281802,-0.7052836210802172,0.132006973779032,0.11046883610620295,-0.13818095427905738,-0.0011257686028333968,-0.20138535941020505,0.3336971339554436,0.28454909268087014,0.17200055016851973,0.16655659593014308,0.042998458082827,-0.04472914827752884,-0.10633165969735822,0.2958231153481559,0.2506120028975585,0.14496997710205645,0.029159505461108366,0.10174869528071244,-0.04960183568797661,0,0,0,0,0,train
7bda24b7-d6dc-487f-8e11-a9c970fd5e9d,7,8,1,0.15639069513738857,0.15285303350555265,-0.07469494656548199,-0.24114578800654485,-0.21783107553599448,0.13228705174662528,0.11069396621367487,-0.13849320362466105,1.0332342894339228,-0.7424573525913708,0.3507810253793819,0.18065185880217322,0.17194092046433496,0.16661704935412538,0.04207805554545195,-0.04472915072399078,-0.10777520283586856,0.5331432889591774,0.5246853906464016,0.05349130807125387,-0.298976809006079,-0.1882547107691173,-0.04960183553598594,0,0,1,1,0,train
7bda24b7-d6dc-487f-8e11-a9c970fd5e9d,8,9,1,0.15639190669856282,0.15285303350555265,-0.07469749722132704,1.8576800444529602,-0.719887317807446,0.1321317911341551,0.11067759311494965,-0.13809656256402936,-0.5937537096893128,-0.3461676439268293,0.3142058544674213,0.059438419277016284,0.1720013146519067,0.16659562282410634,0.042705336255637494,-0.044729149056663184,-0.10733352172632435,0.8327579514815228,1.3381473142459261,-0.22418822409548497,-2.510371064997336,-2.9333117834435614,-0.04960183650564181,0,0,1,1,0,train
c3fab2da-7781-49e8-b137-e66c71266fcd,0,1,1,0.145807708280371,0.14315778997622963,-0.06856061925812561,-1.418422845158518,-0.5956690293983999,0.12390399344848045,0.10184157750290006,-0.13350565326650496,0.43132484209720223,0.8534573796220833,0.2543345256462589,0.2672328870344216,0.1685794870117645,0.16416983353266362,0.035048994129447585,-0.044729169414988536,-0.07627579882837465,-0.11094816269766361,-0.18860630759400762,0.29385134579060024,0.43180057202578004,0.443351670279901,-0.04960183555617847,1,2,0,0,0,train
c3fab2da-7781-49e8-b137-e66c71266fcd,1,2,1,0.15614232509666864,0.15262328839822273,-0.07455466049400399,-0.9010617222087812,-0.17104052343223802,0.1319734861959502,0.11041153026066464,-0.1382062717935658,0.2575892801922062,0.3132124764044432,-0.0888543432458537,0.34515581244344573,0.16955649678033058,0.16663158878520976,0.023681729671038525,-0.0447291996217224,-0.10733352172632435,0.052993621921244696,0.004860923881314748,0.22024408731240885,0.1690691582046061,0.22196627961726947,-0.049601836351038625,1,1,0,0,0,train
c3fab2da-7781-49e8-b137-e66c71266fcd,2,3,1,0.1563337517621991,0.15282240082457532,-0.07462607885766552,-0.4274778300678619,-0.1416995911192817,0.13221195837850244,0.11065030461707426,-0.13837505522362184,0.74505440150572,0.12375437451694923,0.12237984491521721,0.3018652983273244,0.17201583983625943,0.16667291137881793,0.0422246164590467,-0.044729150334421264,-0.10759206676605754,0.26449032995161365,0.19390819950964444,0.17147982632915482,0.19549036059682912,0.24446032658391617,-0.049601835457934514,0,0,1,1,0,train
c3fab2da-7781-49e8-b137-e66c71266fcd,3,4,1,0.15635071361863853,0.15282546409267306,-0.07465668672780618,-0.2547910245214552,0.2101086920642252,0.1321977515250738,0.11064348249260542,-0.13834973770911344,0.6081561602694066,0.11217191957377207,0.259461405839652,0.21528427009507412,0.17205712193915657,0.16666831997952813,0.04257636265167411,-0.04472914939948009,-0.10775365741589078,0.47115518038961424,0.329057120143078,0.16429620810819204,0.5226292761341489,0.5187599283559785,-0.04960183546240443,1,1,1,1,0,train
c3fab2da-7781-49e8-b137-e66c71266fcd,4,5,1,0.15638100264799462,0.15284537533530831,-0.07468729459794683,-0.363712841272878,0.2849756725426149,0.1322911108476049,0.11068577966431226,-0.13852133419633708,0.3538081787952966,-0.6845445452998484,0.34042830516703654,0.2932071955040963,0.17205253503883466,0.1666690852127431,0.04253532559586758,-0.04472914950855663,-0.10763515760601307,0.6188988142332337,0.5406031051871333,0.06930143042607818,0.06181486321553773,0.1299598555824678,-0.04960183544945866,0,0,0,0,0,train
c3fab2da-7781-49e8-b137-e66c71266fcd,5,6,1,0.15639190669856282,0.15285303350555265,-0.07469749722132704,1.2482800678120478,-0.6582162285116225,0.13228197787040075,0.11069669506346241,-0.13847351222448787,-0.24534080556036705,-0.32465691396752605,0.35918372954192646,0.3018652983273186,0.17205329952222165,0.16662776261913492,0.042857759605776036,-0.04472914865152137,-0.10670870454696914,0.8501590596643382,0.7973104357563854,-0.014695220563149619,-0.2004744907912166,-0.09987534243470846,-0.04960183562539537,0,0,1,1,0,train
c3fab2da-7781-49e8-b137-e66c71266fcd,6,7,1,0.15639190669856282,0.15285303350555265,-0.07469749722132704,1.859785802151457,-0.7198827946139481,0.1321368650103796,0.1106666777157995,-0.13813313230720817,-0.8368421639827087,-1.2504364271578745,-0.07428568072154462,-0.6678422178738984,0.17201201741932448,0.1665309606174417,0.04328278625520082,-0.04472914752176321,-0.1052112978585144,1.1307892983287389,1.5775887627816894,-0.28700036755065544,-2.42242900949229,-2.7644337661731755,-0.04960183579971052,0,0,1,1,0,train
bb8c5498-11c5-4f7a-b7eb-d0426c7637e5,0,1,1,0.15638584889269158,0.15284843860340605,-0.07469239590963693,-0.722283584160277,-0.7134601786157976,0.1322911108476049,0.11069260178878111,-0.13850726891049908,0.21975671452519013,0.9991704288261437,0.2717723887539282,0.31918150397377293,0.1720617088394785,0.16668745080990227,0.0424649763573421,-0.044729149695544375,-0.10790447535573515,1.0730136556925027,0.8831156169050035,0.013457798752046512,0.501093550358735,0.5009136328470546,-0.04960183539900708,0,0,0,0,1,train
bb8c5498-11c5-4f7a-b7eb-d0426c7637e5,1,2,1,0.15639069513738857,0.15285303350555265,-0.07469494656548199,0.796392407084124,-0.35315921084130014,0.13229922904956412,0.11070351718793126,-0.13850726891049908,0.8143357070836372,0.19500820150345913,-0.12214544353653296,0.28454909268087203,0.17207164712350928,0.16668821604311723,0.04253532559586758,-0.04472914950855658,-0.10791524806572403,1.2245907819520623,1.0823717477947519,-0.07108081644305606,0.13461624008369677,0.19250540267165722,-0.04960183559915506,1,1,0,0,0,train
bb8c5498-11c5-4f7a-b7eb-d0426c7637e5,2,3,1,0.15639190669856282,0.15285303350555265,-0.07469749722132704,1.8595108753931167,-0.7198878660726432,0.13214498321233883,0.11068714408920603,-0.13811344090703498,-0.7804685155043709,-1.744661158954143,-0.47730147338488915,-1.6202335284286709,0.17207241160689626,0.16668783342650975,0.042544119250683264,-0.04472914948518311,-0.10792602077571291,1.4424158648701766,1.9777099716873165,-0.3985760970773534,-2.7044101568257313,-3.3499967929782195,-0.049601835464188546,0,0,0,0,0,train
b25a4a1e-652b-42f6-8db4-5f16502df466,0,1,1,0.15622713437886568,0.15279176814359802,-0.0744526342602018,0.7742338282772947,-0.3655796330407542,0.1321703525934614,0.11066804214069326,-0.13822315013657138,-0.24025238379283506,0.9064060494055427,0.23462883320285835,0.30186529832732056,0.17206247332286548,0.1666736766120329,0.04257636265167411,-0.04472914939948017,-0.10779674825584631,0.15722183242905796,-0.0057030043672574955,0.29423837842280165,0.8178144278654206,0.7609483081177436,-0.0496018355659093,1,1,0,0,0,train
b25a4a1e-652b-42f6-8db4-5f16502df466,1,2,1,0.15625136560235056,0.1527825783393048,-0.07451895131217322,-0.2391554822827044,-0.1308608097057248,0.13225254938829856,0.11066940656558703,-0.13844819470997946,0.5314753254478516,-0.4636479710125617,0.3312910146070719,0.32783960679699525,0.17205788642254355,0.1666752070784628,0.042529463159323794,-0.04472914952413896,-0.10768902115595748,0.25294193474584964,0.2071849434507434,0.15818417005144678,0.05388896538473109,0.12313033630454047,-0.04960183546031472,1,1,0,0,0,train
b25a4a1e-652b-42f6-8db4-5f16502df466,2,3,1,0.1563555598633355,0.15283159062886853,-0.07465668672780618,-0.45264905801896904,0.5906372719493148,0.13228806652187017,0.11068987293899357,-0.13850445585333146,0.4356986381196441,0.03688507481705956,0.2978641617351768,0.319181503973771,0.17205941538931752,0.1666847724936499,0.04246790757561399,-0.0447291496877533,-0.10790447535573515,0.48566920230170607,0.4299423928680146,0.09483145404964666,-0.004088732679307802,0.07290245163858124,-0.049601835520275014,0,0,1,1,0,train
b25a4a1e-652b-42f6-8db4-5f16502df466,3,4,1,0.15638584889269158,0.15284690696935718,-0.07469494656548199,0.5158212340725747,-0.03078934828315888,0.13229922904956412,0.11070078833814372,-0.13851289502483427,0.06118661787983081,1.0793177363670088,0.1998571416759282,0.3364977096202195,0.17206897143165484,0.16668592034347235,0.042532394377595685,-0.044729149516347745,-0.10788292993575738,0.7291857238424803,0.679965551912211,0.018778811609072823,-0.16220179738857568,-0.06585824511007601,-0.04960183559746962,0,0,0,0,0,train
b25a4a1e-652b-42f6-8db4-5f16502df466,4,5,1,0.15638584889269158,0.1528515018715038,-0.07468729459794683,1.791372198941412,0.28621687523227773,0.13220079585080852,0.11069805948835619,-0.1382456545939122,-1.5952653243256438,1.5144920349308313,0.2261309753618915,0.31052340115054866,0.1720701181567353,0.1666736766120329,0.04263498701711201,-0.044729149243656674,-0.10759206676605754,1.0025088838730505,1.239459707225632,-0.18253838604364314,-1.6828097018658559,-1.6408185763611887,-0.049601835560649205,0,0,0,0,0,train
fb2c53c4-5f5b-4af7-9ec0-68e80b534d7c,0,1,1,0.15635798298568399,0.1528285273607708,-0.07466688935118639,-0.47798299772501224,-0.17608185137950433,0.13226878579221701,0.11067895753984341,-0.13847351222448787,0.07720924218294187,0.016119240648044684,0.20076934827306991,0.30186529832732056,0.16976864092021876,0.16668285941061248,0.02491577256350635,-0.04472919634124206,-0.10788292993575738,1.3527867500704882,1.3002663435873139,-0.16100612579649504,-0.4427184098053964,-0.31960549414662914,-0.04960183551248321,1,1,0,0,0,train
fb2c53c4-5f5b-4af7-9ec0-68e80b534d7c,1,2,1,0.15638948357621432,0.15284690696935718,-0.07470259853301715,1.561707362224183,-0.7185765185670445,0.1322038401765432,0.11067213541537457,-0.1383075418515994,-0.7366314581658482,0.17397323911278623,-1.2084337922782553,0.2758909898576497,0.17206706022318738,0.16649767297259066,0.04395989767600858,-0.04472914572194225,-0.10272280185108242,1.6806163567897239,1.881647147659501,-0.3565589732655917,-1.7688843964868688,-1.752204147205104,-0.04960183544880528,0,0,0,0,0,train
905c79c2-3dea-40b9-bcc2-8835d2e97b70,0,1,1,0.15508826687507674,0.15175332025846672,-0.07378436242879749,-0.6309231996435298,-0.43919888305320204,0.1300971667681243,0.10936092309246233,-0.1351709831097246,0.4484506241278865,1.3697922996378686,0.2191340082085723,0.28454909268087014,0.16931186209649557,0.1665420564990587,0.022491655052649127,-0.044729202785703484,-0.10779674825584631,0.09413904212043839,-0.009565087342769004,0.25104556193391125,0.4842160410431697,0.48692999295839146,-0.04960183485365432,0,0,0,0,1,train
905c79c2-3dea-40b9-bcc2-8835d2e97b70,1,2,1,0.1563252708339794,0.15282699572672193,-0.07460057229921496,0.18356059352179382,0.271877560939112,0.13206583074323638,0.11054524390025403,-0.1381865803933926,0.4164949963387245,0.7309301882794141,0.05096700925928696,0.24125857856474497,0.17192639527998224,0.16668745080990227,0.04142732508909125,-0.04472915245361438,-0.10792602077571291,0.24871993896272912,0.1687539252479318,0.1831253452259939,0.25987321220906456,0.299058621452214,-0.049601835573277735,1,1,0,0,0,train
905c79c2-3dea-40b9-bcc2-8835d2e97b70,2,3,1,0.15625015404117631,0.15284078043316174,-0.07441947573421609,0.7883862981874005,2.9088016070346,0.13206583074323638,0.11063256709345526,-0.13800654473466614,0.543579013797699,1.1955573397448467,0.022724763145694507,0.32783960679699525,0.17207164712350928,0.16667214614560294,0.04265843676328718,-0.0447291491813272,-0.10750588508614647,0.4436567448216051,0.42775980647432,0.08371202231030041,-0.21359949760293206,-0.11157313042777446,-0.049601835430318056,1,1,0,0,0,train
905c79c2-3dea-40b9-bcc2-8835d2e97b70,3,4,1,0.15636525235272944,0.15283924879911287,-0.07466433869534134,-0.18597905804932516,-0.15065309591697348,0.13218151512115534,0.11065849116643688,-0.13827378516558822,1.224916805644828,-0.1819429756979584,0.22875785124420292,0.3018652983273186,0.17205635745576958,0.16668324202721996,0.042456182702526414,-0.044729149718918004,-0.10783983909580185,0.7267997392303153,0.6546800770745275,0.033107323847833,-0.02842458390534841,0.05171701485046656,-0.04960183540992901,0,0,0,0,0,train
905c79c2-3dea-40b9-bcc2-8835d2e97b70,4,5,1,0.15638948357621432,0.1528515018715038,-0.07469494656548199,0.6736078293496535,-0.6712281854615315,0.13228603697138036,0.1106885085140998,-0.13850164279616387,0.6130872308002437,0.8202814679707292,0.277768973568101,0.3364977096202195,0.17206744246488087,0.16668362464382744,0.042538256814139475,-0.04472914950076543,-0.10782906638581297,0.9748670209675129,0.7722374794600227,0.05811065734997452,0.6311726116437874,0.6082867135506723,-0.049601835410448436,1,1,1,1,0,train
905c79c2-3dea-40b9-bcc2-8835d2e97b70,5,6,1,0.15639190669856282,0.1528515018715038,-0.0747000478771721,1.8597961604594635,-0.7198899220656949,0.13214802753807353,0.11067622869005588,-0.13814438453587857,-0.1609268266460207,0.6929557701429567,-1.9198566125810839,0.14601944750927043,0.17206782470657436,0.16666755474631315,0.04266429919983097,-0.04472914916574461,-0.10748433966616872,1.103379758858762,1.543644763731192,-0.27750505800590974,-2.39796290275998,-2.7192872399945474,-0.04960183606213631,0,0,1,1,0,train
15e927bb-b15d-4a35-8a0a-a71d28ee893f,0,1,1,0.15557773758947113,0.15205045726394678,-0.07432000015625896,-0.8871705837777573,-0.6604537394808563,0.13155133969407048,0.11026007909745626,-0.13734828935744756,-0.2222875349445953,-1.8207959528868116,-0.3414080647250207,0.32783960679699525,0.1719149280291775,0.1665286649177968,0.04255584412377085,-0.04472914945401754,-0.1078721572257685,0.1703678517083071,0.06207528345536603,0.23065011027763532,0.47251473273808553,0.4772104087342798,-0.04960183551809007,1,1,0,0,0,train
15e927bb-b15d-4a35-8a0a-a71d28ee893f,1,2,1,0.1558079342125774,0.15263247820251594,-0.07383537554569858,0.36233182603162695,1.2875926966552131,0.1316832604759079,0.1102314261746871,-0.13777306098975528,0.3114300567772328,-1.009187741208548,-0.578903399414932,0.1633356531557151,0.17191301682071,0.16667138091238798,0.04144784361699451,-0.04472915239908355,-0.10777520283586856,0.32703657413829995,0.007057813183655024,-3.829046275955964,1.717152937008674,1.4865550549540156,-0.04960183560413484,1,2,0,0,0,train
15e927bb-b15d-4a35-8a0a-a71d28ee893f,2,3,1,0.15535238721106182,0.1523659738780132,-0.07332014306499754,0.24180622263491658,-0.5486615358163084,0.1315574283455399,0.11019458670255533,-0.13750019444449801,-0.3753226445156545,-1.010677000213488,-0.10735285268900344,0.3278396067969972,0.1720555929723826,0.16661628412091042,0.04296328346356426,-0.04472914837103506,-0.10624547801744716,0.26689195038009106,0.17355315911308716,0.18768310236303337,0.3312755040646195,0.3592316463428387,-0.04960183552127611,0,0,0,0,0,train
15e927bb-b15d-4a35-8a0a-a71d28ee893f,3,4,1,0.15598966838871395,0.15258959244914766,-0.0742893922861183,-0.3752770289698489,1.0252714882896174,0.13204655001358323,0.11053978620067895,-0.13814438453587857,-0.1231102387188217,-0.9399403929326513,0.30609051441371204,-0.06177502024813874,0.17200055016851973,0.16665607624808867,0.04223634133213428,-0.044729150303258684,-0.10729043088636882,0.44890322587065906,0.21637528803020611,0.3051303090275215,1.0989199241561831,0.9886295969771334,-0.049601835520451505,0,0,1,1,0,train
15e927bb-b15d-4a35-8a0a-a71d28ee893f,4,5,1,0.1561859412989414,0.15279176814359802,-0.07436591196146994,-0.2797583232836835,-0.2196780078911967,0.13226777101697212,0.11067759311494965,-0.13847351222448787,0.15790435589928586,-0.38521733227343363,0.3041671413938694,0.08541272774669291,0.17204030330464293,0.16667214614560294,0.04241807686499178,-0.04472914982020369,-0.10765670302599084,0.49571600769298,0.3914190683020717,0.12499748949408539,0.27961443802560315,0.3157269394528761,-0.049601835547724925,1,1,1,1,0,train
15e927bb-b15d-4a35-8a0a-a71d28ee893f,5,6,1,0.1563192130281082,0.15281321102028214,-0.07461077492259519,-0.7639461016501339,0.7135329917654148,0.13228197787040075,0.11069805948835619,-0.13847069916732027,-0.28652904576203775,0.13599899850154096,0.3448002995116128,0.18065185880216938,0.17205635745576958,0.16667444184524785,0.042523600722780004,-0.044729149539721305,-0.1076782484459686,0.6870723578427108,0.5132184963938377,0.12431730625442379,0.6049290325838894,0.5866981889649574,-0.0496018355254943,0,0,1,1,0,train
15e927bb-b15d-4a35-8a0a-a71d28ee893f,6,7,1,0.15637979108682037,0.15284384370125947,-0.07468729459794683,0.4707837424562946,-0.6784750279943014,0.13230531770103354,0.11069942391324995,-0.1385325864250075,0.0032343961129794596,0.08685575916627522,0.34123267092863296,0.18065185880216938,0.17205865090593053,0.16666755474631315,0.042593949961305486,-0.04472914935273299,-0.10769979386594637,0.8202224416318407,0.6683494531475502,0.06114095180942612,0.4003297212122971,0.417067315457004,-0.04960183558220033,0,0,0,0,0,train
15e927bb-b15d-4a35-8a0a-a71d28ee893f,7,8,1,0.15637009859742643,0.152837717165064,-0.07467709197456661,0.5687625462940139,-0.6328895702114199,0.1322951699485845,0.11069942391324995,-0.13850445585333146,-0.5437475177360338,0.2052460804896192,0.3543182047852666,-0.19164656259650842,0.17205177055544768,0.16664918914915397,0.042681886509462336,-0.04472914911899645,-0.10739815798625764,0.9898102649382219,0.8242192366716268,0.01893564519817309,0.39583078897484025,0.41330727697515035,-0.04960183552295056,0,0,0,0,0,train
15e927bb-b15d-4a35-8a0a-a71d28ee893f,8,9,1,0.15638827201504008,0.15285303350555265,-0.07468984525379188,0.6714902027565659,0.573801708593796,0.132300243824809,0.11069805948835619,-0.13852133419633708,-0.5983751729402265,-0.34947671388178025,0.35874158211619084,0.21528427009506834,0.17203342295416005,0.16664536298307914,0.04257050021513032,-0.04472914941506218,-0.1076782484459686,1.1602057672946684,0.9795580099235047,-0.022416196892972806,0.3990661827216281,0.4160096953739077,-0.049601835547993,0,0,0,0,0,train
15e927bb-b15d-4a35-8a0a-a71d28ee893f,9,10,1,0.15639190669856282,0.1528515018715038,-0.0747000478771721,1.8585389208251695,-0.7198703215471172,0.13214092411135922,0.11069533063856865,-0.13808531033535895,-2.0609639902286188,-1.2429904871835982,0.3567287646386313,0.09407083056992294,0.17202960053722513,0.16657304844426485,0.043095188285799536,-0.04472914802041915,-0.10590075129780291,1.3300207738036065,1.773349410078007,-0.34006921641354926,-2.4589148056360974,-2.833204521392084,-0.04960183526636435,0,0,0,0,0,train
4efe69f1-7d46-4e1e-a5f6-f108c19e3a4f,0,1,1,0.15638221420916887,0.15284537533530831,-0.07468984525379188,-0.5315612379898119,0.46032462761849635,0.13227690399417624,0.11069805948835619,-0.13845663388148224,0.6476129637527542,1.1611195788853492,-0.638222836901245,0.2672328870344216,0.17204450796327134,0.16666334596363083,0.042517738286236215,-0.04472914955530377,-0.10785061180579072,0.35628430963648283,0.12231785735953175,0.3553197855845816,1.1578405736018842,1.0361322390326586,-0.0496018359260379,1,1,0,0,0,train
4efe69f1-7d46-4e1e-a5f6-f108c19e3a4f,1,2,1,0.15637009859742643,0.15284384370125947,-0.07466688935118639,0.09315112325985558,0.7934505178909086,0.1322576232645231,0.11069533063856865,-0.13840881190963306,0.34405573375621307,0.7460081146503266,0.06576721240109028,0.3105234011505467,0.17204756589681927,0.16665263269862132,0.04262326214402443,-0.04472914927482066,-0.10743047611622429,0.3928932361003669,0.3091102186633828,0.14159441031450773,0.20899472894676763,0.2559360404770987,-0.04960182300860667,0,0,0,0,0,train
4efe69f1-7d46-4e1e-a5f6-f108c19e3a4f,2,3,1,0.15637009859742643,0.1528423120672106,-0.07466944000703145,0.1545808530945728,-0.15212998388352603,0.13224646073682914,0.11067895753984341,-0.13841162496680065,0.33886911209881815,-0.38391429721606557,0.27076883462550105,0.3538139152666719,0.17203686312940147,0.1666005968400036,0.0429398337173891,-0.044729148433362426,-0.1064178413772693,0.5970930336563832,0.5783782187559511,0.04041014659839745,-0.2718591026357401,-0.16379912356981627,-0.049601826666490226,1,1,1,1,0,train
4efe69f1-7d46-4e1e-a5f6-f108c19e3a4f,3,4,1,0.15638706045386583,0.15284997023745492,-0.07469239590963693,0.4575283451791722,-0.6782456006446712,0.13224950506256386,0.11067349984026834,-0.13843131636697384,0.2346018984957211,-0.5151491002159422,0.3181014460620299,0.29320719550409824,0.17198487825908654,0.1666354149512846,0.04227444716966892,-0.044729150201975425,-0.10769979386594637,0.8914544878583235,0.8443491886999813,-0.02998055876405175,-0.25318720158279695,-0.14701987201640423,-0.04960183487410885,0,0,0,0,0,train
4efe69f1-7d46-4e1e-a5f6-f108c19e3a4f,4,5,1,0.15638827201504008,0.1528515018715038,-0.07469239590963693,0.6881506779927558,-0.7184539297448048,0.13228096309515586,0.11069260178878111,-0.13847913833882305,-0.1345030264046365,-0.08700728540723913,0.331129253353754,0.319181503973771,0.17201966225319434,0.16660863178876076,0.04274637331144403,-0.04472914894758651,-0.1071719310764911,1.1822116571517798,1.0170078909054059,-0.04156646557373531,0.2940148755461528,0.327865082887532,-0.04960183833007613,0,0,0,0,0,train
4efe69f1-7d46-4e1e-a5f6-f108c19e3a4f,5,6,1,0.15639190669856282,0.15284997023745492,-0.07470259853301715,1.8540561472372548,-0.7198028842204209,0.1321388945608694,0.11067895753984341,-0.13811344090703498,2.679844406628787,-0.1614666851500017,-0.49635758338359354,0.04212221363056776,0.1719929053346499,0.16660404038947096,0.04257636265167411,-0.04472914939947917,-0.1078075209658352,1.370960660539989,1.9064063224544365,-0.3792690776251961,-2.6913781161832873,-3.31976799147594,-0.04960182799308769,0,0,1,1,0,train
e9ae30da-acf1-4972-8694-5b37f63f0ebc,0,1,1,0.15627559682583542,0.1528239324586242,-0.07450109672125783,0.40116879131557404,2.0143165630538986,0.13196536799399097,0.11063666036813657,-0.13771961290357088,0.2126272297411092,1.0473827259487611,0.17129517920283685,0.3364977096202195,0.17197532221674924,0.166660285030771,0.04201063752519837,-0.04472915090317987,-0.10764593031600195,-0.49827396588099027,-0.479929155523307,0.34236059702972893,0.053420983589951954,0.12281052828992851,-0.049601835325760665,1,1,0,0,0,train
e9ae30da-acf1-4972-8694-5b37f63f0ebc,1,2,1,0.15625863496939602,0.152814742654331,-0.0744806914744974,0.28308688541607385,0.45236588053934335,0.1320627864175017,0.11061619399473002,-0.13803186224917455,-0.08090875616922825,0.4852138140778733,0.007541407858777425,0.32783960679699525,0.17204450796327134,0.16666334596363083,0.042517738286236215,-0.04472914955530377,-0.10776443012587966,-0.2654780016257007,-0.2602204751701662,0.2809607860296421,0.013724402233870529,0.08841825245040835,-0.04960183552353634,1,1,0,0,0,train
e9ae30da-acf1-4972-8694-5b37f63f0ebc,2,3,1,0.1562913471211006,0.15279636304574462,-0.07458016705245453,-0.23835390030165643,-0.4367473518283513,0.1321967367498289,0.11065030461707426,-0.1383328593661078,0.21064068596779809,0.3348055780621958,0.17105222014393193,0.40576253220602126,0.17204756589681927,0.1666637285802383,0.042538256814139475,-0.04472914950076546,-0.10748433966616872,-0.025294368118167702,0.04237116786323638,0.17561484617758108,-0.45766078616187894,-0.33338986505220114,-0.04960183543297802,1,1,1,1,0,train
e9ae30da-acf1-4972-8694-5b37f63f0ebc,3,4,1,0.1562719621423127,0.15277951507120707,-0.07456741377322926,-0.7895395385515493,-0.5221905634743647,0.13221094360325752,0.11064621134239296,-0.13838068133795703,0.38268235815675233,1.266293680737865,0.11319561187389757,0.35381391526666994,0.17204794813851276,0.16666258073041587,0.042549981687227054,-0.04472914946960071,-0.10755974863609088,0.3054962049987496,0.26981320967894745,0.13611374392103762,-0.0314826280650515,0.04906161587507473,-0.049601835489747115,0,0,1,1,0,train
e9ae30da-acf1-4972-8694-5b37f63f0ebc,4,5,1,0.15630709741636575,0.15279023650954915,-0.07462352820182046,-0.7774799863539739,-0.540039868212772,0.13225356416354347,0.11065576231664934,-0.13847913833882305,-0.02441531759567186,1.7465572528917142,0.29525377915712525,0.28454909268087203,0.1720468014134323,0.1666664068964907,0.04251187584969242,-0.044729149570886105,-0.1074951123761576,0.5541338825263995,0.45790499092553133,0.10112235403965619,0.2012176858919276,0.24932303024960561,-0.04960183553611614,1,1,0,0,0,train
e9ae30da-acf1-4972-8694-5b37f63f0ebc,5,6,1,0.15638463733151733,0.1528515018715038,-0.07468474394210177,0.6391737923627374,-0.22970727651306366,0.1322931403980947,0.11070351718793126,-0.13849039056749346,-0.3461173241980403,1.23650992084076,0.3289946391678139,0.3364977096202195,0.1720506238303672,0.16667061567917302,0.04250894463142053,-0.044729149578677234,-0.10769979386594637,0.7597541947511858,0.7282605406809345,-7.630526164788909e-05,-0.27800198051149,-0.16933388320118534,-0.04960183563618496,0,0,0,0,0,train
e9ae30da-acf1-4972-8694-5b37f63f0ebc,6,7,1,0.15638584889269158,0.15284843860340605,-0.07469239590963693,1.415322674485306,-0.5028663068290361,0.13224544596158425,0.11069396621367487,-0.13837786828078943,-0.7594231435547016,0.09057864039080726,0.1582064735569225,0.2585747842111954,0.17205482848899561,0.166648423915939,0.04271119869218128,-0.04472914904108435,-0.10731197630634658,1.055304548860129,1.1649729125133115,-0.14925959917582474,-1.1457119898986547,-1.0159573108011692,-0.049601836021455036,0,0,1,1,0,train
fd3f00a8-9429-438a-9e31-1f8ed9559b55,0,1,1,0.15638584889269158,0.15284997023745492,-0.07468984525379188,1.790067267930671,-0.7156770054435276,0.1321683230429716,0.11066940656558703,-0.1382147109650686,-1.0265446124858564,-0.11492951592947206,-2.095389140598111,0.20662616727184407,0.1707074265194356,0.16515507129693255,0.04381919919895762,-0.0447291460952185,-0.1032398919305488,2.5115030035940875,2.4405353783908943,-0.4827924176178759,-0.8681419897157705,-0.728420851517832,-0.049601835623909185,0,0,0,0,1,train
e80f92c3-eeec-46c5-8eef-08c5f2462b6c,0,1,1,0.14805878894211555,0.14266307217844584,-0.07412359965618975,-1.6887245380496327,-0.6278949047279228,0.12934115921067146,0.10718602981179416,-0.13755926864501763,0.17979121488616717,0.6938863573051806,-0.2398733806277297,0.18065185880216938,0.1644176394530214,0.1642899751474133,0.0022134870476790696,-0.0447292567237782,-0.10823842936539052,0.7147037342823012,0.5677496841089386,0.09044103554430541,0.4251867956184285,0.43781203794121865,-0.04960183545767742,0,0,0,0,1,train
e80f92c3-eeec-46c5-8eef-08c5f2462b6c,1,2,1,0.14696596076294785,0.14267532525083676,-0.07180250283719004,-1.239050614986222,-0.382616752197184,0.12842583193976884,0.10703184979879823,-0.13533976653978064,-0.12797747490586878,0.253644779085021,0.2878057835680844,0.11138703621636568,0.16967652067208713,0.16401296072359556,0.0446633900612634,-0.044729143849825126,-0.09941557988449534,0.8798354654952697,0.7881337892231819,-0.0003519920196931181,0.009827699005212302,0.08498087958411268,-0.049601835528344,1,2,0,0,0,train
e80f92c3-eeec-46c5-8eef-08c5f2462b6c,2,3,1,0.1563749448421234,0.15284384370125947,-0.07467709197456661,0.06281444448377749,0.4691203007230572,0.1322576232645231,0.11067622869005588,-0.13844819470997946,0.35630617394692055,0.34299623630154824,0.3520104109045979,-0.16567225412683562,0.1693997776859988,0.16660824917215328,0.022658734494147147,-0.04472920234105243,-0.1067948862268802,1.1207574675234355,1.1034705022224123,-0.11179190666152869,-0.527214594391314,-0.398252097239337,-0.049601835267111156,0,0,0,0,0,train
e80f92c3-eeec-46c5-8eef-08c5f2462b6c,3,4,1,0.15638584889269158,0.15284843860340605,-0.07469239590963693,1.7184389206711788,-0.6574162075521074,0.1321947071993391,0.11067213541537457,-0.138282224337091,-1.0376490338127735,0.5365908531579431,0.2997012620865832,-1.4730457804338508,0.1719925230929564,0.16642803675002876,0.043921791838473945,-0.0447291458231905,-0.1028628470809379,1.4654808411504647,1.5489248100249162,-0.25335917734939256,-1.1869753182661222,-1.0604467865105816,-0.049601835866778306,0,0,1,1,0,train
7421455c-785d-4945-9d6b-384f51e924f1,0,1,1,0.1548205118555689,0.15182071215661683,-0.07310843862985801,0.18113264928467696,1.3818581722424939,0.13121646386325247,0.11034467344086996,-0.13624557094774808,0.3887115574655424,1.0768355788503712,-0.2698245868057865,0.3364977096202195,0.17185109366636428,0.16642727151681377,0.042843103514416565,-0.0447291486904525,-0.10671947725695802,0.441481500417695,0.322879269804732,0.1532144960224675,0.3943285891476854,0.4120585283220198,-0.04960183577271913,1,4,0,0,0,train
7421455c-785d-4945-9d6b-384f51e924f1,1,2,1,0.1561883644212899,0.1527427558540343,-0.0744526342602018,0.5373334976194125,-0.1285560420808913,0.13163658081464236,0.1102450704236248,-0.13761552978836963,0.03160088012417729,-1.4084558791203634,-0.34461918419284504,0.24991668138797116,0.17181172277193457,0.1665623351792553,0.04150646798243241,-0.04472915224330674,-0.10683797706683573,0.612145241551696,0.3631964174918286,0.2718690053673471,1.114727140607177,1.0013779517999604,-0.049601835387070976,0,0,0,0,0,train
7421455c-785d-4945-9d6b-384f51e924f1,2,3,1,0.15579460703966072,0.15268455376017737,-0.07372059603267112,0.3284720277448236,-0.023852155358503893,0.13147015767447826,0.11034603786576372,-0.13694602218248067,0.29654958656229063,-0.4752304259557389,0.27108474483786305,0.3711301209131185,0.17194665408973733,0.16655736116335804,0.04257929386994601,-0.04472914939168718,-0.10727965817637994,0.6562195995087063,0.48469824944005013,0.13218684487518334,0.6067682101342013,0.5882127157751149,-0.049601835417853804,0,0,1,1,0,train
7421455c-785d-4945-9d6b-384f51e924f1,3,4,1,0.1558576082207214,0.15256814957246354,-0.07404707998083812,0.033311285805100885,-0.3631210086416789,0.1315229259872132,0.11023688387426218,-0.13731734572860396,0.1860367753295379,0.37526197619007867,0.33836029855599203,0.3711301209131223,0.17194168494772194,0.16652943015101176,0.04275516696625971,-0.04472914892420574,-0.10620238717749163,0.7890443537616546,0.6109717538938534,0.0948305443975038,0.5772996145984417,0.5639287117792285,-0.049601835640574785,1,1,1,1,0,train
7421455c-785d-4945-9d6b-384f51e924f1,4,5,1,0.15576552957147888,0.15258652918104995,-0.0738226222664733,0.7115757757514684,-0.6618781054049324,0.13144275874286587,0.1102709944966064,-0.13702478778317348,0.03595761778656091,-0.4396554385870453,0.3377532180876578,0.3711301209131185,0.17191378130409699,0.16650953408742264,0.042693611382549915,-0.04472914908782284,-0.10703188584663562,0.9270854592231965,0.7447715995327121,0.05373755428748552,0.5309316096249201,0.5256256431594737,-0.04960183527132749,1,1,1,1,0,train
7421455c-785d-4945-9d6b-384f51e924f1,5,6,1,0.15404026645935603,0.15219596249858905,-0.07084090558360444,0.5290759839554469,-0.7032776630570562,0.13084708567410772,0.10992443057358903,-0.13608803974636244,-0.02549879418086875,-0.775550359968639,0.30016751511085243,0.35381391526666994,0.1718939047360354,0.1664605591616648,0.04291638397121394,-0.044729148495670806,-0.10647170492721371,1.0733542959238433,1.0200603227238094,-0.07965537350248092,-0.30580856515463284,-0.19443979801085903,-0.04960183559072144,0,0,1,1,0,train
7421455c-785d-4945-9d6b-384f51e924f1,6,7,1,0.15638584889269158,0.15285303350555265,-0.07468474394210177,0.8382777360951632,3.652139126661858,0.13227690399417624,0.11069123736388733,-0.13847069916732027,0.2265545331314099,-0.6812351202944731,0.3315612510537912,0.3364977096202195,0.1718449777992684,0.16652062996903966,0.04208098676372385,-0.04472915071621792,-0.10689184061678014,1.374297552664596,1.2763519694028467,-0.1430128806850381,-0.1980958686436023,-0.0977598432592733,-0.04960183532760856,1,1,1,1,0,train
7421455c-785d-4945-9d6b-384f51e924f1,7,8,1,0.15639190669856282,0.15284997023745492,-0.07470259853301715,1.859016697781971,-0.7198847592366999,0.13215208663905315,0.11067213541537457,-0.1381640759360518,-0.2095141668877118,-0.7987155361428115,0.2948902921055521,0.27589098985764393,0.17190498974514667,0.16639627957160766,0.04349383397077727,-0.04472914696073305,-0.10440334460934816,1.6544733692871278,1.9732669966618546,-0.3889429853021169,-2.175865299018822,-2.3401811163387713,-0.04960183545580803,0,0,1,1,0,train
22489cb6-f4eb-4d8d-a492-cf1deb84dfe0,0,1,1,-0.049145811828335606,0.036575971417777506,0.16437547513564338,-1.0855723205465728,-0.6155694265501236,-0.1074059054252304,-0.11417417167864582,0.06234501285619321,0.5727715392913033,1.1575829216083893,0.0008013556371983989,0.21528427009506834,-0.23167649301133963,0.13692447014700873,-2.825585541778384,-0.0447368084653296,0.18239851342468405,-1.9949560360858973,-1.922844036346655,0.7635690475609153,0.49542463687654525,0.4984983782615449,-0.04960154717121221,1,3,0,0,0,train
22489cb6-f4eb-4d8d-a492-cf1deb84dfe0,1,2,1,0.030350774619656042,0.07562038659147463,0.06203551066451648,-0.5323450166289737,-0.7064200495339467,-0.03671463231478807,-0.04809507407340159,0.0026181830736944633,0.4412927634423854,-0.030045658202552984,-0.18955167497302858,0.18930996162539748,0.14233783027013774,0.15715149710160156,-0.11241766591132123,-0.0447295619853232,0.04023105970139503,-1.8428600985060002,-1.6984813286197278,0.664187731105598,-0.016173601618101052,0.06473296826340841,-0.04960146917718371,1,1,0,0,0,train
22489cb6-f4eb-4d8d-a492-cf1deb84dfe0,2,3,1,0.12878042753755192,0.13275952641847702,-0.05003010454380372,-1.341101204961888,-0.7067645321529837,0.10666397681282107,0.08324992390040041,-0.12404534201186371,0.888831384386648,0.42192341305913117,-0.19553366955651,0.18930996162539557,0.1625450373966031,0.15952257221817417,0.024376428401477655,-0.04472919782873341,0.07995004143040667,-1.5975887224327985,-1.34364219910593,0.5360826418591074,-0.7394074160952934,-0.5992878639154444,-0.0496020609127173,1,1,1,1,0,train
22489cb6-f4eb-4d8d-a492-cf1deb84dfe0,3,4,1,0.1275894629032705,0.12073773076892622,-0.06754290757594882,-1.443956182293687,-0.6932865759297769,0.09494332273418983,0.07732013331207929,-0.10378007817646803,0.5419693479711593,0.14046642046593696,0.13136933009469923,0.2932071955040963,0.16491378917117427,0.16435540258729292,0.005516970040104808,-0.04472924793885848,-0.0450564852805917,-1.2096816479362962,-1.1271151649446098,0.5143981692671837,0.031868896847491626,0.10461029177106292,-0.04960179005530389,1,1,1,1,0,train
22489cb6-f4eb-4d8d-a492-cf1deb84dfe0,4,5,1,0.10526644826783277,0.11953539804056626,-0.022549338469185144,-0.04335583880436569,-0.22959049613742535,0.0645254347682183,0.06662031329514093,-0.04151868388596103,0.7584216863965846,0.6274313918541983,0.24608089557990928,0.319181503973771,0.1697418840016743,0.15807245527581332,0.09067472327520024,-0.0447290213824353,0.08215844697812769,-0.9729761625914055,-0.9256590825467093,0.46629913439855997,0.12120480026468643,0.18130940563870246,-0.049601645262643324,0,0,1,1,0,train
22489cb6-f4eb-4d8d-a492-cf1deb84dfe0,5,6,1,0.15109011500007297,0.15068117642426038,-0.06715265723165545,-0.556525839275997,0.9453092785931635,0.12289327730455693,0.1058407068665377,-0.12245877776933689,0.6299243817919735,-0.5036078311219898,0.31042381292906324,0.30186529832732056,0.16346509315283883,0.16643224553271108,-0.0215029999902239,-0.044729319728757884,-0.10708574939658004,-0.7527461116678439,-0.5958356496447662,0.34068665503003165,-0.6055674179098771,-0.4719779373076243,-0.04960182199704552,0,0,0,0,0,train
22489cb6-f4eb-4d8d-a492-cf1deb84dfe0,6,7,1,0.15460000772185656,0.15148068939776854,-0.0732104648636602,-0.8023390623773421,0.19210840894111647,0.1304533528790853,0.10914261510945925,-0.13660845532236857,0.517888239786403,-0.15439301554565746,0.29926101773441605,-1.5163362945499759,0.17181669191394996,0.16622639779788517,0.04411818346269092,-0.044729145301030164,-0.10015889687372827,-0.39218598084830514,-0.2912186247470301,0.26457353706868486,-0.46883969522534663,-0.3436974419508963,-0.04960148939982362,0,0,1,1,0,train
22489cb6-f4eb-4d8d-a492-cf1deb84dfe0,7,8,1,0.15637979108682037,0.15284997023745492,-0.07467709197456661,0.622421602941073,3.346824236128605,0.13221601747948206,0.11060937187026118,-0.13847069916732027,0.3264807254018236,-0.8617580232027506,0.3447533570302578,-0.3301762077681158,0.17161104588285117,0.1665217778188621,0.04027828752650838,-0.04472915550790367,-0.1079367934857018,-0.059181277754210795,0.11065584514635457,0.13842142884630307,-0.9768120981615912,-0.8386601997976031,-0.04960184539692706,0,0,1,1,0,train
22489cb6-f4eb-4d8d-a492-cf1deb84dfe0,8,9,1,0.15639069513738857,0.15284537533530831,-0.07470769984470726,1.8424956281077027,-0.7121480800566761,0.1321338206846449,0.11060664302047364,-0.13824846765107981,3.1575778505903513,-2.1618203432256324,-6.676587728195755,-3.8367078511743316,0.17190613647022715,0.1664743333595342,0.04290465909812636,-0.04472914852683862,-0.1066009774470803,0.3801444249798049,1.0807902648975252,-0.16022191317747628,-2.8555858598619137,-3.7306497227387587,-0.04960219758697577,0,0,1,1,0,train
a843a313-a35d-448d-b743-63b489d428f9,0,1,1,0.15634829049629004,0.15283465389696627,-0.07463628148104573,0.512202300212789,-0.12865034360488092,0.1322596528150129,0.11067349984026834,-0.13845944693864987,0.09804388591505972,1.4706433075234873,0.27561659736218874,0.3538139152666719,0.1719569746154616,0.16656539611211518,0.04259688117957738,-0.04472914934493947,-0.1076782484459686,1.0238009541503221,0.9980102299005191,-0.07965064389677252,-0.4354730366954867,-0.31291117922237616,-0.04960183544198391,1,1,0,0,0,train
a843a313-a35d-448d-b743-63b489d428f9,1,2,1,0.15637979108682037,0.15284843860340605,-0.07467964263041166,0.8521099616494,-0.36126455018775966,0.13226980056746193,0.11069669506346241,-0.13843975553847665,0.15314640621308356,0.7318401825170257,0.2375849408125109,0.319181503973771,0.17194971202328527,0.1665554480803206,0.042617399707480644,-0.04472914929040001,-0.10762438489602419,1.3501925814592535,1.2428928368242842,-0.13055593163960527,-0.13262665541442778,-0.03969693833816494,-0.04960183550530349,1,1,0,0,0,train
a843a313-a35d-448d-b743-63b489d428f9,2,3,1,0.15639190669856282,0.15284690696935718,-0.07470769984470726,1.858470297034626,-0.7198696362183656,0.13214802753807353,0.11067213541537457,-0.13815282370738138,-1.839799633751755,0.7674151698857192,-1.0119744329447418,0.24991668138797116,0.17193977373925448,0.1664992034390206,0.04297207711837995,-0.044729148347640454,-0.106353205117336,1.6178961342693192,1.9265470501688269,-0.37565536376271885,-2.1331065456178875,-2.272694159153239,-0.049601835534716726,0,0,1,1,0,train
11c9cca7-a2d2-47f5-8c8b-47511137366b,0,1,1,0.15547475488966042,0.15230470851605857,-0.07367978553915025,0.07972718767954334,-0.5430295383487764,0.1318385210883781,0.11051249770280357,-0.13762396895987244,0.035247568285244224,-1.9235500088562998,0.2644239873483026,0.31918150397377293,0.17193862701417398,0.16655391761389068,0.042544119250683264,-0.04472914948518297,-0.10758129405606866,0.18686634110864175,-0.04610342806249449,0.4533718425121184,1.2428145906533836,1.1045601382623043,-0.04960183578352866,1,3,0,0,0,train
11c9cca7-a2d2-47f5-8c8b-47511137366b,1,2,1,0.1561665563201535,0.15270905990495923,-0.07446283688358202,0.2958079666385255,-0.6440563338331405,0.13201509198099123,0.11050704000322849,-0.13812469313570536,0.24766172798210165,-1.9347189410083658,0.28830058269588027,0.34515581244344573,0.1719382447724805,0.1666690852127431,0.04165889133257096,-0.0447291518381196,-0.10781829367582409,0.2087765401753245,-0.04041886829308907,0.584051682391746,1.3336338440060573,1.1776301783300314,-0.049601835801100856,1,1,0,0,0,train
11c9cca7-a2d2-47f5-8c8b-47511137366b,2,3,1,0.15409357515102276,0.15272131297735017,-0.07007825948593312,0.969567779491506,1.24064342192823,0.13011949182351218,0.11046337840662787,-0.13295992017599043,-0.6106626597914357,-1.7984581329639828,0.2638809770234394,0.3364977096202195,0.17205329952222165,0.1665125950202825,0.043740056305616455,-0.04472914630630379,-0.10348766426029311,0.2149908518634745,-0.007901568764191826,0.3932254399420567,1.1639712782657914,1.0410729525820666,-0.04960183592068217,1,1,1,1,0,train
11c9cca7-a2d2-47f5-8c8b-47511137366b,3,4,1,0.1549319754835993,0.15178395293944405,-0.07340431470788435,-0.17658558327397533,-0.6143803347044315,0.13114340004561945,0.10988349782677595,-0.13699384415432989,-0.4407736756945332,-0.5103092303564021,0.1696921569003493,0.38844632655957084,0.17189696266958335,0.16655850901318048,0.042189441839783966,-0.04472915042793206,-0.1055883427081253,0.2505384831184163,0.08885662244563293,0.25942542004575514,0.7603948632459474,0.7141380951596232,-0.049601835678027326,0,0,1,1,0,train
11c9cca7-a2d2-47f5-8c8b-47511137366b,4,5,1,0.1547902228262128,0.15234146773323134,-0.07217744924641308,0.1709504325142456,-0.4618904099957282,0.13096074050153686,0.1100540509384971,-0.13613586171821165,-0.42037440399221443,-0.9012214340563299,0.1637640827346405,0.319181503973771,0.17194283167280242,0.16663579756789207,0.04194908194148857,-0.04472915106680089,-0.10743047611622429,0.3563137028277096,0.13612201019652007,0.31670216901238796,1.0708958740760952,0.9660169564097502,-0.04960183539099793,0,0,0,0,0,train
11c9cca7-a2d2-47f5-8c8b-47511137366b,5,6,1,0.15612415167905497,0.15261869349607612,-0.07452405262386333,-0.6049468290429975,-0.5626119933891855,0.13209728877582838,0.11050976885301603,-0.13834692465194584,0.2507866221557087,-0.41276729242573457,0.28224690567465405,0.33649770962022335,0.17202004449488784,0.16667061567917302,0.04227444716966892,-0.04472915020197152,-0.10772133928592413,0.4079838168664617,0.19422923054165606,0.28053085074931194,1.0025995842456878,0.91084068315682,-0.04960183514681389,0,0,1,1,0,train
11c9cca7-a2d2-47f5-8c8b-47511137366b,6,7,1,0.15618715286011564,0.15276726199881616,-0.07440927311083587,-0.2668041801310847,-0.45124533734493055,0.1321703525934614,0.11060527859557988,-0.13835255076628103,0.1329761851673496,0.20375717653510342,0.2916633136913241,0.3364977096202195,0.17205482848899561,0.16666717212970567,0.04256756899685843,-0.04472914942285362,-0.10765670302599084,0.4715061287436496,0.3665006369741886,0.13303599769143254,0.2963447257701276,0.32983610920702416,-0.04960183559564568,1,1,0,0,0,train
11c9cca7-a2d2-47f5-8c8b-47511137366b,7,8,1,0.15637979108682037,0.15284078043316174,-0.07469239590963693,-0.6791032508503366,-0.45078897553661157,0.13228400742089055,0.1106844152394185,-0.13850445585333146,0.32381973564682287,0.19184328202079462,0.33112798463804166,0.33649770962022335,0.1720513883137542,0.166682476794005,0.04242393930153557,-0.04472914980462084,-0.1079367934857018,0.6598317437348881,0.564749027657961,0.06811998025808164,0.14060445217101247,0.19763399587668323,-0.04960183552131063,0,0,0,0,0,train
11c9cca7-a2d2-47f5-8c8b-47511137366b,8,9,1,0.15638463733151733,0.15284997023745492,-0.07468729459794683,0.8623312378729393,0.17188847628386836,0.1322911108476049,0.11069942391324995,-0.13849320362466105,0.16295045446178608,1.3831950981066932,0.33642677581045105,0.32783960679699525,0.1720666779814939,0.16667635492828525,0.042588087524761696,-0.04472914936831552,-0.10776443012587966,0.8765551737555659,0.8436554122709152,-0.03332077686600401,-0.32613224718630623,-0.2128508067968503,-0.049601835582574846,0,0,1,1,0,train
11c9cca7-a2d2-47f5-8c8b-47511137366b,9,10,1,0.15638948357621432,0.15284997023745492,-0.07469749722132704,1.6546615234863953,-0.48830069629152895,0.13217542646968594,0.1106844152394185,-0.1382034587363982,-2.3984639262554532,0.6929557701429567,0.17171385538789494,0.24125857856474497,0.172060562114398,0.16661284057144307,0.04302777026554595,-0.044729148199626985,-0.10614852362754722,1.1814532267460847,1.4602070081526366,-0.24625093220553682,-1.9011384993036395,-1.931195401915511,-0.0496018355106856,0,0,1,1,0,train
3cdf3482-b03c-4146-bd2b-ef62ca8b5627,0,1,1,0.15639190669856282,0.1528515018715038,-0.0747000478771721,1.859573025241156,-0.7192946051456506,0.13215411618954295,0.1106844152394185,-0.13814438453587857,-1.5216202745474998,0.8766226445588621,0.15974542571593903,0.24991668138797116,0.17207317609028325,0.16668898127633222,0.04254118803241137,-0.04472914949297427,-0.1079367934857018,1.1403574923478905,1.5276298504463173,-0.27079368243796714,-2.252726965474158,-2.4656393745060714,-0.04960183555881468,0,0,0,0,1,train
a8503672-083d-4dce-a987-19ccc86f1c27,0,1,1,0.15633980956807034,0.15281627428837988,-0.074649034760271,-0.16536829099618186,-0.49066902835204584,0.13221297315374733,0.11060664302047364,-0.13846788611015265,-0.5243198783535443,-1.6847832807077472,0.0020929082323169774,0.30186529832732056,0.172060562114398,0.16668132894418256,0.04250308219487674,-0.044729149594259415,-0.1079367934857018,0.5180208377148752,0.21137198594594295,-3.860680754259048,1.5302981076915865,1.3358599249471432,-0.04960183548544205,1,4,0,0,0,train
a8503672-083d-4dce-a987-19ccc86f1c27,1,2,1,0.15633496332337335,0.1528193375564776,-0.07463373082520068,0.060482098797637655,0.9131366963033154,0.1321632491667471,0.1106312026685615,-0.1382794112799234,-0.44213111284270085,-0.35940481137269414,-3.5297965874899324,0.2585747842111954,0.1720655312564134,0.16667176352899546,0.042614468489208746,-0.04472914929819483,-0.10766747573597972,0.49024644102769116,0.20222762317659357,-3.974218095208977,1.4274559384238148,1.2530975566475027,-0.049601835499431014,0,0,0,0,0,train
a8503672-083d-4dce-a987-19ccc86f1c27,2,3,1,0.15619078754363838,0.15279636304574462,-0.074368462617315,0.7657533951931049,-0.7117888970910576,0.13192985086041936,0.11056161699897926,-0.13777587404692287,-0.13483719099252167,-0.8793800633893499,0.19938137328381675,-0.7111327319900332,0.1720559752140761,0.16666755474631315,0.04257343143340222,-0.04472914940727126,-0.10762438489602419,0.48024990255445854,0.20897860616192607,0.49918622211520397,1.3268872333726716,1.1722029354489272,-0.049601835442264916,0,0,1,1,0,train
a8503672-083d-4dce-a987-19ccc86f1c27,3,4,1,0.15633738644572184,0.15279942631384233,-0.0746719906628765,-1.1252480929809663,-0.7035482680820531,0.13224240163584952,0.1106393892179241,-0.13848195139599068,-0.8205410095605994,-1.0816616989783399,0.34555011049758044,-2.009848155473807,0.17205177055544768,0.16666985044595806,0.042523600722780004,-0.04472914953972135,-0.1078075209658352,0.48763001890015084,0.33632050758161836,0.1677042614781137,0.5707044510186928,0.5584914240863926,-0.04960183553810266,1,3,1,1,0,train
a8503672-083d-4dce-a987-19ccc86f1c27,4,5,1,0.15636161766920673,0.15282240082457532,-0.07468474394210177,-1.6219615474052866,-0.6064865912557321,0.13226777101697212,0.1106707709904808,-0.13848757751032587,-1.2160350585916468,0.09479788210858195,0.3608102230850915,-4.139741449987211,0.17205406400560863,0.16667750277810772,0.04248256366697347,-0.04472914964879767,-0.10791524806572403,0.626839086705662,0.3594713723864223,0.3297380832503476,1.2231635591831214,1.0887406284338825,-0.04960183559501048,1,1,0,0,0,train
a8503672-083d-4dce-a987-19ccc86f1c27,5,6,1,0.15635677142450974,0.15282240082457532,-0.07467454131872156,-1.0317289723362306,-0.3225148477981414,0.13226777101697212,0.1106707709904808,-0.13848757751032587,-1.2491671560235202,0.9349489080695411,0.3612986786343259,-0.37346672188423324,0.1720617088394785,0.1666752070784628,0.04255877534204274,-0.04472914944622723,-0.10786138451577962,0.6521474123426922,0.47017585698726394,0.1446267127778632,0.6736481017586545,0.6431625946324823,-0.04960183537050749,0,0,1,1,0,train
a8503672-083d-4dce-a987-19ccc86f1c27,6,7,1,0.15636040610803248,0.15282699572672193,-0.07467454131872156,-1.4157002286384233,-0.4916874985177506,0.13226574146648232,0.11067349984026834,-0.13847632528165546,-1.7911220001936443,0.4311066147597567,0.36149342649616356,0.3797882237363466,0.17205941538931752,0.1666778853947152,0.042520669504508106,-0.044729149547512455,-0.10783983909580185,0.7731685996452211,0.548644035384255,0.15613690003441663,0.874728264675632,0.8072196601061096,-0.04960183552646032,0,0,1,1,0,train
a8503672-083d-4dce-a987-19ccc86f1c27,7,8,1,0.15638584889269158,0.15285303350555265,-0.07468474394210177,1.3682189162198042,0.6772951639813689,0.1322911108476049,0.11070078833814372,-0.13849039056749346,-0.14038198874277583,-0.6138080267816178,0.36064148389535594,0.3711301209131223,0.172062091081172,0.16668553772686487,0.04248256366697347,-0.04472914964879748,-0.10791524806572403,0.8589493351710726,0.7162436601737925,0.041615031660830616,0.32460082368121046,0.3536117484516902,-0.049601835529840134,0,0,1,1,0,train
a8503672-083d-4dce-a987-19ccc86f1c27,8,9,1,0.15639069513738857,0.15285303350555265,-0.07469494656548199,-1.0754835443462838,-0.34579557079962087,0.13228197787040075,0.11070078833814372,-0.13846507305298505,-1.44027972759095,0.19159527929938547,0.36156637764962063,0.3711301209131223,0.17206973591504182,0.16668553772686487,0.04254118803241137,-0.04472914949297427,-0.10791524806572403,1.0421677987827442,1.0225951564926494,-0.08807423651635175,-0.478234496720111,-0.3525245169171644,-0.04960183552223943,0,0,1,1,0,train
a8503672-083d-4dce-a987-19ccc86f1c27,9,10,1,0.15639190669856282,0.1528515018715038,-0.0747000478771721,1.8595488558558073,-0.7198897849995264,0.1321328059094,0.1106707709904808,-0.13811344090703498,-2.4237924125643575,-1.0444318215817463,0.36076264624588034,0.3971044293827951,0.17206973591504182,0.1666843898770424,0.042549981687227054,-0.044729149469600785,-0.10790447535573515,1.3770686110677461,1.8226058135420682,-0.3535358119762778,-2.4753935485126615,-2.8648555743742254,-0.04960183555389565,0,0,1,1,0,train
d6a12a1c-85cf-48a4-9a7a-70f0889ca7d9,0,1,1,0.15609749733322162,0.15279942631384233,-0.07416696080555568,-0.19589206671062812,0.2843183031980594,0.13217136736870633,0.11065576231664934,-0.1382512807082474,0.4794093441069922,0.9848370431950952,0.08849435131332668,0.28454909268087203,0.1720219557033553,0.16668171156079004,0.042204097931143436,-0.04472915038895826,-0.10776443012587966,0.13530301820132734,0.04416771918767097,0.22717904579290302,0.3860010356331637,0.40510611705375493,-0.04960183537081921,1,1,0,0,0,train
d6a12a1c-85cf-48a4-9a7a-70f0889ca7d9,1,2,1,0.1561944222271611,0.15276726199881616,-0.0744245770459062,0.36366027903346604,0.13306112590974406,0.1321947071993391,0.11064348249260542,-0.13834129853761062,-0.022104144208637218,-0.09259151848143111,-0.011635230132595183,0.2499166813879673,0.1720659134981069,0.16668592034347235,0.04250894463142053,-0.044729149578677026,-0.10799065703564621,0.3074601794042756,0.17249715052404896,0.21092690239098963,0.564610485933244,0.5534656851206945,-0.049601835504833804,0,0,0,0,0,train
d6a12a1c-85cf-48a4-9a7a-70f0889ca7d9,2,3,1,0.15635313674098703,0.1528331222629174,-0.074649034760271,-0.24628868793179323,0.174820527229252,0.13228197787040075,0.11068577966431226,-0.13849601668182868,0.5468611018813905,0.33406121484754403,0.17402482105784434,0.28454909268087203,0.1720701181567353,0.1666851551102574,0.04254705046895516,-0.04472914947739195,-0.10786138451577962,0.44774880639336445,0.3279712860990046,0.15220768208408422,0.398232861876064,0.4153208092044008,-0.0496018355143621,0,0,0,0,0,train
d6a12a1c-85cf-48a4-9a7a-70f0889ca7d9,3,4,1,0.15638584889269158,0.1528515018715038,-0.07468729459794683,-0.21937694053846177,-0.051626078699060024,0.13230227337529882,0.11070351718793126,-0.13851570808200186,0.6733559696686017,0.36161117499984496,0.22057273182631734,0.24991668138797116,0.17206935367334833,0.16668821604311723,0.042517738286236215,-0.04472914955530352,-0.10791524806572403,0.617711789825857,0.5402431689573085,0.06912137790875501,0.057533164334922796,0.12626561516651333,-0.049601835511408225,0,0,0,0,0,train
d6a12a1c-85cf-48a4-9a7a-70f0889ca7d9,4,5,1,0.15638827201504008,0.15284843860340605,-0.07469749722132704,1.5064669372214585,-0.7003624412671847,0.1322302243329107,0.11069260178878111,-0.13833848548044303,-0.5736582385516841,0.9103772884019083,0.11365615567746146,0.34515581244344573,0.17207241160689626,0.16667750277810772,0.04262326214402443,-0.0447291492748215,-0.10763515760601307,0.8497655804837644,1.0520132441069951,-0.12777630348952088,-1.4849751021985316,-1.397941104774348,-0.04960183559846558,0,0,0,0,0,train
bca2e806-60bf-40a4-9a24-8c3d1e2e65d3,0,1,1,0.15580429952905467,0.15272897114759448,-0.07366703225992498,0.3680150843578833,1.5958875427597714,0.1318730234467048,0.11050158230365341,-0.13774211736091166,0.5291911428694481,1.1976255084666911,0.20732036185351665,0.23260047574152262,0.17195965030731605,0.1665669265785451,0.042605674834393065,-0.04472914932156559,-0.10520052514852551,0.08477081225231353,0.05341913884207356,0.1993828806419629,0.053470983538891355,0.12277805698594621,-0.04960183567831682,1,2,0,0,0,train
bca2e806-60bf-40a4-9a24-8c3d1e2e65d3,1,2,1,0.15622107657299447,0.15276726199881616,-0.0744806914744974,-0.7305142309628507,0.5279575983841505,0.13221906180521675,0.11062438054409264,-0.13844819470997946,0.6131411964000596,-0.788787704939716,0.3394552002157045,0.3105234011505467,0.17195124099005923,0.16663656280110703,0.04200770630692647,-0.04472915091097631,-0.10683797706683573,0.31757375154046025,0.29578791534752996,0.12417695847877556,-0.11814274255412621,-0.026903548210955218,-0.049601835531608955,1,2,0,0,0,train
bca2e806-60bf-40a4-9a24-8c3d1e2e65d3,2,3,1,0.15618109505424443,0.15278410997335368,-0.074368462617315,0.22360904924633945,-0.3970274436976428,0.1321612196162573,0.11066122001622442,-0.138211897907901,0.5977147780242101,1.0511885114473791,0.303678685844635,0.3105234011505467,0.17202080897827482,0.16664344990004173,0.04248842610351726,-0.044729149633216087,-0.10739815798625764,0.5825292066289398,0.5041462902267536,0.08030509794281386,0.08064001891311448,0.14618224676492028,-0.049601835592876876,0,0,1,1,0,train
bca2e806-60bf-40a4-9a24-8c3d1e2e65d3,3,4,1,0.15628528931522936,0.15279636304574462,-0.07456741377322926,-0.2661914214730726,-0.15844969371868503,0.13224747551207405,0.11066122001622442,-0.13845100776714706,0.8260801026259849,-0.13437172211650655,0.2658500238089247,0.28454909268087203,0.17202768932875767,0.16661131010501315,0.042787410367250554,-0.04472914883850923,-0.10665484099702471,0.810304784133569,0.6895122521484593,0.0402447140911671,0.2175519103965923,0.26319527468800213,-0.04960183518379173,0,0,1,1,0,train
bca2e806-60bf-40a4-9a24-8c3d1e2e65d3,4,5,1,0.15638463733151733,0.1528515018715038,-0.07468474394210177,0.5243953235249904,1.1729260184027248,0.13228806652187017,0.11069942391324995,-0.13848476445315827,0.4341227822191324,0.2859106964987636,0.22355675118164042,0.30186529832732056,0.17199558102650433,0.16658452694248932,0.04274637331144403,-0.044729148947584466,-0.10694570416672455,1.0129452541933486,0.8796537178468989,-0.012857913137414903,0.1889618392959302,0.23889177258031977,-0.04960183557698667,1,1,1,1,0,train
bca2e806-60bf-40a4-9a24-8c3d1e2e65d3,5,6,1,0.15639190669856282,0.15284997023745492,-0.07470259853301715,1.859530728816796,-0.7198853075008514,0.13214193888660414,0.1106844152394185,-0.13811062784986736,-0.8609832577970189,0.14361039197356476,0.08335414960495446,0.30186529832732056,0.17196882410795988,0.16655238714746076,0.042787410367250554,-0.04472914883850323,-0.10703188584663562,1.2208062637742854,1.5999959282675091,-0.29013256398713233,-2.2489880127523723,-2.4594067775389545,-0.04960183552897516,0,0,1,1,0,train
a475b77e-af28-4c63-9d29-1d3fda6643f0,0,1,1,-0.22244631063096118,-0.26505331672758947,0.026910429022269176,-1.4625509097015363,-0.5933253521149581,-0.30121782944928055,-0.31408288498924586,0.18745573038523575,0.23305629791786592,1.28937621892577,-0.2607868904292372,0.26723288703441966,0.03185660239161869,0.062169602610180216,-0.2319879216584647,-0.04472989126703976,-0.0804879284340279,-1.4015863345519386,-1.463298148166179,0.7274615294586266,1.0162448201076835,0.9221274982234029,-0.04960183578948856,1,1,0,0,0,train
a475b77e-af28-4c63-9d29-1d3fda6643f0,1,2,1,-0.24612506222037747,-0.2770812389133357,0.05673014650680285,-1.2829123307447177,-0.7048002069077024,-0.4078910031934983,-0.41590445711166907,0.27323709565405246,0.6441735949575306,-0.0821672380224868,0.08133879469597032,0.28454909268087203,0.067656212679018,0.06964937466986688,-0.01476119796486525,-0.04472930414010856,0.1729077559244781,-1.3404884989441381,-1.3304518851415408,0.6103406737724673,0.536212786964472,0.5304786174545559,-0.04960183507263965,1,2,0,0,0,train
a475b77e-af28-4c63-9d29-1d3fda6643f0,2,3,1,0.046978240174974754,0.037233042424741104,-0.03689677759761743,-1.0985774999459121,-0.6461490943617081,0.013395984053773742,-0.03495293349661629,-0.10919802628126704,0.6141886294585747,0.032500202076325146,0.16128437787495556,0.28454909268087203,0.07512865554509708,0.142332755893782,-0.5142847597698627,-0.04473063516923499,0.24095896492425206,-1.1952621105289436,-1.1591858468867773,0.5423703408479941,0.30191898914587423,0.33495263068198367,-0.049601835338900946,1,1,0,0,0,train
a475b77e-af28-4c63-9d29-1d3fda6643f0,3,4,1,0.1080372886733278,0.10034249177422393,-0.06034495678120465,-1.0201572317063383,-0.42206076326379277,0.07364319034367299,0.053049743301712075,-0.09477266912581049,0.8627663840184666,0.18663149684174682,0.14714200382997836,0.28454909268087203,0.14774081660765004,0.15290177444228703,-0.038427854292146006,-0.044729365171321464,0.0037869818090038314,-1.0080355553543738,-0.9439499405560309,0.4658353441672948,0.03969457637881062,0.11118110176696631,-0.04960183558812613,0,0,1,1,0,train
a475b77e-af28-4c63-9d29-1d3fda6643f0,4,5,1,0.0986489011341144,0.09719651543785275,-0.04581897174361853,-1.127075579050829,-0.7118793441644704,0.04674657247751534,0.04833565529373936,-0.029931701412613608,0.9656503740470802,0.04441356401499742,0.3359319766826551,0.25857478421119734,0.15829947890698517,0.1535832146202144,0.037320688290166264,-0.044729163397414215,-0.07595261752870816,-0.772741519812793,-0.827342873882407,0.4875968034267466,0.6369159701665038,0.6131231637046853,-0.04960183581659245,0,0,1,1,0,train
a475b77e-af28-4c63-9d29-1d3fda6643f0,5,6,1,0.14576530363927248,0.1458595924384296,-0.06397198939287232,-0.7463559682703568,-0.6620136381457609,0.11876821593402569,0.09998868849716143,-0.12308890257487946,0.5747301001592026,0.6095609938957656,0.1447377875551751,0.14601944750927043,0.1589802513630948,0.1637523988138996,-0.03536473119801566,-0.04472935666110057,-0.05565683190965258,-0.6452676807213656,-0.645084672360497,0.39943724855175905,0.23605616725697864,0.27901129430766747,-0.04960183536734868,1,1,1,1,0,train
a475b77e-af28-4c63-9d29-1d3fda6643f0,6,7,1,0.14408365672942242,0.14245783321589778,-0.06609668571180283,-0.9281377998426749,-0.6669161651807414,0.1153129062251305,0.09830498817825019,-0.11698175546401826,0.6231424916540719,0.17397323911278623,0.24091024469444192,0.14601944750926465,0.1691394710927306,0.1641415199037099,0.03956013904989409,-0.0447291574197265,-0.0921547733519882,-0.44602458751394364,-0.5332508662170079,0.41266428853910186,0.6665805519025945,0.6374152494778824,-0.04960183561556557,1,1,0,0,0,train
a475b77e-af28-4c63-9d29-1d3fda6643f0,7,8,1,0.1430380794360502,0.13982189101779904,-0.0682851484268597,-1.0200608239125482,-0.6274065294026027,0.11895797890482257,0.09657762626273833,-0.13064758718422262,1.2704543215392352,0.6929557701429567,0.23327321046426874,-0.12238174001071048,0.16952821089501216,0.16359437815500907,0.04673283016122132,-0.04472913834624768,-0.07669593451794109,-0.3237688356458481,-0.3056124752087606,0.29031262277380127,-0.03269180452503467,0.048062355223686716,-0.04960183503321657,1,1,1,1,0,train
a475b77e-af28-4c63-9d29-1d3fda6643f0,8,9,1,0.13922166173718298,0.14035643130085335,-0.05936040362501356,-1.0892967796691753,-0.37910477429249795,0.11073221076963774,0.09810305329397234,-0.10469994787027347,0.47331009830571064,0.5254220319591348,0.20721061794440293,-0.3561505162377924,0.1689816052733183,0.16120761575752965,0.060826127612492786,-0.04472910085020621,-0.02648433325975741,-0.0749165108752043,0.06979062541572507,0.15366363828068857,-0.8437174571701738,-0.7039420613774644,-0.04960183542995589,0,0,1,1,0,train
a475b77e-af28-4c63-9d29-1d3fda6643f0,9,10,1,0.15638827201504008,0.15285303350555265,-0.07468984525379188,-0.4746738420140471,0.6871424087313489,0.13221804702997186,0.11063393151834904,-0.13842569025263865,1.2182825284567924,-0.6942242850189287,0.2556355936092197,-0.572603086818422,0.16659718158931394,0.16645367206273012,0.0023512543064581376,-0.044729256321434985,-0.1079367934857018,0.3354709193940889,0.4979259708383367,0.030758444297560587,-1.1047996985818653,-0.9723070931125243,-0.04960183607075081,0,0,1,1,0,train
a475b77e-af28-4c63-9d29-1d3fda6643f0,10,11,1,0.15639190669856282,0.1528515018715038,-0.0747000478771721,1.8584964086027258,-0.7198746391084216,0.13215513096478787,0.11063802479303034,-0.1382428415367446,-0.08211035475753743,-0.27054989217462166,0.012211550395743523,-0.9362434053938679,0.17183809744878553,0.16609286460187359,0.045305326862808415,-0.04472914214523161,-0.09777812796618512,0.8035047846529568,1.1220128408550085,-0.15611151066085907,-1.9285121626520263,-1.969543932119373,-0.04960183683119348,0,0,0,0,0,train
6ff0589f-50f2-40bf-a3be-22aa09e311a4,0,1,1,0.1525342959197713,0.14887537988064714,-0.07320026224027998,-1.5984322596343987,-0.5977251504267764,0.1306410862993924,0.10882470410921102,-0.13778431321842569,0.8474428473542353,1.2290638033412715,0.29060393607155593,0.27589098985764393,0.17149752009988398,0.16650915147081516,0.039504445902728086,-0.044729157564838404,-0.10802297516561286,0.8488316367933025,0.615975002860636,0.1404294795207663,0.8865240253986121,0.8167976231416711,-0.049601835518074754,0,0,0,0,1,train
6ff0589f-50f2-40bf-a3be-22aa09e311a4,1,2,1,0.15503374662223576,0.15155420783211412,-0.07400116817562713,-1.1874187115857557,-0.6544934171397391,0.1311626807752726,0.10959560417419063,-0.13764084730287804,0.43609217168527376,0.247688275640897,0.2964457375688285,0.3711301209131223,0.17189352249434192,0.16652981276761925,0.04238290224572904,-0.044729149913707175,-0.10693493145673567,0.9325549678209141,0.7444643098057595,0.0574655858944461,0.563634714324949,0.5526520458952275,-0.049601835587573834,0,0,0,0,1,train
6ff0589f-50f2-40bf-a3be-22aa09e311a4,2,3,1,0.15604297708038065,0.15266157924944437,-0.07428174031858314,0.6707390096280081,-0.5145595073377671,0.1318770825476844,0.11039379273704564,-0.13797560110582252,0.3631256394408767,-0.0881240965170351,-0.11938535250443034,0.24125857856474497,0.17191416354579048,0.166478924758824,0.042931040062573415,-0.0447291484567166,-0.10512511617860333,1.0730183694459254,1.044157494564248,-0.09229273407166017,-0.441674399611117,-0.3186390261696943,-0.049601835465434924,0,0,0,0,1,train
6ff0589f-50f2-40bf-a3be-22aa09e311a4,3,4,1,0.15638827201504008,0.15284537533530831,-0.07470259853301715,1.7737125785787575,-0.7196145436344111,0.13217441169444102,0.11061210072004872,-0.13834973770911344,-0.7848320212917003,-1.0799243484893846,-4.3543089202397995,-4.209006272573019,0.17186332540055602,0.16610051693402322,0.04544016290331559,-0.044729141786814315,-0.09728258330669651,1.400640372987349,1.636172208863186,-0.29158739607660017,-1.809658072943843,-1.8063222615845478,-0.04960183541919948,0,0,0,0,1,train
b73532a4-61df-4e07-be54-f9c6c7a15724,0,1,1,0.07146025682291451,0.05747052311241018,-0.05473606457792951,-1.508580101410401,-0.4741092249944581,0.07863486977335152,0.05075068735571091,-0.11335009866064572,0.763483903922435,-1.1960810475931365,0.14176708971483115,0.32783960679699525,0.02008164702359136,0.1441054186362511,-0.9499927685774328,-0.044731796954895126,-0.10440334460934816,-1.516290979566795,-1.4199116464040311,0.5974273172968732,0.10405059309212948,0.16733317493149308,-0.04960183571893135,1,1,0,0,0,train
b73532a4-61df-4e07-be54-f9c6c7a15724,1,2,1,0.07331152229715869,0.07121081216478885,-0.035751533123187906,-0.6596370768319163,-0.665392254951727,0.07173439810801019,0.05492992080532609,-0.0856049158165997,0.38944818669704817,0.20971367997922738,-0.17224766137300668,0.2672328870344216,0.14951174237359943,0.14728343217800555,0.018194489066050964,-0.04472921440254631,-0.0446794404309808,-1.293058749597575,-1.2421618736811368,0.5614145176045348,0.2626633554846629,0.3019555979752807,-0.04960183538375485,0,0,0,0,0,train
b73532a4-61df-4e07-be54-f9c6c7a15724,2,3,1,0.12552011641766248,0.12440599431596076,-0.05707756664368967,-0.9996540939473255,-0.14601419424068615,0.10937444149195734,0.08670601215631789,-0.12443354390099261,0.7702088166572719,-0.8200608126043673,-0.2916109730173545,0.2412585785647488,0.15268664187974568,0.16133617493764396,-0.06511659665775058,-0.04472943588537943,-0.06297150199210413,-1.0987442318502445,-1.1269739647523445,0.5688948546618086,0.6455496689991321,0.6203455437624039,-0.04960183571567652,1,1,0,0,0,train
b73532a4-61df-4e07-be54-f9c6c7a15724,3,4,1,0.10648406724794755,0.12801911903723612,-0.010984664867707454,-0.602667245988266,-0.6480142393840617,0.10357398619209102,0.08977733259219245,-0.10202191744671757,0.4966847399461518,0.4457503144616879,0.3175584357371667,0.06809652210024054,0.16672561479832732,0.15520971781862494,0.08947585500199515,-0.044729024517492694,0.13428759061433254,-0.97282180375963,-1.059764129603513,0.6020242219133871,0.945227091424987,0.8645156401017098,-0.049601835092290304,1,1,0,0,0,train
b73532a4-61df-4e07-be54-f9c6c7a15724,4,5,1,0.14735123721635732,0.14555786053080297,-0.0678132770955246,-0.5471277248418525,0.13276341819156753,0.1264135326291259,0.10616953326593608,-0.13153932630635207,0.3914773992937926,0.041435401055541526,-0.09022582493084699,0.3364977096202195,0.16060516080213016,0.16321979649628315,-0.01882386648971181,-0.044729312689030014,-0.04876229751676746,-0.8993485919250211,-0.8398947262242273,0.43625781829913424,0.012547787631733004,0.08760030054684295,-0.049601835371632846,0,0,1,1,0,train
b73532a4-61df-4e07-be54-f9c6c7a15724,5,6,1,0.15418565380026528,0.1515051955425504,-0.07229733007113064,-1.0093917666658094,-0.48306617357963566,0.1310043758370677,0.10980845445761864,-0.13676317346658662,0.5747360205332483,-1.0315255611313767,-0.10151549169672389,0.10272893339314335,0.16860739065538943,0.16597654915319873,0.02142176038340743,-0.04472920563448669,-0.10054671443332805,-0.6589892573921772,-0.5195838023971073,0.32226483465207256,-0.5543586360800353,-0.423566859616586,-0.049601835515312824,1,1,1,1,0,train
b73532a4-61df-4e07-be54-f9c6c7a15724,6,7,1,0.15546990864496346,0.15242417597187014,-0.07347063175985577,-0.604300513783006,1.7001948970564293,0.13182938811117395,0.1103828773378955,-0.1378658918762861,0.8237604761163497,-0.1551377338107336,0.13335233275301978,0.016147905160894982,0.17136144205700077,0.166490020640441,0.038607493111528196,-0.044729159949030206,-0.10385393639991514,-0.3088281194102998,-0.25390150291968394,0.26454944896018506,-0.25163174593738785,-0.1455507697768065,-0.04960183549359081,0,0,1,1,0,train
b73532a4-61df-4e07-be54-f9c6c7a15724,7,8,1,0.15634344425159305,0.152814742654331,-0.07465923738365123,-0.8287663430732842,0.6010784244077935,0.1321703525934614,0.11060937187026118,-0.13834411159477822,0.5179761966118984,0.36012191599490484,0.2939888695919649,0.2326004757415207,0.1718744104096673,0.1665856747923118,0.041808383464437604,-0.04472915144079472,-0.10712884023653557,-0.018386522180016053,0.03774590555924128,0.17949676156106434,-0.3972443419313812,-0.2776924475655737,-0.04960183550696613,0,0,0,0,0,train
b73532a4-61df-4e07-be54-f9c6c7a15724,8,9,1,0.15638100264799462,0.15284384370125947,-0.07468984525379188,1.5078555978885855,-0.4759103258495382,0.13220485495178813,0.11067213541537457,-0.13831035490876703,0.0125390548239618,0.6646610917255796,0.3273675112667927,0.22394237291829452,0.17196997083304036,0.16643186291610357,0.04371953777771319,-0.044729146360804,-0.10351998239025977,0.3004399081591646,0.415999955556625,0.06035690505203418,-0.8582109319619128,-0.718451117873387,-0.049601835604418165,0,0,0,0,0,train
b73532a4-61df-4e07-be54-f9c6c7a15724,9,10,1,0.15639190669856282,0.15285303350555265,-0.07469749722132704,1.857608615287332,-0.719873940109863,0.13213990933611433,0.11064484691749918,-0.1381865803933926,-0.709745898372911,-0.1596051557751296,0.3086406329954295,0.18065185880217322,0.17181630967225647,0.16581470232823337,0.04726924310497811,-0.04472913692412742,-0.09056041227363351,0.7139439716822195,1.0522940607842977,-0.13826268135987785,-1.9721367001255676,-2.0316690147389163,-0.04960183632782016,0,0,1,1,0,train
d0d7fc46-c0c2-4ee5-a29b-69328fcb7731,0,1,1,0.14528794853662053,0.14331861155136058,-0.06719856903686644,-1.3655047582058124,0.5107903349006447,0.1172511269428955,0.09649848961889972,-0.12607918234403903,0.7223101610360373,1.4226585977228787,-0.5164743397177783,0.24991668138797307,0.16246400215758275,0.16584531165683203,-0.024683371815230046,-0.04472932819884111,-0.10311061941068221,-1.0221318543092206,-1.0978652851290727,0.6025764290332121,0.9012207170289468,0.8288639638048194,-0.04960183526612265,1,2,0,0,0,train
d0d7fc46-c0c2-4ee5-a29b-69328fcb7731,1,2,1,0.14561628161484053,0.14650594200705114,-0.06258188195731755,-0.09776792286369208,-0.07176925430189797,0.11228989077056406,0.10360850774033122,-0.09766730495127164,0.3069098519250101,0.7398650322082062,0.26239657964005164,0.23260047574152262,0.17123033315613292,0.16599108858428308,0.04142439387081935,-0.044729152461727734,-0.09688399303710783,-0.9410004463727178,-0.9392698504234683,0.49011357070733175,0.37897635232939303,0.3994358882521851,-0.04960183573160441,1,1,0,0,0,train
d0d7fc46-c0c2-4ee5-a29b-69328fcb7731,2,3,1,0.1474396811820771,0.15027529340131085,-0.06014345496944533,-0.35286931127565396,2.1718543863193247,0.12202564447016476,0.10476281120046,-0.12227592905344284,0.09016453963625691,-0.41202275168587055,0.1942671802475466,0.050780316453792024,0.17137596724135346,0.1648218122318148,0.05149899107132269,-0.04472912567627327,-0.06458740849043659,-0.7676252856641246,-0.9166412574540238,0.6734655408236472,1.2264350351455575,1.091398575164713,-0.04960183542377153,1,1,1,1,0,train
d0d7fc46-c0c2-4ee5-a29b-69328fcb7731,3,4,1,0.14764806970404698,0.15063369576874552,-0.059985314307051944,-0.5759757205391153,0.02829514821298559,0.12458186331207576,0.1068872207600587,-0.12498209004867475,0.8121513879167781,-0.33458501145843994,-0.7471401777283936,-0.5293125727022988,0.1702078366260413,0.1639915341935765,0.04890193168242366,-0.04472913257905809,-0.043645260272048035,-0.7428879030908534,-0.9417896828121809,-4.17029093327631,1.528698777383215,1.3345454597469726,-0.049601835440117856,1,1,1,1,0,train
d0d7fc46-c0c2-4ee5-a29b-69328fcb7731,4,5,1,0.15340661996522667,0.15147915776371967,-0.07070061951212644,-0.09755126158788857,-0.5268917274577337,0.12982419222724537,0.1093841183156564,-0.13436644875979079,0.5759145826939608,0.39586271191177036,-0.002191544728110763,-0.27822759082876447,0.16937837215116322,0.1658778340684681,0.028090281951968703,-0.04472918790822945,-0.0968409021971523,-0.7703799446879654,-0.8816723505547079,0.5653628611095699,0.9898764884775783,0.9006108181243245,-0.04960183549525654,1,1,1,1,0,train
d0d7fc46-c0c2-4ee5-a29b-69328fcb7731,5,6,1,0.15467633607583392,0.15187278771427828,-0.07271818828556466,-0.6364310141279254,-0.20174824531182733,0.13054569742637148,0.1099121507495451,-0.13527787928209342,0.15486764138736536,0.8061341287620407,0.35322710927269096,0.2499166813879673,0.17126282370007978,0.1661418395276314,0.04051864742480378,-0.04472915486933051,-0.10187175776196067,-0.7046601958133596,-0.7264170363457666,0.4349537794062139,0.39942304343118634,0.4164344352800509,-0.04960183548860288,0,0,0,0,0,train
d0d7fc46-c0c2-4ee5-a29b-69328fcb7731,6,7,1,0.15148750706522485,0.15156492927045617,-0.06651754392623685,0.5313986187278306,0.3366435871894624,0.1290610812430782,0.10964335904547257,-0.1317165489079109,0.6305049106014105,1.3578789376991964,0.321700158179961,0.11138703621636761,0.1715265704685894,0.16535824071550606,0.048544323053252465,-0.04472913353337784,-0.08320265135122643,-0.534936426009996,-0.6328792522780416,0.4560438266532512,0.7804243794534222,0.7305273967757028,-0.049601835491578206,1,1,1,1,0,train
d0d7fc46-c0c2-4ee5-a29b-69328fcb7731,7,8,1,0.14869849324211615,0.14907449230699973,-0.06479330057497992,0.20289221743517086,-0.5066402353151679,0.1272131755221096,0.10802651554635602,-0.12992744454931685,0.2505699452870384,-0.6994364252484009,0.32830128603104347,0.14601944750926849,0.17074373948031737,0.16518223707606386,0.0438895484374831,-0.04472914590820122,-0.10029894210358374,-0.4326817275997243,-0.5376289808640706,0.42881510245608545,0.769754146346757,0.7218122032014374,-0.04960183549266314,1,1,0,0,0,train
d0d7fc46-c0c2-4ee5-a29b-69328fcb7731,8,9,1,0.14314833150290637,0.146530448151833,-0.0573453855074204,-0.3265633091026217,0.07944851646294786,0.12718780614098701,0.10677260906898209,-0.1324423176571519,-0.2490240753911326,-0.4105334926809305,0.3562606085407936,-0.03580071177845827,0.17056790830131094,0.16224871554649112,0.06501483852303083,-0.04472908971683159,-0.03611513598981881,-0.3285549527994986,-0.34783632611811605,0.3163844865302365,0.19097639281389064,0.24066694188501256,-0.0496018355638409,1,1,1,1,0,train
d0d7fc46-c0c2-4ee5-a29b-69328fcb7731,9,10,1,0.15634223269041883,0.1528193375564776,-0.074649034760271,-0.731352714416172,-0.6239576019354678,0.13224849028731894,0.11064621134239296,-0.13848476445315827,0.6715118064621808,-0.20130245513611908,0.2667812611417509,-0.2695694880055402,0.1676372612373062,0.16381476532091935,0.030543711645544872,-0.04472918139646257,-0.07937833930517295,-0.12107526034194728,-0.09532878677038929,0.2258856274666196,-0.17649801048775365,-0.0785017576620503,-0.0496018354572512,0,0,1,1,0,train
d0d7fc46-c0c2-4ee5-a29b-69328fcb7731,10,11,1,0.15634950205746428,0.1528239324586242,-0.07465668672780618,0.40660690301900887,-0.1760367223434962,0.13222109135570656,0.11067486426516211,-0.13834973770911344,-0.4241338647535796,0.9699451632465427,-0.2897205866060316,-0.04445881460168445,0.1692017764887698,0.1629994093303729,0.048787614169819755,-0.04472913288047251,-0.08172679008274945,0.15496380279885677,0.09706363888773732,0.1959864568077028,0.17549129369132416,0.22743618324729697,-0.04960183562237932,0,0,0,0,0,train
d0d7fc46-c0c2-4ee5-a29b-69328fcb7731,11,12,1,0.15634950205746428,0.1528331222629174,-0.07464138279273584,1.38787078448905,0.7211640136354702,0.13221094360325752,0.11066531329090572,-0.13834129853761062,-0.729515087079205,-0.8297404635608415,0.11920805563447413,0.09407083056991716,0.16838721943993792,0.15946097094436942,0.06964909461089692,-0.044729077359139766,-0.0054129125215022535,0.3652855423843096,0.5539109426325525,0.011976064408852983,-1.2400868306991302,-1.118428041230927,-0.04960183552539391,0,0,1,1,0,train
d0d7fc46-c0c2-4ee5-a29b-69328fcb7731,12,13,1,0.15637615640329763,0.15284537533530831,-0.07467709197456661,0.9988479108509167,0.9228752475816039,0.13224849028731894,0.1106707709904808,-0.13843412942414146,-0.8768877793516253,-1.6450716452262435,-0.16201610351118567,-0.42541533882359034,0.16485224825852202,0.15780309318414523,0.05524215680453269,-0.044729115687099565,-0.06150641343361605,0.8647070727270487,1.0542049111518486,-0.12716624172833618,-1.4353225483146586,-1.3395368829960037,-0.04960183610257077,0,0,1,1,0,train
a9021a9e-f697-4ff2-bc7b-8e457f9687c3,0,1,1,0.15382582013151494,0.1498188664547487,-0.07434805737055455,-1.5981861419202017,-0.5640964199950105,0.13005759053357308,0.1079514721771987,-0.13796716193431974,0.8677312177564244,1.12407610296154,-0.07674825791911354,0.2326004757415207,0.0040695424832029505,0.1660021844659001,-1.2405321924693997,-0.04473256025738777,-0.10707497668659116,0.26758175906584253,0.21744736621921737,0.15662926152733989,0.07235543042920396,0.13905648061570178,-0.04960183166946559,1,1,0,0,0,train
a9021a9e-f697-4ff2-bc7b-8e457f9687c3,1,2,1,0.15627923150935816,0.15277951507120707,-0.07458271770829959,-0.7422155583418666,-0.27445225311678945,0.13215107186380826,0.11059163434664218,-0.13832723325177262,1.1110268361670177,1.6199760958038056,0.1575410321658226,0.20662616727184602,0.17138705225046474,0.16663579756789207,0.03768709057415314,-0.04472916239523608,-0.1076782484459686,0.49688799431830144,0.42964677316736366,0.09880135884524446,0.0579576570956785,0.12663445969425796,-0.04960183505077466,1,1,0,0,0,train
a9021a9e-f697-4ff2-bc7b-8e457f9687c3,2,3,1,0.15637252171977492,0.15284537533530831,-0.07466944000703145,0.7407344127898856,-0.42709609456618325,0.13224950506256386,0.11067213541537457,-0.13843412942414146,0.7381479941863182,1.9081343101061998,0.19862839050856834,0.1200451390395938,0.17202004449488784,0.1666621981138084,0.04233893397165061,-0.0447291500305663,-0.10732274901633547,0.7288625549366153,0.6683176734746136,0.02548978830707187,-0.09674933072808863,-0.008084310245966023,-0.04960183558392669,0,0,1,1,0,train
a9021a9e-f697-4ff2-bc7b-8e457f9687c3,3,4,1,0.15637857952564613,0.15284537533530831,-0.07468219328625672,1.605832675341637,-0.7082598158985223,0.13220586972703302,0.11065849116643688,-0.13834129853761062,-0.7989806149110172,0.5700974942795802,-0.2569039859917515,-0.7717394517525992,0.1720464191717388,0.1666235538364526,0.042837241077872776,-0.044729148706059464,-0.10684874977682461,0.9897755236739928,1.127999766813415,-0.14229955477449946,-1.2531596464989785,-1.132854857351969,-0.04960183604893123,0,0,1,1,0,train
91a4e946-e337-4a8a-b3da-3c8802f33c4a,0,1,1,0.13356488261463975,0.1348578650654237,-0.05660824596819961,-1.1411703229736065,-0.5355909745126919,0.12956136543881544,0.10924358255159818,-0.1339276118416451,-0.4862759702606338,-1.6798193651061994,-0.23600443206307928,0.34515581244344573,0.16503648875478527,0.16183587222701687,0.025759963425812125,-0.044729194131092886,-0.08845973382580133,-0.3816250020610971,-0.6191287518013557,-4.054387979165959,1.5780027527422427,1.3742685266398929,-0.04960183607048645,1,2,0,0,0,train
91a4e946-e337-4a8a-b3da-3c8802f33c4a,1,2,1,0.14356389698567193,0.14765466754370077,-0.05634807907200404,-0.403387211019729,0.8150629742879424,0.12972880335422446,0.1097879880842121,-0.1332693564644265,-0.11553198292225891,-0.7391481051112077,0.26760212020760715,0.29320719550409435,0.16722482245002815,0.1655495490192476,0.014090783485397872,-0.044729225127363305,-0.09479408729926453,-0.4176497991309488,-0.5881197658730826,0.5534526960382984,1.1734848387894337,1.048749064775801,-0.04960183511675977,1,1,0,0,0,train
91a4e946-e337-4a8a-b3da-3c8802f33c4a,2,3,1,0.1253117278956926,0.14261712315697986,-0.026311555840640724,0.3979216775536064,0.20461734161893722,0.12803514347048112,0.10885881473155525,-0.13049005598283697,-0.5854016577344217,-0.8740024696621301,0.33174902097921116,0.32783960679699525,0.17093486032706345,0.1650368427652203,0.04646902051675076,-0.044729139050137395,-0.0867037820976134,-0.3837510432890513,-0.5519417828386346,0.528052122549346,1.1408372312550283,1.022442995733083,-0.0496018353962175,1,1,1,1,0,train
91a4e946-e337-4a8a-b3da-3c8802f33c4a,3,4,1,0.14075670974494958,0.13805438532540745,-0.06642572031581488,-0.6491768042309343,-0.4128088654170815,0.13061368736778,0.10895568889901286,-0.1374383071868108,-1.0060724459429897,-0.5943656430693712,0.3601606406403953,0.3624720180898942,0.1704226564577839,0.1632075527648437,0.05655534259034168,-0.04472911222324351,-0.04372066924197021,-0.34420158441368476,-0.5271507909134993,0.5601288525424676,1.212784072789031,1.0803936906469116,-0.04960183543906785,0,0,0,0,0,train
91a4e946-e337-4a8a-b3da-3c8802f33c4a,4,5,1,0.141664169064458,0.1419309511030878,-0.061880451599927534,-0.5867037985616831,0.7518189993066947,0.13020574771932894,0.10949190788226418,-0.1352019267385682,-0.3787882165347151,-0.6183581754948877,0.30561855216873746,0.3278396067969972,0.1685951589211977,0.16386488809649963,0.03750535504129565,-0.04472916288407275,-0.05669101206858535,-0.317100285961278,-0.4263509753598488,0.39367713541602967,0.7351806775610649,0.6935694535354279,-0.04960183554474997,0,0,0,0,0,train
91a4e946-e337-4a8a-b3da-3c8802f33c4a,5,6,1,0.15150689204401274,0.14730392334651043,-0.0736542789806997,-1.3071925284091788,-0.6210549174167044,0.13140927115978407,0.10972931781378002,-0.13804874059218014,-0.8732378862206531,-0.3949799762665999,0.3539293434194475,0.3105234011505467,0.1692518501506173,0.16529510897527136,0.03158429413206762,-0.04472917862264219,-0.101656303562183,-0.20690679739427598,-0.4672626869827262,-3.9896338168416516,1.6282410197691446,1.4147680035600674,-0.04960183529193247,1,1,1,1,0,train
91a4e946-e337-4a8a-b3da-3c8802f33c4a,6,7,1,0.15256943119382435,0.15145311998488895,-0.06898147747255962,-0.6035073479272133,0.8923056541334107,0.13215208663905315,0.1106039141706861,-0.1383047287944318,-0.46604720794011184,0.42076506104968614,0.3506141892632148,0.2672328870344216,0.17068066960089115,0.1656830822152592,0.03956893270470978,-0.04472915739444517,-0.10106380451279444,-0.25163112751542127,-0.41683475704749634,0.4583907578140364,1.0509456836353483,0.9499221412371034,-0.04960183564186027,1,2,1,1,0,train
91a4e946-e337-4a8a-b3da-3c8802f33c4a,7,8,1,0.15544810054382707,0.1521530767452208,-0.07387618603921946,-0.6586662012543864,-0.054965832962913325,0.13219064809835948,0.11062847381877396,-0.13836098993778384,-0.01559234301096351,0.3686433037045402,0.24648751896570054,0.1979680644486179,0.17106826267809225,0.16563257682307142,0.04292810884430152,-0.044729148464372565,-0.09840294514554034,-0.1965037496501541,-0.18862297871091008,0.25875224697765953,-0.03601647637989549,0.04514427143728121,-0.04960183543923525,0,0,0,0,0,train
91a4e946-e337-4a8a-b3da-3c8802f33c4a,8,9,1,0.1538197623256437,0.15218830432834474,-0.07038943949902977,-0.3259639299257848,-0.0008093449591537264,0.13212468770744076,0.11063256709345526,-0.13816970205038698,-0.6570742294953854,0.6805456926606174,0.31753242706506457,0.20662616727184407,0.17101780677455128,0.16497409364159307,0.04758581467834278,-0.044729136080811506,-0.06822858446667905,0.05297539720010112,-0.00432728826314108,0.22675319105709724,0.2239456719838973,0.26864210213044726,-0.049601835506255625,0,0,1,1,0,train
91a4e946-e337-4a8a-b3da-3c8802f33c4a,9,10,1,0.15449702502204588,0.15144852508274234,-0.0730472228895767,-0.8210983897733577,-0.5174181422166,0.13224341641109444,0.11065439789175557,-0.13845382082431465,-0.18843882982563562,0.6846823851547306,0.2766341073634511,0.17199375597894512,0.1703599688200512,0.16615293540924841,0.033510104536702674,-0.044729173499531774,-0.0995663978243397,0.2544458557198886,0.26455829700755856,0.1246556014790703,-0.26970961051246267,-0.1618529373947422,-0.04960183549950824,0,0,1,1,0,train
91a4e946-e337-4a8a-b3da-3c8802f33c4a,10,11,1,0.15544810054382707,0.1524563402868963,-0.07337115618189864,-0.308007910895485,-0.6520457794507398,0.13226574146648232,0.11067622869005588,-0.13847069916732027,-0.35618051235272297,0.7392859449660898,0.3524240122268068,0.3105234011505467,0.17153765547770067,0.16601634128037696,0.04358763295547791,-0.044729146711240106,-0.09468636019937571,0.5483892573383993,0.5051099849361553,0.06863839278838696,-0.10763539132226384,-0.017656017872332067,-0.04960183553241477,1,1,1,1,0,train
91a4e946-e337-4a8a-b3da-3c8802f33c4a,11,12,1,0.15607326610973674,0.15267383232183532,-0.07432510146794907,0.6819766948246895,-0.018991103689475024,0.13227487444368644,0.11068714408920603,-0.13847351222448787,-0.4102907977462582,1.3002141331290833,0.3509427866326998,0.24125857856474497,0.17140119519312394,0.16603202856128377,0.04242100808326368,-0.0447291498124445,-0.0975949918963741,0.8113582868742165,0.8204803626932842,-0.03592400998372955,-0.5274009460407355,-0.39842342398365416,-0.04960183560553677,1,1,1,1,0,train
91a4e946-e337-4a8a-b3da-3c8802f33c4a,12,13,1,0.15638584889269158,0.15284843860340605,-0.07469239590963693,1.4991966997893664,-0.5883175625458186,0.13220992882801264,0.11068305081452472,-0.13830191573726422,-0.6783945683229583,1.189352123478465,0.16334604090743857,0.26723288703441966,0.17141686710255713,0.1649121097511808,0.05112086391424823,-0.04472912668194581,-0.07640507134824125,1.156118462524089,1.3289955534080338,-0.20170630903103046,-1.4709709883922353,-1.3813763412597309,-0.04960183549857843,0,0,1,1,0,train
36f5745e-c86d-4f3a-809b-33bc098f7a28,0,1,1,0.14766745468283488,0.1439557713156889,-0.071146984285011,-0.5606933318639625,-0.5912463410364271,0.12819953706015544,0.1078409537608034,-0.13304431189101845,0.20259698396900877,0.9647326679666461,-1.4078784396828041,0.2499166813879673,0.111903364392595,0.16557748003159387,-0.41035548472155126,-0.04473035349743461,-0.10759206676605754,-0.19886123598570882,-0.21496556579760057,0.27480837127876867,0.10624217715545975,0.16823205868829258,-0.0496018350014902,1,4,0,0,0,train
36f5745e-c86d-4f3a-809b-33bc098f7a28,1,2,1,0.14783828480840322,0.14965804487961776,-0.06201053504802532,-0.6415374441770674,0.3923381632040498,0.12889161377717936,0.1094373308865134,-0.13167153999322928,-0.1266158258604887,-0.11269571618466796,0.35560975738038514,0.32783960679699525,0.1709627639706884,0.1660767947043593,0.03871594818758831,-0.04472915966140316,-0.09498799607906443,0.02417790830571435,-0.14286497354804464,0.3497105606325418,0.9146452039197182,0.839625590577571,-0.049601835665827314,0,0,0,0,0,train
36f5745e-c86d-4f3a-809b-33bc098f7a28,2,3,1,0.1540754017334091,0.1521178491620969,-0.07104495805120882,0.15228994064045917,-0.6837042051256196,0.13053554967392245,0.10960106187376571,-0.1358911257446304,-0.08500837684281007,0.19705577730069115,0.35647311842260343,0.2585747842111935,0.17146158938069572,0.16635533959460697,0.040407261130471765,-0.04472915516523097,-0.099447898014462,0.1029976536007521,-0.1636776755180488,-3.9830424609966344,1.5012582682711817,1.312480088756025,-0.04960183547188564,1,1,1,1,0,train
36f5745e-c86d-4f3a-809b-33bc098f7a28,3,4,1,0.15447158223738675,0.15187125608022942,-0.07228967810359548,-0.023865171703471556,-0.1204108164793722,0.12985463548459245,0.10979208135889341,-0.1336097363817062,0.04366301030909735,0.4360705747426075,0.3575185401695363,0.19796806444861983,0.17173986133355804,0.16628034673954029,0.0431157068137028,-0.044729147965810484,-0.10089144115297231,0.0802453873988422,-0.15309167160091047,0.548714002415399,1.302624120248228,1.152685740267711,-0.04960183563085908,0,0,1,1,0,train
36f5745e-c86d-4f3a-809b-33bc098f7a28,4,5,1,0.15459394991598535,0.15214235530687875,-0.07209582825937132,-0.6195482668657618,-0.4090120640140663,0.13097393257972062,0.10960515514844703,-0.1370979272695311,0.1031389621975362,0.9379274260794214,0.3494970850785371,0.21528427009506834,0.17166494196163357,0.16610281263366813,0.043901273310570685,-0.0447291458775477,-0.09343672584066527,0.09181791553499288,-0.02737666250429642,0.26637316886141404,0.5807293766386228,0.5667710073202157,-0.04960183539175264,0,0,1,1,0,train
36f5745e-c86d-4f3a-809b-33bc098f7a28,5,6,1,0.15530513632526632,0.15191567346764653,-0.07397056030548647,-0.6073132708263256,-0.09550952590011613,0.1310023462865779,0.10952328965482087,-0.13734547630027996,-0.03251686270994239,0.6520028339966191,0.3593004513874578,0.24991668138797116,0.1714875818158532,0.1663002428031294,0.04102867940411352,-0.044729153513454495,-0.1002019877136838,0.22924847869128234,0.025403784254650848,0.33533809787931196,1.0361371534249741,0.9379497085354214,-0.04960183548612692,0,0,0,0,0,train
36f5745e-c86d-4f3a-809b-33bc098f7a28,6,7,1,0.15511734434325858,0.1520535205320445,-0.0733456496234481,-0.8554064006795274,-0.24919160931003373,0.13027678198647216,0.10935546539288725,-0.13568014645706034,0.3610247300600338,1.6758209118986958,0.33282235447181463,0.22394237291829452,0.17168481852969517,0.1660270545453865,0.04463407787854445,-0.04472914392951508,-0.09681935677717454,0.2869476076484948,0.13199380036648226,0.23880482415971316,0.6991944050738281,0.66410195480676,-0.049601835494867234,0,0,1,1,0,train
36f5745e-c86d-4f3a-809b-33bc098f7a28,7,8,1,0.15487260898606137,0.15205964706823996,-0.07282021451936684,-0.09083206456193621,-0.4421394663675804,0.12834059081919696,0.10908530926392095,-0.13086981870046308,0.18355459234627652,1.7234750697542336,0.35368638436054256,0.2326004757415207,0.17141189796054174,0.16600333231572253,0.04272292356526886,-0.044729149009871114,-0.09825212720569597,0.4034708935023674,0.278940291646258,0.17029719851929118,0.45028292659856245,0.4587197113498032,-0.04960183550249845,0,0,0,0,0,train
36f5745e-c86d-4f3a-809b-33bc098f7a28,8,9,1,0.15637252171977492,0.15284384370125947,-0.0746719906628765,-0.5441101123416549,-0.5518555373431377,0.13230633247627843,0.11070351718793126,-0.13852696031067227,-0.03436849694067191,1.4144682945339506,0.34350050026436424,0.26723288703441966,0.17138819897554522,0.16616173559122052,0.04132766366784681,-0.04472915271877805,-0.10574993335795854,0.5641115297759584,0.4694280041839847,0.09697900597458238,0.18688570935838933,0.23712965256496318,-0.04960183539597583,0,0,0,0,0,train
36f5745e-c86d-4f3a-809b-33bc098f7a28,9,10,1,0.15635192517981278,0.15284078043316174,-0.07463373082520068,0.6847654534573676,-0.5930070159384088,0.1322961847238294,0.11070488161282503,-0.13849601668182868,0.04076524100595612,1.713050434244865,0.34095926269263294,0.15467755033249084,0.17154644703665098,0.16592566114440346,0.04434974970617063,-0.044729144685259264,-0.10094530470291672,0.7723510534138583,0.8179603117704224,-0.04207553035310359,-0.7045223436696548,-0.5671911748182357,-0.049601835582099976,1,1,0,0,0,train
36f5745e-c86d-4f3a-809b-33bc098f7a28,10,11,1,0.15638584889269158,0.15284690696935718,-0.07469494656548199,0.7159679141443258,-0.6806797458827,0.1322292095576658,0.11068987293899357,-0.13834129853761062,-2.1343246429012366,0.08834501817121534,0.348190307894871,-0.37346672188424096,0.1713106039117663,0.16579939766393406,0.043508490062136744,-0.0447291469215365,-0.10439257189935928,1.1533635646006017,1.4644230119949866,-0.24944215491362715,-2.007797042335968,-2.0834190460430793,-0.04960183556985238,0,0,1,1,0,train
c597a70f-7638-4c4b-b09e-511a2ce195d0,0,1,1,0.15503859286693275,0.15245940355499404,-0.07250393319458007,0.8233032912851216,0.035349601244868946,0.1265048624011672,0.11019595112744911,-0.12349116974984636,-0.6176060704842012,-0.254913293960993,-0.9432081382646634,0.17199375597894512,0.17178458361169663,0.16633238259815797,0.0430600136665368,-0.044729148113863054,-0.10551293373820311,-1.11062985000712,-1.3198321357659628,-4.161849800788611,1.7914730733980624,1.5465078254210916,-0.04960183947487239,1,1,0,0,0,train
c597a70f-7638-4c4b-b09e-511a2ce195d0,1,2,1,0.1543140792847351,0.1518360284971055,-0.07201675792817464,-0.42837457900372,1.9289333863897273,0.1267950881212095,0.10736340504798417,-0.1301356107797193,-0.22705022949532194,-0.9846161215409149,0.35476923322098824,0.2932071955040963,0.1717169268319485,0.16622027593216543,0.04340003498607663,-0.044729147209998855,-0.10289516521090455,-1.1836526921488144,-1.2966965785533717,0.7718124327665544,1.2231776897834599,1.0888185318587362,-0.049601817253881506,1,2,0,0,0,train
c597a70f-7638-4c4b-b09e-511a2ce195d0,2,3,1,0.1489892679239346,0.15117742585609303,-0.06190340750253302,0.2832841248643651,-0.19450189964391856,0.12033502891215613,0.10623775451062455,-0.11454846101404363,-1.241333657797692,-0.038980857181769364,0.3580330043908729,0.32783960679699525,0.1716049300157553,0.1652304467686067,0.0501242497018039,-0.04472912933267241,-0.07715916104746305,-1.158361100639503,-1.3606925270972963,-4.177650659358679,1.7738795771700717,1.5322483421576873,-0.04960182409993431,1,2,0,0,0,train
c597a70f-7638-4c4b-b09e-511a2ce195d0,3,4,1,0.13974747928680467,0.14850931934296813,-0.04689024719854147,0.007669294334904748,0.14606616958477472,0.07999974247774623,0.09992183167736673,-0.01575670634507352,-1.5755177443639279,-0.4879714104335733,0.3613265903799965,0.3018652983273186,0.17061607075469096,0.16490828358510598,0.04500927381734702,-0.04472914293100069,-0.08362278704079286,-1.228320919370084,-1.3774804508022196,-4.328753640764323,1.4758743533007026,1.291997180225013,-0.04960182631913697,0,0,1,1,0,train
c597a70f-7638-4c4b-b09e-511a2ce195d0,4,5,1,0.0971332381051357,0.13602037530851313,0.02202592307898956,0.26006338789069827,5.680089013941233,0.03732438432858971,0.05686058203000956,0.013763515571728564,-1.812014074535973,-0.4678673902555486,0.3616247385723863,0.3538139152666719,0.17029422324877053,0.16278820496304225,0.05878306847698193,-0.04472910629592822,-0.0570357387882296,-1.2466733327022053,-1.2655690756766074,0.6085749754775772,0.665751536303594,0.6370204852794528,-0.049601831525335704,1,1,1,1,0,train
c597a70f-7638-4c4b-b09e-511a2ce195d0,5,6,1,0.03816655575470129,0.10717357963216717,0.0981272908720395,-0.048188421085584736,-0.4350619348195608,-0.03244445808423567,-0.00023787092444554328,0.08944881866602626,-2.7074394398871475,0.7592248666967912,0.36107411595324934,0.2758909898576497,0.16817622202513025,0.16051507969798529,0.05995555578573995,-0.04472910316115462,-0.053706971401664756,-1.1243327830921914,-1.1432385995908432,0.5677537401886317,0.6013167419922137,0.5839955785923527,-0.04960183379477634,0,0,0,0,0,train
c597a70f-7638-4c4b-b09e-511a2ce195d0,6,7,1,0.08948344085096181,0.07990130375805565,-0.055325266078137134,-1.5723424466788625,-0.7163735243124866,0.054011348455776896,0.010512432813562289,-0.12805113541852714,-2.050424321982059,0.2663028592887694,0.3614877172754582,0.25857478421119734,0.16590532412409306,0.1573879541650261,0.06649803496860973,-0.04472908572345781,-0.022110613004270908,-0.9906021622184077,-1.025611287382815,0.539867169784884,0.6305035736724496,0.6079309283605194,-0.04960182888466038,1,1,1,1,0,train
c597a70f-7638-4c4b-b09e-511a2ce195d0,7,8,1,0.10818146445306279,0.10541832701216651,-0.052195611356255105,-1.4427741482914822,-0.6858603180656411,0.07883275094610763,0.04759340815152889,-0.12040805909415596,-1.732459433426972,0.7525232899371668,0.36165011288663224,0.2932071955040963,0.16278126276318128,0.15250997503622435,0.07991128978080156,-0.044729049943637425,-0.03394982128205333,-0.8620129995124136,-0.8795359463439039,0.48130663491480485,0.45541261191061044,0.4631531706673553,-0.049601827837851394,0,0,1,1,0,train
c597a70f-7638-4c4b-b09e-511a2ce195d0,8,9,1,0.1287295419682337,0.12153724374243437,-0.0686116323750267,-1.6610451159491186,-0.6761096000232314,0.10170578496622433,0.07386404505616181,-0.12965176494689196,-1.6614028971373622,1.0890802028349629,0.3616520159602007,0.2932071955040963,0.15790806341284916,0.1584053317243236,-0.0026230231009477874,-0.04472926969422552,-0.08104810935344982,-0.702324697165027,-0.577163812559733,0.34174863819311974,-0.4566341266110055,-0.33227273820008735,-0.04960183431427529,1,1,1,1,0,train
c597a70f-7638-4c4b-b09e-511a2ce195d0,9,10,1,0.15355321886731013,0.14945586918516743,-0.07437866524069521,-1.7169348773850033,-0.5736246603708693,0.12917575084575225,0.106625251180455,-0.1382569068225826,-0.8196332641032187,0.0853665001613351,0.3596804317432908,0.3018652983273186,0.16379764342617703,0.16540759825787138,-0.01110303756154021,-0.04472929210739496,-0.10782906638581297,-0.37177408966523623,-0.31781958452853515,0.2835016443268307,-0.21561203947692092,-0.11329504557395945,-0.0496018357099049,0,0,1,1,0,train
c597a70f-7638-4c4b-b09e-511a2ce195d0,10,11,1,0.15339450435348423,0.14935171806984454,-0.07421797392245677,-1.5292219973370849,-0.6589938305859377,0.12914632236365006,0.10676442251961947,-0.1378883963336269,-0.6575264177405117,1.3474546572402522,0.35751219659097483,0.27589098985764393,0.17079304865877787,0.16539229359357205,0.04265843676328718,-0.04472914918126531,-0.10751665779613535,-0.0882612174490846,-0.011467629385026502,0.18917260293918445,-0.4782884665553391,-0.3525268519683775,-0.049601832974089016,1,1,1,1,0,train
c597a70f-7638-4c4b-b09e-511a2ce195d0,11,12,1,0.15412144105803036,0.14998581456607513,-0.07469239590963693,-1.746487238026711,-0.7183975259456008,0.12955832111308074,0.10718193653711286,-0.13816970205038698,-0.9136833124854339,0.8977193857233721,0.3615568622817784,0.34515581244344573,0.17077775899103817,0.16562989850681906,0.04072090148556454,-0.04472915433208095,-0.10845388356516818,0.24664009641906734,0.35828700369942224,0.07729055279368038,-0.8147714534104233,-0.6751958705706897,-0.04960183537644456,1,1,0,0,0,train
c597a70f-7638-4c4b-b09e-511a2ce195d0,12,13,1,0.15638463733151733,0.15284997023745492,-0.07468729459794683,-0.168675828221521,0.7716210857489976,0.13227081534270682,0.1106844152394185,-0.13846788611015265,-0.21012848883439642,1.1143963632424596,0.3605298369126738,0.24991668138797116,0.17101513108269684,0.1662394067625396,0.037871757325282536,-0.04472916190515571,-0.10788292993575738,0.6508526707139183,0.7134078220683711,-0.01528523685087748,-0.7390119573709464,-0.6007214353259057,-0.049601835038958576,0,0,1,1,0,train
c597a70f-7638-4c4b-b09e-511a2ce195d0,13,14,1,0.15638948357621432,0.15284843860340605,-0.0747000478771721,1.8459583241550566,-0.7095311378079031,0.13215411618954295,0.11066940656558703,-0.1381753281647222,0.2554546659649902,0.29757587819081455,0.21786529249627506,0.07675462492346864,0.17162404210042992,0.16612003038100487,0.04345572813324263,-0.044729147061918134,-0.1045757079691703,1.0390676850361937,1.3692250718486427,-0.22452325150235775,-2.0400725184000397,-2.131026235875321,-0.04960183823922825,0,0,1,1,0,train
7c7a9214-a0ba-4141-bee3-c853148e00fa,0,1,1,-0.032566808719986635,-0.060783878532451235,-0.03266268889482675,-1.2288239977601167,-0.6904425321729223,-0.1330269508085448,-0.16865156441217022,0.02105214669298206,-0.24424444995794187,-1.6197553516748375,0.3037985794794471,0.34515581244344573,-0.047799126356915106,0.11434435105639497,-1.242537145767376,-0.044732593303607564,-0.0410059463247717,-1.3140860573283726,-1.3366674428630634,0.6356895347523885,0.7243241881236824,0.685023772055252,-0.04960183503992318,1,2,0,0,0,train
7c7a9214-a0ba-4141-bee3-c853148e00fa,1,2,1,-0.05443427635390878,-0.05800243109971022,0.018006089467183465,-1.1477304768120418,-0.25026130795624885,-0.19365469781528272,-0.15476854111806823,0.21774110385162523,0.03398953131721318,-0.8781390733936372,0.2372576121587382,0.29320719550409435,0.11977983672869535,0.11481496948359915,0.038935789557980445,-0.044729159154179514,-0.05460110633074205,-1.2020569045963951,-1.098409930177019,0.4991652295909729,-0.09498768875374419,-0.005980497246757856,-0.04960183556387925,0,0,0,0,0,train
7c7a9214-a0ba-4141-bee3-c853148e00fa,2,3,1,-0.044289874641967396,-0.06768082665449572,-0.01946814620835915,-1.3333798686110632,-0.7042563155007857,-0.18385095417427352,-0.16835548421022228,0.16255173528046649,0.5235440541056694,-0.8759052736488331,0.3303191783714522,0.23260047574151688,0.12024999401169076,0.1129397654903246,0.05690708878296909,-0.04472911098610449,-0.016648849039907227,-0.9415958476394198,-0.9981967146933794,0.5473565586516321,0.7386913859068894,0.6965547796296786,-0.049601835459844645,1,2,1,1,0,train
7c7a9214-a0ba-4141-bee3-c853148e00fa,3,4,1,-0.2746742897302529,-0.08965977525572566,0.42894990463147,0.1456073213896549,-0.41455920038997024,-0.4386792841238595,-0.271007991092951,0.6573206690895861,1.0675162541331111,0.2633246963293135,-1.0384518955025288,0.19796806444861983,0.11837662747188547,0.08916779566740106,0.22465777926525174,-0.044728659511241685,0.6270205727958522,-0.8320436252072129,-0.8430313444266176,0.46624127993596864,0.399918758567135,0.4168921781466743,-0.0496018356093066,0,0,0,0,0,train
7c7a9214-a0ba-4141-bee3-c853148e00fa,4,5,1,0.1227650263074326,0.11824576217142091,-0.06153611306084516,-1.2439077982489566,-0.4281818642206655,0.09125461471896693,0.06545373001096823,-0.11801977355886294,0.6910449708428348,-0.4462741110725838,-0.6556074139489978,0.34515581244344573,0.09462795105521486,0.15944949244614492,-0.49588550267717735,-0.044730582242937744,-0.07706220665756311,-0.6624181813453185,-0.6652979416959439,0.40697202340711147,0.2632640877075501,0.3020389081680971,-0.04960183539867696,0,0,1,1,0,train
7c7a9214-a0ba-4141-bee3-c853148e00fa,5,6,1,0.15534996408871335,0.151796206011835,-0.07426388572766776,-0.6783925198624293,-0.34310568150759285,0.13202929883441988,0.11043472548385871,-0.13831316796593462,1.161047167968241,0.4018192153558943,0.2231881892672181,0.20662616727184216,0.16484078100771726,0.16628340767240016,-0.009813301521906381,-0.04472928865961055,-0.10572838793798078,-0.46812155913222786,-0.5209206687627833,0.3862668311806021,0.46593245638137576,0.4717949818178674,-0.0496018355660843,1,1,0,0,0,train
7c7a9214-a0ba-4141-bee3-c853148e00fa,6,7,1,0.15548929362375136,0.15239507492494167,-0.07355990471443268,0.4090253521404531,-0.2528986666391649,0.13199276692560336,0.11050158230365341,-0.13807405810668855,0.910168175648254,-0.27203879612913745,-0.7521928380526174,-0.18298845977329184,0.1716679998951815,0.16649461203973082,0.04092315554632529,-0.044729153793822835,-0.10357384594020418,-0.31028957018550807,-0.3841108265298683,0.35438554041402015,0.5123746549722877,0.5103071632696314,-0.049601835602909754,0,0,0,0,0,train
7c7a9214-a0ba-4141-bee3-c853148e00fa,7,8,1,0.15613747885197166,0.15255130159792601,-0.07466433869534134,-1.3984857997219668,-0.39996600528603443,0.13222718000717598,0.11061073629515496,-0.13849882973899627,0.8926291176651633,-1.0211012806724322,0.3198922382899374,0.01614790516089306,0.1718789973099892,0.16661704935412538,0.04160319818540495,-0.04472915198617225,-0.1079367934857018,-0.16073023118133956,-0.15442905177020544,0.24907915435363426,-0.0445826743083621,0.03766316309001453,-0.0496018355329197,0,0,1,1,0,train
7c7a9214-a0ba-4141-bee3-c853148e00fa,8,9,1,0.15637009859742643,0.15283465389696627,-0.07468219328625672,0.0907430324464179,0.2583312429643211,0.13226574146648232,0.11067486426516211,-0.13847351222448787,-0.43694884307687076,0.40554227410563853,-0.05390122537206505,-0.21762087106618697,0.1720013146519067,0.16660671870572336,0.042620330925752535,-0.04472914928261037,-0.1073012035963577,0.09035590307410199,0.12187448029388492,0.16089013587486406,-0.31154692638329395,-0.19960436508833498,-0.049601835584974004,0,0,1,1,0,train
7c7a9214-a0ba-4141-bee3-c853148e00fa,9,10,1,0.15637857952564613,0.1528423120672106,-0.07468729459794683,1.8050354545962919,-0.4054804513807298,0.13218963332311456,0.11068305081452472,-0.1382456545939122,-1.180246614148731,-0.9823823217961108,0.24953814589591922,-0.2955437964752188,0.17199099412618243,0.16648849017401107,0.04344693447842694,-0.044729147085431804,-0.10460802609913694,0.3924085401180789,0.5644083447673383,0.010991154810193932,-1.173258455965104,-1.0455840612524119,-0.049601836772138905,0,0,1,1,0,train
bf9cb184-24de-44d5-a1cd-18a6f8b6b00e,0,1,1,0.14873726319969194,0.14640944906197256,-0.06931306273241672,-1.1742681382276787,-0.09820959235516194,0.13127633560270174,0.10975387746186788,-0.13762959507420763,0.07360374819421248,1.3370300217308835,-0.28789363598032364,0.22394237291829452,0.16567789031646518,0.16543935543629248,0.003072334001344324,-0.04472925442132101,-0.10395089078981508,0.5123746562272719,0.37088747765631724,0.15039686397297394,0.49729399035639527,0.49776838811167945,-0.04960183532326287,0,0,0,0,1,train
bf9cb184-24de-44d5-a1cd-18a6f8b6b00e,1,2,1,0.15577885674439557,0.1525650863043658,-0.07388638866259967,-0.6618493308846053,0.18603918752905488,0.1321662934924818,0.11059845647111102,-0.13835536382344862,0.02694288215478978,1.2532633301641847,0.31096365146464566,0.25857478421119734,0.1708247747193377,0.16631248653456887,0.035852147935946835,-0.04472916727343596,-0.10422020853953716,0.6646274001147761,0.5257867818427389,0.09949431852334648,0.40173914270338174,0.41824624210445677,-0.04960183539731941,1,2,0,0,0,train
bf9cb184-24de-44d5-a1cd-18a6f8b6b00e,2,3,1,0.1561883644212899,0.15278410997335368,-0.07438376655238532,0.38463283157354616,-0.34169427690308396,0.1322647266912374,0.11068577966431226,-0.13844819470997946,0.4909728852096338,0.6687562433200437,0.3496664586261288,0.18065185880216938,0.17169705026388693,0.16619272753642667,0.04345865935151453,-0.04472914705415389,-0.10058980527328358,0.8339619828335126,0.7556836564216898,0.0049978966131023084,-0.04578477390736225,0.03656847671642218,-0.049601835405523896,1,1,0,0,0,train
bf9cb184-24de-44d5-a1cd-18a6f8b6b00e,3,4,1,0.1562865008764036,0.15283005899481966,-0.0745138500004831,0.47445554684653046,0.18793364757821554,0.13228705174662528,0.11069942391324995,-0.13848195139599068,0.2293982062916963,0.6743410089698721,0.3600730992562468,0.1633356531557228,0.17157740861382387,0.16618010118837973,0.04263791823538391,-0.044729149235845825,-0.09937248904453981,1.085283262355315,1.127771496264306,-0.12942848782855182,-0.8267142783318323,-0.6870700304532655,-0.049601835524673114,0,0,1,1,0,train
bf9cb184-24de-44d5-a1cd-18a6f8b6b00e,4,5,1,0.15638706045386583,0.15284690696935718,-0.07469749722132704,1.6046507492384738,-0.6940887556814473,0.13217339691919613,0.11069123736388733,-0.13818376733622498,-0.5919124786173597,1.0345384217974407,0.3421493180307677,-1.0314825364493616,0.1715647946379386,0.16521858565377476,0.04990733954968367,-0.04472912990931282,-0.08086497328363881,1.4920464781450775,1.6428223162968192,-0.28651858202452785,-1.499016165922864,-1.4146374773252413,-0.04960183566559273,0,0,1,1,0,train
2ab764ca-d6de-4422-b2b2-1928e2d3b3af,0,1,1,0.15638706045386583,0.1528515018715038,-0.07468984525379188,0.7023583922122297,0.9849216754478846,0.13228197787040075,0.11069396621367487,-0.13847913833882305,-0.030122674910408407,0.726462588789806,-0.01955518796661063,0.24125857856474306,0.16946858119082736,0.16667061567917302,0.022708565204769365,-0.04472920220808893,-0.10790447535573515,1.5785663440025075,1.4811126716697298,-0.20297907410145286,-0.29966065286720234,-0.1888831642284758,-0.04960183536683867,1,1,0,0,0,train
2ab764ca-d6de-4422-b2b2-1928e2d3b3af,1,2,1,0.15639190669856282,0.15284843860340605,-0.0747051491888622,1.8597417793424291,-0.7198886884699163,0.13214498321233883,0.11067213541537457,-0.13814438453587857,-2.2492047733120804,-0.17201487820704453,-0.06988640898915398,-0.9881920223332346,0.17205482848899561,0.1666637285802383,0.042593949961305486,-0.0447291493527329,-0.1077428847059019,1.8783160021360719,2.3665938650520393,-0.5025291273910131,-2.682696199694281,-3.299832376200117,-0.04960183542381416,0,0,0,0,0,train
7b0d1724-f716-4703-8208-16ed8476e574,0,1,1,0.07234833116363505,0.06619471065475205,-0.04207715961892339,-1.1801335840859042,-0.5739834996002369,0.11184440443805158,0.092671277791877,-0.11898183911018238,-0.07789423433283335,1.4509532761402557,-0.7025016841069279,0.2326004757415207,0.14201904069776525,0.13993566284790054,0.017027864193836728,-0.04472921759101513,-0.03633059018959647,-0.37952150161631815,-0.49547109321048455,0.4241828350040493,0.8101600410619555,0.7547423123115086,-0.04960183509661174,0,0,0,0,1,train
7b0d1724-f716-4703-8208-16ed8476e574,1,2,1,0.08679983285001232,0.10376569387343988,-0.009933794659544946,-1.179798449662276,-0.3397398846717075,0.11776054411583686,0.09686415549042987,-0.12673743772125762,-0.3466967754350713,-0.19981337365639115,0.1941181061513517,0.2585747842111954,0.14534607239792138,0.15621752996273539,-0.08219387430981122,-0.04472948157956315,-0.0588132359363953,-0.2824683137947693,-0.44993345978917887,0.47747875404846746,1.0817750196286176,0.9748098467420994,-0.049601835593949824,1,1,0,0,0,train
7b0d1724-f716-4703-8208-16ed8476e574,2,3,1,0.024826055665105377,0.09258476531671664,0.10191756545779068,-0.12399677722188389,-0.06960792642249344,0.09861782389598409,0.09537556793132763,-0.0767409726814898,-0.11005211295875678,0.17173943936798214,0.25051315392081963,0.27589098985764393,0.16161198542278862,0.15286772156422104,0.06820400400285266,-0.044729081134220125,0.02569867392639186,-0.23268696588041538,-0.5250399430350798,-3.9357044435099673,1.8434319219940702,1.5887920946435552,-0.049601835823838814,1,1,0,0,0,train
7b0d1724-f716-4703-8208-16ed8476e574,3,4,1,0.132108586083199,0.13319144722025728,-0.05631747120186338,-1.019367248872277,-0.4289994981828444,0.1281579312751144,0.10647107116745907,-0.13575328594341796,-0.4558059483836017,0.4137327548197788,0.3604296083714023,0.24125857856474497,0.15826545939626438,0.15948545840724832,-0.00815716319828567,-0.04472928440020566,-0.05116461184428837,-0.31479272527498386,-0.467404027039994,0.4586472724784021,1.0055439661898264,0.9132392460729692,-0.04960183706870832,1,1,1,1,0,train
7b0d1724-f716-4703-8208-16ed8476e574,4,5,1,0.11931692320553541,0.131695040754515,-0.03187963755039498,-0.5651106107335443,0.8484649030438702,0.12397705726611348,0.10620091503849277,-0.12472047573208789,-0.03715197603543981,-0.43659437135350343,0.359040999024293,0.3105234011505429,0.16487671172690552,0.16044085207613357,0.03522193600748939,-0.044729168966447325,-0.05614160385915232,-0.2517856392464106,-0.3499493707455625,0.3590334220177123,0.6317677094583714,0.6088096091356138,-0.04960183502733678,0,0,0,0,0,train
7b0d1724-f716-4703-8208-16ed8476e574,5,6,1,0.14957202884874576,0.14779098297404988,-0.06876977303742009,-1.0782090741405053,0.7316036583660943,0.1312874981303957,0.1100540509384971,-0.1370416661261791,-0.409463751884418,-0.277251291409034,0.3606744705038757,0.024806007984115398,0.16583116923555558,0.1644464653398739,0.011854263943941937,-0.04472923108709484,-0.08019706526432806,-0.12338522249532201,-0.16135814843673837,0.2669250877611362,0.19819185406408715,0.24678127392895216,-0.04960183558201746,1,2,0,0,0,train
7b0d1724-f716-4703-8208-16ed8476e574,6,7,1,0.15118946301636094,0.14849553463652831,-0.07100159690184289,-1.316558839600772,0.36936758667554637,0.1315188668862336,0.11020550210170549,-0.13737079381478837,-0.16942365090515768,-0.30629051056627504,0.35891032130592637,-0.1570141513036152,0.16983285752472543,0.16450844923028615,0.04206633067236437,-0.04472915075557093,-0.07920597594535082,0.08278107438905488,0.16419284543252527,0.13783238154262462,-0.582425348805056,-0.450234633168373,-0.04960183535990703,0,0,1,1,0,train
7b0d1724-f716-4703-8208-16ed8476e574,7,8,1,0.15168983778132353,0.150468279291468,-0.06876977303742009,-0.9307074694711104,-0.24791696247523506,0.13120530133555852,0.11022187520043072,-0.13646780246398854,0.5947156357683832,0.05856108074889814,0.3384656019601127,0.03346411080733966,0.16989478067907118,0.16541372012359112,0.035605925601107646,-0.044729167930513285,-0.09860762663532911,0.4386706117247179,0.33426543887164123,0.1427745782060584,0.30963111558963585,0.34102631210881074,-0.04960183548454889,1,1,1,1,0,train
7b0d1724-f716-4703-8208-16ed8476e574,8,9,1,0.1554153883921225,0.15196162248911252,-0.0741261503120348,-1.4437121416360434,-0.630497285837942,0.1321673082677267,0.11054933717493534,-0.13845944693864987,0.27320899572270263,0.3668233152293171,0.35870542371839037,-0.0964074315410377,0.17079916452587374,0.16644334141432807,0.03465327966274175,-0.04472917045977837,-0.1078075209658352,0.6245925033249937,0.5161081549352139,0.08834712864957725,0.2386941726010423,0.2811257836232468,-0.04960183531641628,1,1,1,1,0,train
7b0d1724-f716-4703-8208-16ed8476e574,9,10,1,0.1562889239987521,0.15280402121598893,-0.07456231246153915,0.16889538736536425,-0.509420811010989,0.13226878579221701,0.1106885085140998,-0.13845382082431465,-0.008033349456096416,0.8746372025858915,0.35893442690446004,-0.1050655343642562,0.17182777692306125,0.1665420564990587,0.041784933718262446,-0.04472915150313864,-0.10606234194763615,0.8233813914145632,0.7848330870071429,-0.014793459739107407,-0.268783498718803,-0.16103534085677088,-0.049601835482405814,0,0,1,1,0,train
7b0d1724-f716-4703-8208-16ed8476e574,10,11,1,0.15638463733151733,0.15284843860340605,-0.07468984525379188,1.5826965312166903,0.08978570423255125,0.1322322538834005,0.1106844152394185,-0.13836098993778384,-1.627036416005207,0.3370395553322121,0.3500210646677159,-0.641867909404218,0.17192639527998224,0.16523427293468154,0.0525600920857487,-0.044729122856765946,-0.07113721616367745,1.1171491683424457,1.248110235810164,-0.17494365353545643,-1.2696877416607004,-1.1511508198591232,-0.049601835632379694,0,0,1,1,0,train
d7e082c8-4e58-4ae1-b806-2b6f864b8023,0,1,1,0.15638948357621432,0.1528515018715038,-0.07469494656548199,0.4066040976439238,-0.4719882973682453,0.13228908129711509,0.11069942391324995,-0.13848757751032587,-0.6029001285731737,1.0689761826569382,-0.19721979273815302,0.33649770962022335,0.17200895948577655,0.16663847588414443,0.04243566417462315,-0.04472914977345811,-0.10790447535573515,1.7088019686395755,1.542132177642342,-0.20093676801640226,0.035095681520955734,0.10687025805977338,-0.0496018355128947,1,1,0,0,0,train
d7e082c8-4e58-4ae1-b806-2b6f864b8023,1,2,1,0.15638706045386583,0.15284997023745492,-0.07469239590963693,1.2619946834107936,-0.692171412007109,0.13218557422213495,0.11068714408920603,-0.138225963193739,-2.2098294559748504,-0.9693518824598244,-0.28037903281638715,0.3451558124434476,0.17202272018674228,0.16661857982055533,0.042693611382549915,-0.044729149087829705,-0.10737661256627988,1.9450219995312592,2.090027653008713,-0.40956561452245016,-1.6360055390970918,-1.5817905542469926,-0.049601835477850284,0,0,0,0,0,train
173fe0a7-1691-4753-b214-987587b481a8,0,1,1,0.1563640407915552,0.1528423120672106,-0.07465668672780618,-0.1007788456233022,-0.036490684098726064,0.13228705174662528,0.11069260178878111,-0.13849601668182868,-0.23385010019126604,-1.0295400303958,0.21622738051169935,0.30186529832732056,0.17131480857039472,0.16668821604311723,0.036731513417515356,-0.044729164935047985,-0.10791524806572403,0.81283442280822,0.6321905258486231,0.08953226633207331,0.5806522869219622,0.5666934877939006,-0.049601835460487416,1,1,0,0,0,train
173fe0a7-1691-4753-b214-987587b481a8,1,2,1,0.15638827201504008,0.15284843860340605,-0.07469749722132704,0.7041751962769606,-0.20933643400419844,0.13230633247627843,0.11070488161282503,-0.13852414725350468,-0.3895398566889815,0.658208227788213,-0.49114569923747653,0.12004513903958995,0.17207241160689626,0.16668898127633222,0.04253532559586758,-0.04472914950855658,-0.1079367934857018,0.9502816376284958,0.8190643660765579,0.004832067753038835,0.20851677351790268,0.2555213777952582,-0.04960183552968801,0,0,0,0,0,train
173fe0a7-1691-4753-b214-987587b481a8,2,3,1,0.15638584889269158,0.15284997023745492,-0.07468984525379188,1.5068491156272832,-0.7133567204292486,0.13226980056746193,0.11069942391324995,-0.13843412942414146,-1.7960223135540931,-0.6373867479375532,0.36014668476756007,-0.6332098065810052,0.17207317609028325,0.16668132894418256,0.042599812397849275,-0.04472914933715095,-0.10772133928592413,1.154570507241243,1.293112710006398,-0.1882938881073351,-1.3187428693068162,-1.2059676047902304,-0.0496018355600085,0,0,0,0,0,train
00f04539-fe8d-4b1f-889c-2501f92c7472,0,1,1,0.15638948357621432,0.1528515018715038,-0.07469494656548199,0.3411240535805649,-0.7088822579991646,0.13227690399417624,0.11069669506346241,-0.13845944693864987,-0.6032736513106279,1.6897818496346,-1.5223235748684318,-0.027142608955237853,0.17207317609028325,0.16668783342650975,0.042549981687227054,-0.04472914946960079,-0.10790447535573515,1.0389213536906934,1.1479432975944819,-0.14441842796039467,-1.1360022629230642,-1.0055598717493759,-0.04960183532198368,0,0,0,0,1,train
c2910a17-6f15-4412-90cd-5e02583970e7,0,1,1,0.15638948357621432,0.15285303350555265,-0.07469239590963693,0.3200341068830773,-0.6964838006532271,0.13225051983780875,0.11068577966431226,-0.13840881190963306,-1.275497794060988,1.1928976570160337,0.0657608688225288,0.2499166813879673,0.17207317609028325,0.16668898127633222,0.04254118803241137,-0.04472914949297427,-0.1079367934857018,1.2116587987625882,1.2924543281584575,-0.18129175609827455,-1.0712112566026557,-0.9368502949903385,-0.04960183549688947,0,0,0,0,1,train
64bc3ddd-a718-4b1d-8ad9-99b9fc3e16b8,0,1,1,0.13176450270971382,0.15095380728495858,-0.026013129106769332,1.1020561496453556,1.8051075355535786,0.08332922005627343,0.10362624526395021,-0.017348896701935533,0.35874024100627444,-1.1409810385259285,-0.08518965791088315,0.2932071955040963,0.1644906476164784,0.16499245923875225,-0.002608367009588312,-0.044729269531880556,-0.07273157724203214,-2.8012148370538026,-2.554685691521754,0.8817373646815779,-0.15837440581700313,-0.03935868171828628,-0.049601835510501596,0,0,0,0,1,train
64bc3ddd-a718-4b1d-8ad9-99b9fc3e16b8,1,2,1,0.07519428836193319,0.13039162017892986,0.058839538890663026,0.41169218485597087,0.15664719806829897,-0.018954035978493364,0.0538561184139297,0.16357850114664077,0.41688080995346727,-0.5691322094107482,-0.3131829462735443,0.32783960679699525,0.17037831642133883,0.14615777411879033,0.18683333868471783,-0.04472876473491159,0.45295512479548067,-2.5335839438153718,-2.251238414466688,0.7879627244235968,-0.47778727583065717,-0.3377443592000674,-0.049601835477893146,1,1,0,0,0,train
64bc3ddd-a718-4b1d-8ad9-99b9fc3e16b8,2,3,1,0.12672440822486059,0.14863950823712174,-0.019256441773219616,1.1476294679028909,-0.3094855091447282,0.03701995175511877,0.07829296826133676,0.058794934710681084,0.3314270283790319,-1.4194594243466365,0.2978666991666014,0.35381391526666994,0.15156208681749161,0.16601174988108716,-0.10955972809622354,-0.04472955381873373,-0.09216554606197708,-2.2018579989691927,-2.0231681569332576,0.7490218747665816,-0.0413760755678504,0.045864499354288324,-0.04960183540650708,1,1,0,0,0,train
64bc3ddd-a718-4b1d-8ad9-99b9fc3e16b8,3,4,1,0.154423119790417,0.15229705034581423,-0.0714785695448681,0.5669105671416774,0.6760599236700398,0.12330629082923251,0.10516940981880323,-0.12498771616300995,0.20395503210726232,-0.3770266740340812,-0.04429450999855044,0.3364977096202195,0.17139660829280204,0.1665508566810308,0.03841110148731122,-0.044729160470949804,-0.10554525186816976,-1.952533561439772,-1.709223094990607,0.6420508612568085,-0.5237451256848571,-0.39116970426720105,-0.049601835073346943,0,0,1,1,0,train
64bc3ddd-a718-4b1d-8ad9-99b9fc3e16b8,4,5,1,0.15528696290765268,0.15259878225344087,-0.07279470796091629,0.3103313934541155,0.752611378827311,0.12777942010876553,0.10903073226817017,-0.1294267203734839,0.41395184445859273,-0.20055791439625512,0.11752066373711882,0.38844632655957084,0.17193518683893255,0.1666530153152288,0.04175855275381539,-0.04472915157322468,-0.10737661256627988,-1.609331528739313,-1.5110070680816021,0.6241745910304051,0.13934329306475243,0.1977987016553916,-0.04960183546138724,0,0,0,0,0,train
64bc3ddd-a718-4b1d-8ad9-99b9fc3e16b8,5,6,1,0.15590849379003963,0.15250994747860663,-0.07425113244844249,-0.5089913480358896,-0.6799068211913879,0.13008600424043038,0.10890656960283718,-0.13607678751769203,0.6216244402011026,0.21045839824430354,0.29153771083580665,0.3797882237363466,0.172037245371095,0.16666105026398595,0.04247963244870157,-0.044729149656589265,-0.10772133928592413,-1.3926434785179456,-1.2944140571445042,0.5591339036516837,0.03115833028883246,0.10427452264928261,-0.04960183555097128,1,1,0,0,0,train
64bc3ddd-a718-4b1d-8ad9-99b9fc3e16b8,6,7,1,0.15548323581788012,0.15249156787002024,-0.07338646011696896,0.44926478916886936,2.5171736829494646,0.1298992855953682,0.10966928311845418,-0.13398668604216468,-0.04987749600163574,0.3549097757654327,0.22166128990746836,0.3624720180898942,0.17204527244665832,0.16658835310856415,0.043098119504071435,-0.04472914801263137,-0.1055883427081253,-1.1558658679310847,-1.1268134293098628,0.5355557968365827,0.32414035774697253,0.35360664375280687,-0.049601835546055545,1,1,0,0,0,train
64bc3ddd-a718-4b1d-8ad9-99b9fc3e16b8,7,8,1,0.15634223269041883,0.1528101477521844,-0.07466433869534134,-0.38739614143846196,-0.4076320475621644,0.13222413568144128,0.1105152265525911,-0.1386873045692255,-0.06578153137628495,0.09355715840068751,0.2030841200901562,0.34515581244344573,0.1719726465248948,0.1666300583187798,0.04222168524077481,-0.04472915034221811,-0.10778597554585743,-0.972646307799161,-0.9263729113250042,0.46690404256679024,0.12723845260420213,0.18647781781190606,-0.04960183551513677,1,1,1,1,0,train
64bc3ddd-a718-4b1d-8ad9-99b9fc3e16b8,8,9,1,0.1563749448421234,0.15283465389696627,-0.07469239590963693,0.8206455220891096,-0.40994161250289857,0.13227081534270682,0.11069396621367487,-0.13844819470997946,0.004855660019473657,-0.4708457307402167,-0.5419197020436116,0.1373613446860423,0.17201431086948546,0.1665696048947975,0.043004320519370795,-0.044729148261948695,-0.10595461484774732,-0.7535264631286854,-0.6491275552241699,0.36732190948687393,-0.3170498277965681,-0.20439749761051834,-0.049601835523710024,0,0,1,1,0,train
64bc3ddd-a718-4b1d-8ad9-99b9fc3e16b8,9,10,1,0.15637009859742643,0.152837717165064,-0.07467709197456661,1.4191848127851623,-0.5416100639735918,0.1322596528150129,0.11068714408920603,-0.13843131636697384,0.1110159637657798,-1.2295877774773798,-0.09157827588015584,0.2499166813879673,0.17195391668191368,0.1665401434160213,0.042766891839347294,-0.044729148893041346,-0.10711806752654669,-0.45044423217468954,-0.27113749270712506,0.24462610241299054,-0.8569793777917626,-0.7171076323303381,-0.049601835591198816,0,0,1,1,0,train
64bc3ddd-a718-4b1d-8ad9-99b9fc3e16b8,10,11,1,0.15638584889269158,0.152837717165064,-0.07471025050055231,1.8484236014606137,-0.7173251688314419,0.1321338206846449,0.11067759311494965,-0.13810218867836457,-0.8111114315563877,-1.9213162091114957,0.16128564659066785,-0.027142608955232086,0.17192448407151478,0.16587171220274835,0.04766202635341205,-0.044729135880091156,-0.09005409490415602,-0.037228757487207234,0.3860133184660182,0.03901062092786743,-2.0446743758053043,-2.137812998830107,-0.049601835546279206,0,0,0,0,0,train
d8cfa0be-ece5-477b-9678-ec31734eb73a,0,1,1,-0.0857119396281807,-0.13873792508354524,-0.05059635014140585,-1.6082334444263238,-0.684537995762421,-0.0920087206343151,-0.1721526786895821,-0.09987274177067061,0.36715590982827695,1.3872902497011572,-0.1361082943082201,0.28454909268087203,0.09919421032567273,0.09214187455736701,0.05477316188102948,-0.04472911659848801,-0.033368094942653644,-0.7755229603777661,-0.7164080581909092,0.3995720080871697,-0.04711720690450271,0.035604894039352915,-0.04960183354469445,0,0,0,0,1,train
d8cfa0be-ece5-477b-9678-ec31734eb73a,1,2,1,0.1522289825038619,0.14828570077183365,-0.07353949946767224,-1.6107186830546019,-0.48298259748333816,0.12717461406280328,0.10475598907599115,-0.13656344640768697,1.0260196876387586,0.8465285705908743,0.24042432657663207,0.28454909268087397,0.09759911573872976,0.1653823455617775,-0.5185526135737419,-0.04473064117975521,-0.10441411731933706,-0.5239946974580464,-0.3684957200642981,0.27613945476585416,-0.7014147980702296,-0.5640360251674282,-0.049601835382935465,1,1,0,0,0,train
d8cfa0be-ece5-477b-9678-ec31734eb73a,2,3,1,0.1561471713413656,0.15277338853501163,-0.07431489884456885,-0.032290036781167916,-0.3682468721484228,0.1316457137918465,0.11053569292599764,-0.1370416661261791,0.2818615442288926,1.5306248161124905,0.28701981418431627,0.22394237291829452,0.17076782070700738,0.16662087552020022,0.03305283448628705,-0.044729174713214956,-0.10713961294652445,-0.14365993153510165,-0.01319649188033275,0.1794935518091089,-0.7399980417368428,-0.6016293988660899,-0.04960183550814375,1,1,0,0,0,train
d8cfa0be-ece5-477b-9678-ec31734eb73a,3,4,1,0.1559993608781079,0.15279329977764688,-0.07397056030548647,0.6056346700279699,-0.48823778292014636,0.13147320200021295,0.11059572762132348,-0.13643967189231254,0.9876657228001895,1.971796981494874,0.1595570214326629,0.2326004757415207,0.17200513706884163,0.16656654396193762,0.04295742102702047,-0.04472914838660899,-0.10556679728814754,0.2447501188574611,0.2780641595942983,0.11516168355995955,-0.3950774433456885,-0.27572416314816434,-0.04960183536671024,1,1,0,0,0,train
d8cfa0be-ece5-477b-9678-ec31734eb73a,4,5,1,0.15638948357621432,0.1528515018715038,-0.07469494656548199,-0.6937971581518676,-0.6374746048834515,0.13227893354466605,0.11068577966431226,-0.13848757751032587,1.1397051177719302,0.8679352707758426,0.3285689850463382,0.05078031645379971,0.17195085874836574,0.16665645886469616,0.04185235173851603,-0.04472915132390529,-0.10788292993575738,0.563153749776853,0.5242501285926509,0.061716635866509266,-0.14014407903822204,-0.046330010869933866,-0.049601835610227074,0,0,1,1,0,train
d8cfa0be-ece5-477b-9678-ec31734eb73a,5,6,1,0.15639190669856282,0.15284997023745492,-0.07470259853301715,1.8588280902570187,-0.7198864954086045,0.13215513096478787,0.1106707709904808,-0.1381753281647222,-0.905336425779168,1.5846077477820841,-0.2731847803698057,-0.027142608955226317,0.17204068554633642,0.1666507196155839,0.0425851563064898,-0.044729149376106225,-0.10777520283586856,0.8322821267602156,1.263298373541149,-0.20080966410886653,-2.305196506309214,-2.5546055609196343,-0.04960183545674811,0,0,1,1,0,train
b085cdd7-8cc0-4216-bc6f-d366118752a4,0,1,1,0.1563337517621991,0.15282546409267306,-0.07462097754597541,-0.26063235494385306,-0.06974793951370768,0.1321977515250738,0.11062983824366772,-0.13837786828078943,0.17654818209940848,1.1091014962641137,0.2909991410159365,0.30186529832732056,0.17204527244665832,0.1666843898770424,0.042362383717825774,-0.04472914996823514,-0.10789370264574626,0.1382778617077824,-0.028870372808514785,0.30705037816679204,0.8543387953802897,0.7906606754593112,-0.049601835637409636,1,1,0,0,0,train
b085cdd7-8cc0-4216-bc6f-d366118752a4,1,2,1,0.1563022511716688,0.15281627428837988,-0.07456996442907432,0.24901474181513633,0.23807512483856536,0.13213990933611433,0.11062847381877396,-0.1382203370794038,0.0893575520739935,-0.12196182215937945,0.11088591491966046,0.3105234011505467,0.17206858918996135,0.16667865062793016,0.0425851563064898,-0.04472914937610673,-0.1077428847059019,0.22761556747585762,0.13740175760092402,0.19749047343497841,0.33262614945136054,0.3603676351545439,-0.04960183553804737,1,2,0,0,0,train
b085cdd7-8cc0-4216-bc6f-d366118752a4,2,3,1,0.1562974049269718,0.15279789467979346,-0.07459036967583475,0.04621223473012445,-0.28187092522515744,0.13207293416995072,0.11059709204621726,-0.13809937562119695,0.38613656518084083,-0.7912695074059293,0.3489020574094697,0.3538139152666719,0.17206285556455897,0.16668285941061248,0.04250894463142053,-0.04472914957867707,-0.10786138451577962,0.40938282568608375,0.3343680761549469,0.13042210616753475,0.1482293697664673,0.20415871958423665,-0.04960183543090124,0,0,0,0,0,train
b085cdd7-8cc0-4216-bc6f-d366118752a4,3,4,1,0.15625500028587327,0.15280861611813554,-0.07448324213034245,0.4600931054012088,1.1378858747998142,0.1319663827692359,0.1105643458487668,-0.1378715179906213,0.05107977722123699,0.37691668869276634,-0.07173809957125178,0.34515581244344573,0.17206706022318738,0.16667903324453764,0.04257050021513032,-0.044729149415062584,-0.10771056657593525,0.6247047055174518,0.5837035559225344,0.04479937636541558,-0.15825493306975666,-0.0623585065421999,-0.04960183564010105,1,1,1,1,0,train
b085cdd7-8cc0-4216-bc6f-d366118752a4,4,5,1,0.15638221420916887,0.15284690696935718,-0.07468729459794683,-0.7115509743779564,0.44880572387639805,0.13227690399417624,0.11069533063856865,-0.13846225999581746,0.5400711508137173,0.032748559848158644,0.25201911947131644,0.34515581244344573,0.17206323780625246,0.16668592034347235,0.04248842610351726,-0.04472914963321515,-0.10789370264574626,0.8972761004967811,0.7941817158051206,0.0017218147808821095,0.06812133420990607,0.13539423324725725,-0.04960183524378199,0,0,0,0,0,train
b085cdd7-8cc0-4216-bc6f-d366118752a4,5,6,1,0.15639190669856282,0.15285303350555265,-0.07469749722132704,1.201022445513032,-0.49913217893160844,0.13228400742089055,0.11070351718793126,-0.13846507305298505,-0.043712089321678416,0.5539647130979211,0.277862858530811,0.3105234011505467,0.1720701181567353,0.16668285941061248,0.04256463777858653,-0.04472914943064495,-0.10781829367582409,1.127369008675574,1.0181281592817848,-0.0632944332738334,-0.011038487411399234,0.06685142100820782,-0.04960183559669355,0,0,1,1,0,train
b085cdd7-8cc0-4216-bc6f-d366118752a4,6,7,1,0.15639190669856282,0.15285303350555265,-0.07469749722132704,1.859437504044737,-0.7155893454714454,0.13215310141429806,0.11067895753984341,-0.13815282370738138,-1.0398197057270422,-0.005308407511960389,-0.07767568910480281,0.2326004757415188,0.17206706022318738,0.16666793736292063,0.04265550554501528,-0.044729149189118175,-0.10751665779613535,1.3721853282623102,1.6286979248116389,-0.29099086453131023,-1.8791688643617837,-1.900752660508271,-0.04960183553943965,0,0,1,1,0,train
be6dd3c2-4e9c-4f28-b896-65fb0f21a20e,0,1,1,0.1544170619845458,0.15048206399790778,-0.07448834344203256,-1.3193103191145306,-0.6098915633159274,0.1320668455184813,0.11042108123492103,-0.13844538165281187,0.1493538997425335,-1.6540067554428537,0.2932530144788325,0.3451558124434476,0.16897854733977036,0.1659092086302817,0.02478386774127107,-0.04472919669753372,-0.107548975926102,0.11133912068157928,-0.05222681467834752,0.31181321937358064,0.8462887187206504,0.7841167245181514,-0.04960183539801204,1,2,0,0,0,train
be6dd3c2-4e9c-4f28-b896-65fb0f21a20e,1,2,1,0.1563361748845476,0.15279789467979346,-0.0746719906628765,-0.8296813269471955,-0.31461726649672145,0.13227588921893133,0.1106885085140998,-0.13847351222448787,0.4159008409855117,-0.2482120722517929,0.24655666397202072,0.3711301209131223,0.17129416751894613,0.16667597231167777,0.036667026615533664,-0.04472916510648323,-0.10790447535573515,0.20208250676525147,0.023575888961975665,0.30024029736651325,0.8914276671971489,0.8207847988632518,-0.04960183560545876,1,1,0,0,0,train
be6dd3c2-4e9c-4f28-b896-65fb0f21a20e,2,3,1,0.1563276939563279,0.15280861611813554,-0.07463628148104573,-0.44198323774348225,0.2330683718323258,0.13225660848927817,0.1106844152394185,-0.13842850330980624,0.08880842177146206,-1.5371053824553287,0.10973899591574376,0.3278396067969972,0.1720601798727045,0.16667597231167777,0.04254118803241137,-0.04472914949297427,-0.1078721572257685,0.2849493682873536,0.17384012567931048,0.19651117694985018,0.4300034522352082,0.44183503551155706,-0.049601835682508255,1,2,1,1,0,train
be6dd3c2-4e9c-4f28-b896-65fb0f21a20e,3,4,1,0.15634102112924458,0.15282240082457532,-0.07464138279273584,-0.1680681408184705,0.25350123678247777,0.13228502219613547,0.11069533063856865,-0.13848476445315827,0.15000079874182734,0.6780635351439799,0.3135657873905673,0.3797882237363466,0.1720601798727045,0.16667252876221045,0.04256756899685843,-0.04472914942285368,-0.10775365741589078,0.4492169352446352,0.378817770487207,0.11523745867926778,0.10064532723778048,0.16338746411063865,-0.049601835407327065,0,0,1,1,0,train
be6dd3c2-4e9c-4f28-b896-65fb0f21a20e,4,5,1,0.15635313674098703,0.15283465389696627,-0.07464648410442595,-0.24604354130897174,1.0133883997375766,0.13228705174662528,0.11069533063856865,-0.13849039056749346,0.10916818634140175,-0.17002943623407393,0.3421556616093292,0.3797882237363466,0.17205673969746307,0.1666736766120329,0.042532394377595685,-0.044729149516347794,-0.1077428847059019,0.6732967278074296,0.5619479865942705,0.07546395450682575,0.23096305140524698,0.27457343616766133,-0.04960183536605154,0,0,1,1,0,train
be6dd3c2-4e9c-4f28-b896-65fb0f21a20e,5,6,1,0.15638221420916887,0.15284690696935718,-0.07468729459794683,0.4185808912764886,-0.13546965962454888,0.13230227337529882,0.11070488161282503,-0.13851289502483427,0.3333850912031114,0.4561745949206322,0.24622933531824806,0.33649770962022335,0.17205788642254355,0.16667750277810772,0.04251187584969242,-0.04472914957088597,-0.1078721572257685,0.873493099834774,0.8573613248442954,-0.04117802574888191,-0.4180597411069187,-0.2968580238918273,-0.04960183531823786,0,0,1,1,0,train
be6dd3c2-4e9c-4f28-b896-65fb0f21a20e,6,7,1,0.15638584889269158,0.15284997023745492,-0.07468984525379188,1.5609054565460099,0.8119441706878554,0.13224849028731894,0.11069805948835619,-0.13837786828078943,-0.8889933508978488,1.100993564773635,0.35086729804781813,0.3797882237363466,0.1720617088394785,0.16661169272162063,0.04304535757517732,-0.044729148152879254,-0.10608388736761391,1.196436412103713,1.3772034355019305,-0.2157809654308536,-1.5194128941596132,-1.4390213218891357,-0.04960183546789149,0,0,0,0,0,train
c2b2a271-1e60-474e-bc90-fdfe952b5557,0,1,1,0.15030744648151162,0.14648143586226928,-0.07249883188288996,-1.1965185391190243,-0.409055925188015,0.1264693452675956,0.1043766789555233,-0.13539040156879745,0.5258126978681787,-0.6882674265243804,0.26318191466596363,0.35381391526666994,0.1545378384013284,0.16570871752796057,-0.08441866897817957,-0.0447294870028695,-0.10810915684552393,-0.339033982002541,-0.5364185591597344,0.6490253035425799,1.3012912168978585,1.1516162935776009,-0.049601835409453884,0,0,0,0,1,train
c2b2a271-1e60-474e-bc90-fdfe952b5557,1,2,1,0.15390941785253773,0.15134131069932172,-0.07198870071387903,-0.5594191520801161,-0.4270998981523616,0.13048988478790183,0.10936092309246233,-0.13625963623358608,0.40339413136430724,-0.32118203546440316,0.007899185689645243,0.3018652983273244,0.17109387287155622,0.1665891183417791,0.03579645478878083,-0.04472916742070394,-0.10704265855662451,-0.3272317302369827,-0.5184786897013086,0.5912883246512954,1.2561039658985929,1.1152604349935253,-0.049601835521484935,1,2,0,0,0,train
c2b2a271-1e60-474e-bc90-fdfe952b5557,2,3,1,0.15590364754534264,0.15261256695988065,-0.0740700358834436,-0.45894734088311384,0.6474252933238255,0.1318740382219497,0.11040197928640826,-0.13795028359131412,0.8029781130203806,-0.8014458739060705,0.27885435985997126,0.21528427009506834,0.17197341100828178,0.16634003493030763,0.04444941112741506,-0.04472914442065582,-0.09945867072445087,-0.30762001974721137,-0.4186218039589838,0.3924865352330896,0.741054051605679,0.6983682135675316,-0.049601835459209424,0,0,0,0,0,train
c2b2a271-1e60-474e-bc90-fdfe952b5557,3,4,1,0.15591697471825933,0.15270140173471491,-0.07395015505872604,0.4144108091115214,0.7634359053593346,0.13195217591580724,0.11053842177578518,-0.1378855832764593,0.7219186892215076,-0.8371863147725117,0.03973760648974419,0.22394237291829452,0.17172457166581837,0.16607985563721914,0.04453441645730002,-0.044729144194485294,-0.09661467528738577,-0.19845733391345943,-0.22504431211295797,0.2818304429092362,0.1683866400313039,0.22140514234734607,-0.04960183548179315,1,2,1,1,0,train
c2b2a271-1e60-474e-bc90-fdfe952b5557,4,5,1,0.1558188382631456,0.1524165178016258,-0.07421797392245677,-0.6959261141443374,-0.04968076710135264,0.13201712153148104,0.11046610725641541,-0.1382147109650686,-0.005409770229115343,-1.2712850768383692,0.053055949679584345,0.3364977096202195,0.17146464731424366,0.16602284576270418,0.04297793955492374,-0.04472914833197163,-0.1060946600776028,0.0131599098027317,-0.08010175739947836,0.26776529057368226,0.4625280570251489,0.46891814880051114,-0.04960183555874145,0,0,1,1,0,train
c2b2a271-1e60-474e-bc90-fdfe952b5557,5,6,1,0.15580914577375166,0.1522893921755699,-0.07440927311083587,-0.9823427716913912,-0.42472162879462194,0.13205872731652207,0.11045655628215903,-0.13834973770911344,0.7713701736822342,-1.5333823237055844,0.21211737596171246,0.24991668138797116,0.17140769330191333,0.16603279379449873,0.0424649763573421,-0.04472914969556518,-0.10819533852543499,0.1716098599139098,0.0916864610382624,0.20695396362035523,0.29925227584894953,0.33229515038861457,-0.04960183609141894,0,0,1,1,0,train
c2b2a271-1e60-474e-bc90-fdfe952b5557,6,7,1,0.1563555598633355,0.15279942631384233,-0.07471025050055231,0.8426480788815902,1.029190895380436,0.13223834253486993,0.11067622869005588,-0.13839474662379503,0.32596009315474367,-1.1394918682835946,0.29383979549577,-0.16567225412683179,0.1714176315859441,0.16588280808436537,0.04369022559499424,-0.04472914643845753,-0.10060057798327247,0.35940725795864537,0.4094872867025658,0.07373480377097025,-0.5405914863996196,-0.4107924636905028,-0.04960183562664494,0,0,0,0,0,train
c2b2a271-1e60-474e-bc90-fdfe952b5557,7,8,1,0.15638100264799462,0.15284843860340605,-0.07468219328625672,1.78676210448425,-0.5642889979618788,0.13219572197458399,0.11068714408920603,-0.138254093765415,-1.1437416506356575,-1.5825256074221532,0.3485924907756692,-0.25225328235908784,0.17126779284209517,0.1657944236480368,0.04321829945321913,-0.04472914769296649,-0.10544829747826982,0.7068243782884351,0.8907502523420054,-0.08124464177537284,-1.3512128206582168,-1.2426842701145548,-0.04960183546853096,0,0,1,1,0,train
7076367b-f492-443b-98da-5bdb9e20655a,0,1,1,0.15477204940859915,0.1510028195745223,-0.074368462617315,-1.479352678732878,-0.11651183224767347,0.1312205229642321,0.10951919638013956,-0.13795872276281693,0.33126683339777524,0.7260489550454371,0.2327308344972617,0.30186529832732056,0.16278699638858365,0.1662260151812777,-0.025123054556014306,-0.044729329356999574,-0.10727965817637994,0.49859485997877273,0.42854888579376005,0.10011530067477538,0.0736538098126551,0.1401679078180892,-0.0496018354147556,1,1,0,0,0,train
7076367b-f492-443b-98da-5bdb9e20655a,1,2,1,0.1561556522695853,0.15272590787949678,-0.07441182376668093,0.06066358498583562,0.3113609099961059,0.1320678602937262,0.11056025257408549,-0.13816126287888417,0.6420868919103015,0.20152337679029933,0.29613299914574726,0.2932071955040963,0.17161066364115768,0.16665110223219137,0.039284604532335954,-0.04472915814900005,-0.1074951123761576,0.7276623539334037,0.6131747861903009,0.06104703872454936,0.22198880881518596,0.2669615970861308,-0.0496018355178488,1,1,0,0,0,train
7076367b-f492-443b-98da-5bdb9e20655a,2,3,1,0.15635192517981278,0.15282699572672193,-0.07465668672780618,-0.14247319333047073,0.278916594027029,0.13220992882801264,0.11065030461707426,-0.13836942910928662,0.9027178630492115,1.185215430984352,0.32204842064298655,0.3105234011505467,0.1720353341626275,0.16664000635057438,0.04262619336229633,-0.04472914926702902,-0.10681643164685796,0.9294937951198244,0.8719016242617508,-0.035288440404386036,-0.21199830216773957,-0.11015302351942764,-0.04960183557840068,0,0,0,0,0,train
7076367b-f492-443b-98da-5bdb9e20655a,3,4,1,0.15639069513738857,0.15284843860340605,-0.07470259853301715,1.8348449386544536,-0.7178098562201635,0.13215513096478787,0.11064757576728672,-0.13822315013657138,0.12665753024111884,1.6278358470476628,-0.29302178488942904,0.050780316453792024,0.17202424915351625,0.1664674462605995,0.04386316747303605,-0.04472914597904153,-0.10307830128071556,1.2123317419594046,1.470558378361697,-0.24769626923565374,-1.8347794615836701,-1.8401249420660435,-0.049601836187726685,0,0,1,1,0,train
0019535e-7ea8-4abc-8099-d30add22734c,0,1,1,0.08875408102406719,0.07290173615473712,-0.0654462684713139,-1.6994271856168017,-0.7089422983351541,0.1314559508210496,0.10958059550035917,-0.13848476445315827,-0.14304340425722098,0.7823070498342718,0.1663452848513092,0.31918150397377293,0.1391185907275464,0.1474104608916899,-0.06247850021304501,-0.04472942947538206,-0.12371881361941539,0.374003924475221,0.3169714574491,0.12911239958609916,0.05952701627141481,0.12799202396139375,-0.0496018355078104,1,2,0,0,0,train
0019535e-7ea8-4abc-8099-d30add22734c,1,2,1,0.15613990197432015,0.15268608539422623,-0.07444498229266663,-0.5098031804259023,0.9630629111458953,0.13228908129711509,0.11070078833814372,-0.13848476445315827,0.5656197488984954,1.5395600150917068,-0.05925203388867861,0.2585747842111935,0.15281354612198508,0.16656156994604035,-0.10417508013075231,-0.04472953947146338,-0.10779674825584631,0.6056868720627178,0.5191363394178429,0.07874456640643716,0.1173292964810946,0.1777021816327626,-0.04960183537390334,0,0,0,0,0,train
0019535e-7ea8-4abc-8099-d30add22734c,2,3,1,0.15636525235272944,0.1528331222629174,-0.07467454131872156,0.4564504337522413,0.03633627205946092,0.13229922904956412,0.11070761046261257,-0.13849882973899627,0.4927837543442524,1.3593680191789244,0.30945451412486813,0.3105234011505467,0.17194588960635035,0.16657802246016212,0.04241514564671989,-0.0447291498279998,-0.10750588508614647,0.8266917765609303,0.8424216475929928,-0.04352947935656966,-0.5702019094441896,-0.43870410160215156,-0.049601835544625904,0,0,1,1,0,train
0019535e-7ea8-4abc-8099-d30add22734c,3,4,1,0.15638827201504008,0.15284843860340605,-0.07469749722132704,1.6539042880115002,-0.7112154941601313,0.13217542646968594,0.11069260178878111,-0.1381865803933926,-1.2566898633438524,0.876125929015195,0.3385429936185628,-2.2003264175847694,0.1719623259991705,0.1663297042819056,0.04444354869087127,-0.04472914443623085,-0.10094530470291672,1.1801044858462695,1.4670343558395411,-0.24865623068096623,-1.9304054637753414,-1.9722200289513685,-0.049601835537185196,0,0,0,0,0,train
5c15361c-342d-4acd-9330-befe5a97543b,0,1,1,0.15622349969534294,0.15274428748808316,-0.07452405262386333,-0.42370967183335684,-0.574553146596895,0.1320455352383383,0.11051249770280357,-0.13819783262206298,0.26349276283156925,1.4513789815990525,-1.663876724320858,0.27589098985764776,0.16801759172233097,0.16665263269862132,0.011719427903434766,-0.04472923141744716,-0.10789370264574626,0.5299926808832001,0.549181380203315,0.040002274397744786,-0.451359631993525,-0.3275869649284989,-0.049601835388779165,1,1,0,0,0,train
5c15361c-342d-4acd-9330-befe5a97543b,1,2,1,0.15637252171977492,0.15284690696935718,-0.07466688935118639,-0.2456375172149236,-0.3551334091340378,0.13226777101697212,0.11069123736388733,-0.13844538165281187,0.5665753963936251,0.22598865885583908,0.06288722773417557,0.24991668138797307,0.17203686312940147,0.16668400726043492,0.042300828134115974,-0.04472915013184958,-0.1078721572257685,0.859536755890549,0.7668268029054938,0.006360592671108966,0.025905257523355648,0.09891858686813966,-0.04960183546470332,0,0,0,0,0,train
5c15361c-342d-4acd-9330-befe5a97543b,2,3,1,0.15638463733151733,0.15284690696935718,-0.07469239590963693,1.716431998494911,-0.715154041256398,0.13218354467164514,0.11067622869005588,-0.1382428415367446,-1.3643051777242112,0.8323013450367068,0.31996011458054535,-0.5639449839951978,0.17206820694826785,0.1666664068964907,0.042676024072918546,-0.044729149134579815,-0.10744124882621317,1.0974648539377911,1.360341888182601,-0.2177482743795401,-1.8153576196488528,-1.813957952170302,-0.04960183609408034,0,0,1,1,0,train
62527d61-1cc5-4bfa-8fda-8dd3fcf5e45d,0,1,1,0.15053158529874666,0.1512739188011716,-0.06498970107504913,-0.6787227988291796,0.40190503910617986,0.13114745914659906,0.11017002705446749,-0.13641435437780414,-0.2053771197713658,-0.3064557865388104,-0.7456272342414791,0.3105234011505467,0.1701038668854114,0.16461519926377394,0.04332675452927925,-0.04472914740427001,-0.08811500710615706,-0.6713384793313881,-0.8081706582769967,0.5790539957201952,1.0976248994032607,0.9876197676829523,-0.04960183567980533,1,2,0,0,0,train
62527d61-1cc5-4bfa-8fda-8dd3fcf5e45d,1,2,1,0.15273299195234724,0.1512249065116079,-0.06970586373255513,-0.26190135557369626,-0.48466203498052396,0.1313920199806207,0.11027372334639395,-0.13687850881045824,-0.4270704706802572,-0.6547606078775312,0.2240420349415941,0.2672328870344178,0.1700014261115555,0.16634539156281242,0.029286219006901888,-0.04472918472646921,-0.10538366121833652,-0.6243087800575602,-0.6991720596667336,0.4594879365499143,0.6841467052981702,0.6518441925760284,-0.04960183529905536,1,1,0,0,0,train
62527d61-1cc5-4bfa-8fda-8dd3fcf5e45d,2,3,1,0.15319823144325675,0.15128157697141595,-0.0705909413107891,-0.02290508603011514,2.2720615432487943,0.1312276263909464,0.1103160205181008,-0.1363355887771113,-1.1127656153707997,0.5746479980432743,0.3596975594054068,0.32783960679699525,0.17172992304952725,0.1664291845998512,0.04189925123086635,-0.044729151199306615,-0.10569606980801413,-0.5051524525999322,-0.5542869699860075,0.3948979499357641,0.4628156404517692,0.46921059994492165,-0.04960183549161703,1,1,1,1,0,train
62527d61-1cc5-4bfa-8fda-8dd3fcf5e45d,3,4,1,0.15388518662905287,0.15202595111916492,-0.07079754443423851,0.21232129889429316,-0.035283473818873486,0.13167311272345888,0.11035285999023256,-0.1374945683301628,0.3227267146804111,0.46792268088676914,0.33297840650442717,0.25857478421119734,0.17181363398040203,0.1664379847818233,0.04247377001215778,-0.04472914967217792,-0.10473729861900355,-0.3467653227666975,-0.501304245972389,0.47608432596654954,1.0348431818756694,0.9369202787799287,-0.04960183555271112,0,0,0,0,0,train
62527d61-1cc5-4bfa-8fda-8dd3fcf5e45d,4,5,1,0.15414809540386373,0.15227867073722784,-0.07093017853818136,0.28525500876069326,1.1963722830693182,0.1317157332837448,0.11052750637663503,-0.13725264541374915,0.4519444851101278,2.039017613185969,0.3599760425042561,0.31052340115054866,0.17182242553935237,0.16640928853626208,0.042761029402803505,-0.04472914890861214,-0.10373543659003742,-0.28884506606011817,-0.30750765527156687,0.30384228021721427,0.16706644397192036,0.22029010407530553,-0.04960183572288375,0,0,0,0,0,train
62527d61-1cc5-4bfa-8fda-8dd3fcf5e45d,5,6,1,0.14938544842791227,0.1519493694167216,-0.06145194141795835,0.9565678871452116,0.5798389250554918,0.1309049278630672,0.11026417237213756,-0.1355479327701831,0.4027358079761005,1.9140913461259603,0.3439623127836404,0.2932071955040963,0.17179375741234046,0.16573550069048437,0.04770306340921858,-0.044729135770709895,-0.08756559889672404,-0.07698830536645611,-0.06851793206589946,0.22293769194396454,-0.09863570524501768,-0.009706864293858425,-0.04960183564244179,0,0,1,1,0,train
62527d61-1cc5-4bfa-8fda-8dd3fcf5e45d,6,7,1,0.15423775093075776,0.15177476313515084,-0.07195809284373837,-0.2214331725768022,1.336874426373085,0.13179184142711253,0.11039242831215187,-0.13774211736091166,0.4625948164230161,0.35540595873346315,0.35788837079967095,0.30186529832732056,0.17112062979010068,0.16486390005863794,0.04921850325578833,-0.04472913173967296,-0.07076017131406655,0.1842731978123654,0.27628446130857515,0.10387581022752201,-0.6849164182817556,-0.5482088889380395,-0.0496018353618734,0,0,1,1,0,train
62527d61-1cc5-4bfa-8fda-8dd3fcf5e45d,7,8,1,0.15489684020954625,0.15200297660843193,-0.07296560190253495,-1.1153644868085362,-0.5568086974774588,0.13199885557707278,0.11051659097748487,-0.13805999282085055,0.9548884533878594,-0.005308407511960389,0.3587999430389565,0.2932071955040963,0.17024988321232543,0.16601213249769464,0.033744601998454284,-0.044729172876700196,-0.10502816178870339,0.5612081989678223,0.5665323390851962,0.03807130985985594,-0.38944177758837367,-0.27056995348674406,-0.04960183555004729,1,1,0,0,0,train
62527d61-1cc5-4bfa-8fda-8dd3fcf5e45d,8,9,1,0.1563192130281082,0.15277645180310934,-0.0746719906628765,-0.4187552715340192,-0.1302043312912651,0.13226777101697212,0.11067349984026834,-0.13848195139599068,0.36691375696687206,1.512010232464618,0.33888237507160235,0.2326004757415207,0.17139699053449553,0.16645711561219748,0.03913218118219741,-0.04472915855441645,-0.10577147877793631,0.87850467441972,0.9057681552569141,-0.06380455602386106,-0.655457568089589,-0.5198794545778596,-0.049601835505062614,0,0,1,1,0,train
62527d61-1cc5-4bfa-8fda-8dd3fcf5e45d,9,10,1,0.15638584889269158,0.15284843860340605,-0.07469239590963693,1.7183482854761214,-0.6922138511195585,0.13220992882801264,0.11068168638963095,-0.1383047287944318,-0.4026903231746505,0.993275881681069,0.3304498560898188,0.31052340115054866,0.17184153762402699,0.16446521355364058,0.05780111035589708,-0.04472910891815876,-0.05147702043396597,1.2493543414108221,1.3716589519180433,-0.2083859397729891,-1.2816547396000266,-1.1644522010741791,-0.04960183565401025,0,0,0,0,0,train
c496dfbd-9795-473a-87d8-872a28e3a9ea,0,1,1,0.15638948357621432,0.1528515018715038,-0.07469494656548199,1.0529789179065239,-0.68055611648195,0.1322322538834005,0.11068714408920603,-0.13835536382344862,-1.693461610437278,-0.06156685735121946,-0.13868378720418348,0.3018652983273186,0.17207317609028325,0.16668898127633222,0.04254118803241137,-0.04472914949297427,-0.1079367934857018,1.501005580478032,1.5125439621393788,-0.23336425310127829,-0.8496492920141664,-0.7099167853395666,-0.04960183554831201,0,0,0,0,1,train
a83c6261-97df-4c57-b237-290d3deaca79,0,1,1,0.15386216696674224,0.15136122194195697,-0.07185606660993618,-0.33930230156600133,-0.7007470125280459,0.12525871840042616,0.10439987417871738,-0.13198660239600057,0.4366742214025035,1.51424385468421,-0.2585945496783876,0.24991668138797116,0.14981868245347366,0.16477895917177668,-0.11348462936229103,-0.04472956433186969,-0.09860762663532911,-1.9399346733328091,-1.7116465581607703,0.6458925227756993,-0.44725046358896325,-0.3201838244266483,-0.04960182888055354,1,2,0,0,0,train
a83c6261-97df-4c57-b237-290d3deaca79,1,2,1,0.1524288900976121,0.15207343177467977,-0.06765258577728615,0.19290357154561177,0.8766507787541223,0.12473407959881122,0.10910850448711502,-0.12082439155496087,1.3091303063828863,0.7897528122833358,0.1925848632130405,0.20662616727184216,0.17016502555637017,0.16485280417702092,0.04197546290593562,-0.04472915099709806,-0.09073277563345564,-1.6119808377650005,-1.5167250033503152,0.6270751799818899,0.15897178233347417,0.2145649347763653,-0.04960183438044349,0,0,0,0,0,train
a83c6261-97df-4c57-b237-290d3deaca79,2,3,1,0.15452489092905347,0.15223272171576185,-0.07179995218134498,-0.9398129077545491,0.49942645299522126,0.12869170305393346,0.1097484197622928,-0.13047599069699897,1.1486303466060996,1.964723666940954,0.1303657759662721,0.1027289333931395,0.17023879820321416,0.16518376754249378,0.040005684227222144,-0.04472915623390546,-0.0813174271031719,-1.3988942760139433,-1.4233358356841643,0.667462116040316,0.7809172775873058,0.7312837356244934,-0.04960183631487777,0,0,0,0,0,train
a83c6261-97df-4c57-b237-290d3deaca79,3,4,1,0.154189288483788,0.15168899162841434,-0.07199890333725925,-1.2045195767607861,-0.6258565166351076,0.1303559344555746,0.10891066287751848,-0.13681662155277102,1.2753521212626229,2.205227368337386,0.21919554092061871,-0.12238174001070663,0.1705694372680849,0.16509882665563255,0.043191918488772074,-0.044729147762909316,-0.07541398202926401,-1.2968020437714691,-1.1902465754704536,0.5254575958689987,-0.06514460877310847,0.02032178220412447,-0.04960183514788371,1,1,0,0,0,train
a83c6261-97df-4c57-b237-290d3deaca79,4,5,1,0.15621623032829748,0.15266770578563985,-0.07463628148104573,-1.1068963002655832,-0.38309716911809044,0.13218963332311456,0.11063666036813657,-0.13834129853761062,1.3193737170953266,0.9945167829141756,-0.3125644473637994,-0.0011683004855593047,0.17048457961212965,0.16481569036609506,0.04471028955361372,-0.04472914372583596,-0.08173756279273833,-1.0419908758206735,-1.1655086829994517,0.7303846034008463,1.2130680708204353,1.0806639244810325,-0.04960184079859888,1,1,1,1,0,train
a83c6261-97df-4c57-b237-290d3deaca79,5,6,1,0.15624651935765357,0.1526922119304217,-0.07465923738365123,-0.9185284190848136,-0.3449100890839901,0.13214701276282864,0.11062847381877396,-0.138240028479577,0.4549488721437841,1.3400085397407637,-1.2983178599895209,-0.2955437964752149,0.1702017207589454,0.16484936062755357,0.042283240824484605,-0.04472915017879294,-0.1002666239736171,-1.0149476252333327,-1.1252942354980404,0.6704437227542219,1.1152808399041685,1.0019006137631696,-0.04960183423269918,0,0,0,0,0,train
a83c6261-97df-4c57-b237-290d3deaca79,6,7,1,0.15621501876712324,0.15274581912213203,-0.0745036473771029,-0.2654094771176204,-0.20861083997422744,0.1322352982091352,0.11066531329090572,-0.13840881190963306,1.3181742700851966,0.6453017898126311,0.2723033462795245,-1.2392770042067611,0.17023535802797274,0.16427352263329154,0.04695267153161344,-0.0447291377628706,-0.08164060840283838,-0.9709855382331192,-1.0286566078749058,0.5589093305607589,0.7609644769198243,0.7147516675742254,-0.049601835168510855,0,0,1,1,0,train
a83c6261-97df-4c57-b237-290d3deaca79,7,8,1,0.15622349969534294,0.15273969258593656,-0.07453170459139849,-0.273957131304811,-0.653485385419436,0.13223732775962502,0.11067622869005588,-0.13839193356662743,1.1080801625333503,0.23130695916219218,0.3499563601663887,-0.46004775011649124,0.16966008427926696,0.16441164722859294,0.04148301823625725,-0.044729152306580346,-0.0948156327192423,-0.8653421175964587,-0.7885303058891213,0.41555909442689176,-0.10546008082974859,-0.015491142993981305,-0.04960183553880731,0,0,0,0,0,train
a83c6261-97df-4c57-b237-290d3deaca79,8,9,1,0.15632648239515365,0.1528193375564776,-0.0746158762342853,1.2983167378299856,-0.7121891533261722,0.13222210613095148,0.11068714408920603,-0.13832723325177262,0.2693933372846092,0.9141007022020768,0.34376819927965896,-0.8583204799848514,0.16979807353061765,0.16395250729961325,0.04605864995868545,-0.044729140139599936,-0.0806818372138278,-0.6028381163026912,-0.574134974889011,0.36706516439421405,0.0448774380077245,0.11545895919832495,-0.04960183548664222,0,0,1,1,0,train
a83c6261-97df-4c57-b237-290d3deaca79,9,10,1,0.15637615640329763,0.15283618553101513,-0.07469239590963693,1.3763167393020024,0.4790745941507057,0.1322941551733396,0.11069123736388733,-0.13851852113916946,0.6015404399956106,-0.3658578528352729,0.35965505742904486,0.07675462492346864,0.169339383498427,0.16400377792501597,0.04214840478397743,-0.04472915053742666,-0.1079367934857018,-0.3684629904592821,-0.2869500758393532,0.2676625548302279,-0.3724977402439675,-0.2549818368341693,-0.04960183572275819,1,1,0,0,0,train
a83c6261-97df-4c57-b237-290d3deaca79,10,11,1,0.15638100264799462,0.15284078043316174,-0.07469494656548199,1.69016462417882,-0.6304004314565623,0.13226574146648232,0.11069123736388733,-0.13843975553847665,0.5430450314367107,-0.534881027549247,0.3461939837215713,-0.6158936009345414,0.16939060388535496,0.16337858238838862,0.047330798688687906,-0.04472913675565684,-0.09033418536386696,-0.05451493692142004,0.13716491300428638,0.1280450397860785,-1.0854965016705567,-0.9518466874341298,-0.04960183856867685,0,0,1,1,0,train
a83c6261-97df-4c57-b237-290d3deaca79,11,12,1,0.15638100264799462,0.15284078043316174,-0.07469494656548199,1.8532423726644907,-0.7197824609179108,0.13221297315374733,0.11068168638963095,-0.13831316796593462,1.953906384713872,-2.19681628218585,0.3530932597650436,-3.4124608128362905,0.1687660209581887,0.1620841904052734,0.052457499446232375,-0.044729123116572386,-0.0714927155933106,0.4091239092167589,0.9314178428001695,-0.11434869300592053,-2.4601566513322592,-2.8355533388439116,-0.049601837766572475,0,0,0,0,0,train
db55fd64-ebc4-46cb-8b01-7ef1b25edbd0,0,1,1,0.1561411135354944,0.15265545271324893,-0.07449854606541279,-0.6433789571223556,-0.20168622287054055,0.13195826456727666,0.11046337840662787,-0.13805717976368295,0.1300923046078435,1.4911613164963051,-0.7295614871766594,0.27589098985764393,0.17203304071246656,0.16666946782935058,0.04238290224572904,-0.04472914991369799,-0.10759206676605754,-2.631044991356272,-2.5089967959079305,0.9170801341839517,0.5127768557654423,0.5203235707664069,-0.04960376586629968,1,3,0,0,0,train
db55fd64-ebc4-46cb-8b01-7ef1b25edbd0,1,2,1,0.15591334003473659,0.15260337715558747,-0.07410574506527437,0.06503953852243292,0.9545804342365616,0.13125198099682409,0.1103474022906575,-0.1363384018342789,-0.07575666878453868,0.059305799013974286,-0.12112349303027756,0.3018652983273244,0.17205368176391514,0.16662508430288253,0.0428812093519512,-0.044729148589191144,-0.10642861408725818,-2.4836372373773905,-2.363822051374053,0.8744197908694908,0.4523078415175725,0.4677364879636145,-0.04960161942533407,1,3,0,0,0,train
db55fd64-ebc4-46cb-8b01-7ef1b25edbd0,2,3,1,0.1560272267851155,0.1526523894451512,-0.07426388572766776,0.06416922485179988,0.8763253836698907,0.13175733906878584,0.11035285999023256,-0.13772805207507366,-0.06255040194992863,-0.38149445104890156,0.3134205194415093,0.28454909268087203,0.17200934172747004,0.16664574559968662,0.04238290224572904,-0.04472914991369955,-0.10757052134607978,-2.3249334593581072,-2.289361492145834,0.9140197071853654,0.8963572324122487,0.8276152425344101,-0.049601797125732226,0,0,1,1,0,train
db55fd64-ebc4-46cb-8b01-7ef1b25edbd0,3,4,1,0.15573039429742583,0.15257733937675674,-0.07376395718203706,-0.3547798796076524,-0.6379541822740753,0.13141028593502896,0.11026144352235002,-0.13695446135398345,-0.12053885649742294,0.8530437458777145,0.3574424172267985,-0.18298845977329184,0.17202998277891862,0.16658223124284444,0.04302777026554595,-0.04472914819962082,-0.10598693297771397,-2.2435338185260245,-2.2525027124828125,0.9684229199614476,1.1350472658275108,1.0189782843495332,-0.04960183813880744,1,1,1,1,0,train
db55fd64-ebc4-46cb-8b01-7ef1b25edbd0,4,5,1,0.15435769548700787,0.152185241060247,-0.07152703200592414,-0.5289509443721633,-0.22159480972583745,0.129063110793568,0.10976888613569934,-0.13146337376282682,0.17734021640832048,0.785285567844152,0.36139700410202896,-0.2955437964752188,0.17196653065779893,0.16655506546371313,0.04274930452971592,-0.04472914893979065,-0.10637475053731375,-2.2032401186508594,-2.150682973233815,0.8507144492607414,0.725412018052247,0.6883788560951531,-0.04960181210143462,0,0,1,1,0,train
db55fd64-ebc4-46cb-8b01-7ef1b25edbd0,5,6,1,0.15569768214572124,0.15210865935780368,-0.07447559016280729,-1.4964033169039808,-0.6599758497174333,0.13169645255409165,0.10994353252210179,-0.13840318579529784,0.8211295780062369,0.4241570352787231,0.361401444607022,-0.5899192924648744,0.171939391497561,0.1665466478983485,0.042605674834393065,-0.04472914932156505,-0.1061592963375361,-2.0919316583009717,-1.9783889116077338,0.759886826003894,0.2921761265197091,0.32972081235670103,-0.049601832173415156,0,0,1,1,0,train
db55fd64-ebc4-46cb-8b01-7ef1b25edbd0,6,7,1,0.155835800119585,0.15224497478815277,-0.07453935655893366,-1.5981506026733303,-0.7137991935797035,0.13167209794821397,0.11010044138488526,-0.13801217084900133,0.1794273672322705,0.938671611768861,0.36077913955014024,-0.8063718630455078,0.17193098218030414,0.16654779574817094,0.042532394377595685,-0.04472914951634828,-0.10647170492721371,-1.9035812768476363,-1.9001907622560534,0.8100693441731034,0.8750435852002424,0.8085938923920971,-0.0496018163587003,0,0,1,1,0,train
db55fd64-ebc4-46cb-8b01-7ef1b25edbd0,7,8,1,0.15620290315538082,0.15267383232183532,-0.07459802164336991,-1.283874142802742,-0.7049491796288587,0.1321003331015631,0.11046747168130919,-0.13844256859564424,-0.42871220194251725,0.9401614033494377,0.36150801672685495,0.16333565315572085,0.17193212890538462,0.1666005968400036,0.04213667991088985,-0.04472915056816866,-0.10762438489602419,-1.818095734744052,-1.7890326670262084,0.7483308179663046,0.6693061979804724,0.6408540786321899,-0.04960181091667036,1,1,0,0,0,train
db55fd64-ebc4-46cb-8b01-7ef1b25edbd0,8,9,1,0.15635071361863853,0.1528193375564776,-0.07466688935118639,-1.1608690194269655,-0.10373150855604539,0.13225254938829856,0.11065712674154311,-0.13847351222448787,0.39307745199155514,1.2819301014262816,0.3561432523374061,0.26723288703441966,0.17198487825908654,0.16661590150430294,0.04242393930153557,-0.04472914980462408,-0.10776443012587966,-1.696578664216079,-1.4357764078666804,0.5610217691053235,-0.731618786252554,-0.5912323173616759,-0.04960182651971758,1,1,1,1,0,train
db55fd64-ebc4-46cb-8b01-7ef1b25edbd0,9,10,1,0.15634102112924458,0.15281780592242875,-0.074649034760271,-0.19010565690047326,-0.6482522333692287,0.1322281947824209,0.11064757576728672,-0.13842569025263865,0.18622765604920705,0.5313788904536831,0.3517287560164679,0.3624720180898942,0.17200016792682624,0.16659753590714374,0.042681886509462336,-0.04472914911899345,-0.10738738527626876,-1.31040196993236,-1.046913245924657,0.4507446886639175,-0.912824229949313,-0.7724430287924761,-0.049601812552643204,0,0,1,1,0,train
db55fd64-ebc4-46cb-8b01-7ef1b25edbd0,10,11,1,0.15636282923038097,0.1528423120672106,-0.07465413607196111,-0.6259072968904034,1.5501491105661085,0.13224646073682914,0.11067349984026834,-0.13842287719547106,0.20309536515518745,0.0853665001613351,0.3591919761940564,0.3711301209131185,0.1719818203255386,0.16659791852375125,0.042538256814139475,-0.04472914950076555,-0.10785061180579072,-0.8853001167768879,-0.7136306506424928,0.3715454409802113,-0.6241467218135015,-0.4895823124958734,-0.04960183396886802,0,0,0,0,0,train
db55fd64-ebc4-46cb-8b01-7ef1b25edbd0,11,12,1,0.1563058858551915,0.15282699572672193,-0.0745597618056941,0.7305014834698389,1.4660999989208197,0.1321368650103796,0.11065849116643688,-0.1381500106502138,0.030063064449770718,-0.07472147557342271,0.341851804196234,0.3105234011505467,0.1719822025672321,0.1665898835749941,0.042602743616121166,-0.044729149329357475,-0.10771056657593525,-0.5209584594922194,-0.4615617355551302,0.32419485503108414,-0.1740670035784724,-0.07626951031504209,-0.04960183995848049,1,1,1,1,0,train
db55fd64-ebc4-46cb-8b01-7ef1b25edbd0,12,13,1,0.15639190669856282,0.15285303350555265,-0.07469749722132704,1.3329540566115299,-0.21005161100535663,0.1322941551733396,0.11069669506346241,-0.13850726891049908,1.1607251058121273,-0.5073307123465218,0.33494618457420017,0.3105234011505467,0.17197417549166877,0.16659753590714374,0.04248256366697347,-0.04472914964879963,-0.1079367934857018,-0.2453988966079801,-0.08466554788769573,0.1948195937513387,-0.851358446202699,-0.7115406825474548,-0.04960200410327538,0,0,1,1,0,train
db55fd64-ebc4-46cb-8b01-7ef1b25edbd0,13,14,1,0.15639190669856282,0.15285303350555265,-0.07469749722132704,1.857429934474219,-0.7190256386235538,0.13215208663905315,0.11068305081452472,-0.13814157147871098,3.3597079750021237,-1.6167770555714724,0.356693240598687,0.34515581244344573,0.1719818203255386,0.16657266582765734,0.04273171722008455,-0.04472914898653995,-0.1072365673364244,0.16662076353289604,0.8562367771343963,-0.09923443423884645,-2.799292988623186,-3.5818816955158734,-0.04960322397186966,0,0,1,1,0,train
6d024430-bcff-468a-b0fa-1272a2a0e2a8,0,1,1,0.1495902022663594,0.1474861877983255,-0.06931561338826178,-0.08510316494102603,0.05062740759436746,0.12926099196632412,0.10900071492050725,-0.1335956710958682,0.11391315514978194,-0.22140647531414376,-0.3246515019548551,0.28454909268087203,0.16547836015246226,0.16537201491337547,0.002058132479268631,-0.044729257118715254,-0.10033126023355039,0.24757901195533621,-0.01280108619916799,-4.184367499039742,1.383472025260043,1.2177172723585576,-0.04960183523624256,1,2,0,0,0,train
6d024430-bcff-468a-b0fa-1272a2a0e2a8,1,2,1,0.15139663997715658,0.1477848564378544,-0.07262126336345258,-0.8891229629884279,-0.5100271574742871,0.13089173578488347,0.10951373868056448,-0.1370585444691847,-0.0859495768041893,0.07345296069745065,0.23701465309983327,0.3538139152666719,0.17075750018128308,0.16548488681258297,0.04167647864220233,-0.04472915179179683,-0.10835692917526824,0.2451823729361758,-0.01414256559911584,-4.236678532128114,1.3780885254062905,1.2133871090632795,-0.04960183574631717,1,1,0,0,0,train
6d024430-bcff-468a-b0fa-1272a2a0e2a8,2,3,1,0.14928731197279854,0.14759646544984387,-0.06849430220615418,-0.21443570392221575,-0.25780070109260206,0.1302920036151457,0.10955603585227133,-0.13530882291093704,-0.20385700737717183,-0.36287968987581704,0.35614134926383767,0.35381391526666994,0.1708702614808633,0.16536780613069316,0.04343814082361126,-0.044729147108389905,-0.10452184441922588,0.24371587923170723,-0.06932389870152565,-3.8491800238384655,1.7181862112646005,1.4873889859563658,-0.049601835177977865,1,1,1,1,0,train
6d024430-bcff-468a-b0fa-1272a2a0e2a8,3,4,1,0.14034477894570677,0.14530973581488663,-0.05347604059047253,0.4995457426172948,0.4723922072334587,0.1269960136197003,0.10869781259409048,-0.1279414261889907,-0.8261529576537482,-0.14992559358126142,0.3561673579359398,0.3711301209131223,0.17075329552265467,0.1648237253148522,0.04670938041504615,-0.04472913841073012,-0.09288731763123224,0.1833921220409421,-0.06335425528913143,0.5850180718124608,1.331830099276317,1.1761793301594154,-0.04960183558485935,1,1,1,1,0,train
6d024430-bcff-468a-b0fa-1272a2a0e2a8,4,5,1,0.13468315357846658,0.13880182274125416,-0.05239456251216936,-0.38773818140076133,-0.06822904076648244,0.12748412051249872,0.10666209065258678,-0.13349158798066696,-0.5872829533740788,-0.8438876252443179,0.32162657266864775,0.35381391526666994,0.17020974783450876,0.16272009920691025,0.05865702609129044,-0.04472910663069663,-0.029770009806366723,0.18991808470763585,0.07050359850840665,0.2344738854571719,0.5305604726929531,0.5253304279376592,-0.04960183538260527,0,0,0,0,0,train
6d024430-bcff-468a-b0fa-1272a2a0e2a8,5,6,1,0.14134310535328345,0.13851693880816504,-0.06688993967961482,-1.0978410350365513,-0.5623511736036306,0.12900831293034323,0.1073661338977717,-0.13626526234792127,-0.05241786833908939,-0.15737153355553768,0.29473043392580267,0.36247201808989615,0.16810818300368863,0.16306560200346748,0.03989429793289013,-0.04472915653236261,-0.05935187143583945,0.3362503354268015,0.22683189385449942,0.17884644350662013,0.3930277088010679,0.4109738178148712,-0.04960183524517165,1,2,0,0,0,train
6d024430-bcff-468a-b0fa-1272a2a0e2a8,6,7,1,0.13974384460328196,0.13599586916373127,-0.06772145348510264,-0.9589544135563893,-0.6353600594007137,0.12852426513852444,0.10717920768732532,-0.13530882291093704,0.17138091218549648,0.9088885619726047,0.3368042187348595,0.33649770962022335,0.16845334725291208,0.1626424280355912,0.045783115441127314,-0.04472914087052075,-0.10052516901335029,0.5071470789506018,0.36333246516414086,0.15421659511366664,0.5143225526246031,0.5118811053890461,-0.04960183577916556,0,0,0,0,0,train
6d024430-bcff-468a-b0fa-1272a2a0e2a8,7,8,1,0.15477689565329614,0.1513244627247842,-0.07384302751323374,-0.9458836854891961,-0.5337816154209543,0.1316173000849892,0.10999538066806502,-0.13807687116385617,-0.15922489354491642,0.03771216478058514,0.17445872183144998,0.3711301209131185,0.16803058793990971,0.16607564685453682,0.016239366478696955,-0.04472921940970058,-0.10683797706683573,0.6563683256501299,0.5675244180116226,0.06495586834244015,0.1053065585859391,0.16738600899902548,-0.049601835321027285,0,0,1,1,0,train
6d024430-bcff-468a-b0fa-1272a2a0e2a8,8,9,1,0.154990130419963,0.15186819281213168,-0.07338646011696896,-0.3752475725314553,-0.26163293410019767,0.13176139816976545,0.11039242831215187,-0.13765772564588366,0.026084728335772384,1.0146208030922002,0.31650793912738456,0.28454909268086626,0.17146044265561525,0.16595818355603953,0.043441072041883154,-0.04472914710081708,-0.10276589269103795,0.879589206541493,0.8712049724744724,-0.04686246699903883,-0.46359734998965146,-0.3389315549885769,-0.04960183536712118,0,0,1,1,0,train
6d024430-bcff-468a-b0fa-1272a2a0e2a8,9,10,1,0.15637131015860067,0.15284384370125947,-0.07466944000703145,0.36485774259863907,-0.419758497096536,0.13227588921893133,0.11068577966431226,-0.13847913833882305,0.4306398696056632,1.0905692843146908,0.31229834039398235,0.28454909268087203,0.17134309445571314,0.1661146737485001,0.04134231975920629,-0.04472915267984245,-0.10560988812810307,1.211570168236923,1.2246679609933835,-0.15205513388126066,-0.7303488516818977,-0.5922844047761937,-0.04960183550223545,0,0,1,1,0,train
6d024430-bcff-468a-b0fa-1272a2a0e2a8,10,11,1,0.15639190669856282,0.15284843860340605,-0.0747051491888622,1.8593082409927386,-0.7198897301730132,0.13215411618954295,0.11068032196473718,-0.13815282370738138,-0.8397245876164244,0.9103772884019083,0.3313157545634617,0.19796806444861406,0.17149943130835146,0.1655208527736864,0.047090438790392514,-0.044729137398899055,-0.09121754758295537,1.597972857272463,1.776146271309417,-0.3257291285233869,-1.6505504358674579,-1.6000243240902576,-0.04960183566713531,0,0,1,1,0,train
a807876e-8b9b-40b4-b2be-ca190228e2ec,0,1,1,0.15357866165196923,0.1500547380982741,-0.073434922578025,-1.0521036562860582,-0.3941118406924899,0.13150161570707025,0.10993261712295165,-0.1378855832764593,0.4931854413519802,1.3515082679350672,0.30826572750244563,0.2672328870344216,0.17162136640857545,0.16613877859477155,0.04329157991001651,-0.04472914749826738,-0.10502816178870339,0.07382775814579819,-0.02522094526726297,0.2534289591816689,0.46629876703268686,0.47204942957131124,-0.04960183549313664,1,1,0,0,0,train
a807876e-8b9b-40b4-b2be-ca190228e2ec,1,2,1,0.15527242417356174,0.15254058015958397,-0.07286102501288771,0.3757544668234384,2.6779336577060944,0.13188824507537833,0.11053569292599764,-0.13771398678923566,0.3247069756418228,0.36367916619647717,0.09605082209576897,0.27589098985764776,0.17152351253504144,0.16648236830829136,0.039908954024249606,-0.04472915648965791,-0.10364925491012636,0.23160509017323788,0.12258665585735351,0.21170085640632771,0.4450117994925173,0.4543373496331203,-0.04960183540691496,1,1,0,0,0,train
a807876e-8b9b-40b4-b2be-ca190228e2ec,2,3,1,0.15546748552261497,0.15241498616757693,-0.073480834383236,-0.35918809495772835,-0.504511597716972,0.13206583074323638,0.11054524390025403,-0.1381865803933926,0.45801175651454945,0.04929497477418666,0.32559004055386426,0.319181503973771,0.17186676557579747,0.16640393190375732,0.04314208777814986,-0.044729147895716345,-0.10322911922055993,0.39318708429873767,0.31229953892924595,0.13944581154471378,0.19151383901712968,0.24107291602708059,-0.04960183540765927,1,1,1,1,0,train
a807876e-8b9b-40b4-b2be-ca190228e2ec,3,4,1,0.1563446558127673,0.1528285273607708,-0.07463883213689079,0.2232618301300368,-0.3275245819935478,0.13227081534270682,0.11068577966431226,-0.13846507305298505,0.7146045493338162,-0.04253828490855385,0.3201840429037658,0.28454909268087203,0.17178840602863155,0.16657534414390973,0.041228002246602384,-0.044729152983474116,-0.10571761522799189,0.6005795710505498,0.5946741274929871,0.03252856695310671,-0.3455610731489063,-0.23050119636171215,-0.04960183548347906,0,0,1,1,0,train
a807876e-8b9b-40b4-b2be-ca190228e2ec,4,5,1,0.15638100264799462,0.15284843860340605,-0.07468219328625672,1.6434749824354962,-0.7085296231555848,0.13222515045668617,0.1106844152394185,-0.13834129853761062,-1.0870170136213975,0.5117708757184768,0.2655303074494258,0.2932071955040963,0.17195965030731605,0.16646859411042195,0.04335899793027009,-0.04472914731916705,-0.10493120739880343,0.9092690346731211,1.0852298955116741,-0.13442982676374807,-1.3925573743300743,-1.2899772161092034,-0.04960183604824169,0,0,1,1,0,train
3152c7c4-5415-4dc8-b400-d3482d70136f,0,1,1,0.15584185792545624,0.15235831570776887,-0.07436336130562489,-0.35515299449397136,-0.35954553483439367,0.13187809732292932,0.1106666777157995,-0.13741580272947,0.15813817135395003,1.1397125236499566,0.04280409236636659,0.24125857856474497,0.17205482848899561,0.16661360580465803,0.04297793955492374,-0.044729148332078354,-0.10604079652765838,-3.186592172603774,-2.9558720306411357,0.9948041008243917,0.09595208318689458,0.20828846878460847,-0.04960183484657682,1,1,0,0,0,train
3152c7c4-5415-4dc8-b400-d3482d70136f,1,2,1,0.15590970535121387,0.15243489741021218,-0.07437866524069521,-0.7165631006646221,0.165628664364383,0.13202523973344027,0.1104974890289721,-0.13817251510755457,0.5088412505270864,-0.6919903077489125,-0.21036749366468918,0.2932071955040963,0.17199787447666529,0.1666866855766873,0.04198132534247941,-0.044729150981085666,-0.10789370264574626,-2.9721573879250913,-2.7326699659586984,0.9328716838523555,-0.043768992600236145,0.07063971485953949,-0.0496018356540666,1,3,0,0,0,train
3152c7c4-5415-4dc8-b400-d3482d70136f,2,3,1,0.15593878281939572,0.1524976944062157,-0.07433530409132928,-0.205023886309771,0.40976962172751186,0.13187809732292932,0.11049476017918457,-0.13777024793258769,-0.2636037770252448,-0.10152689498585966,-0.19943623908753627,0.2585747842111954,0.1720708826401223,0.16667673754489276,0.042617399707480644,-0.044729149290403815,-0.10762438489602419,-2.728154816812999,-2.5644952428620966,0.9129228941060166,0.3037358414390066,0.3506849571493864,-0.0496018355875058,1,1,1,1,0,train
3152c7c4-5415-4dc8-b400-d3482d70136f,3,4,1,0.15613384416844892,0.15255436486602375,-0.07465158541611606,-1.2989589143829574,-0.5521290700158293,0.1321673082677267,0.11055752372429795,-0.13844256859564424,0.008586799407440665,-0.8870742723728535,-0.29880268803251137,0.28454909268087014,0.17206094435609148,0.1666866855766873,0.0424649763573421,-0.0447291496955444,-0.10792602077571291,-2.5443076606945376,-2.4288892593534315,0.8966061634102614,0.510185087494769,0.5164338431781889,-0.04960183508163167,0,0,1,1,0,train
3152c7c4-5415-4dc8-b400-d3482d70136f,4,5,1,0.15596180248170635,0.15255130159792601,-0.07429449359780842,0.07823084376876488,-0.3555194217313281,0.13185171316656183,0.11055752372429795,-0.13756770781652042,-0.2879586498414504,0.3124679356645792,0.09096834695230628,0.3711301209131223,0.1720708826401223,0.16664000635057438,0.04289879666158257,-0.044729148542445946,-0.10661175015706918,-2.396064369659686,-2.250621036606298,0.8282853203779436,0.25183254589149306,0.2993171012122372,-0.049601835434923934,0,0,0,0,0,train
3152c7c4-5415-4dc8-b400-d3482d70136f,5,6,1,0.15595453311466087,0.15251760564885097,-0.07433530409132928,-0.7581436148827605,-0.4398789711152013,0.13195217591580724,0.11038833503747057,-0.13819501956489538,-0.025345273925547945,-1.1960809588305303,-1.7158223860872996,0.2412585785647488,0.17202424915351625,0.16664995438236893,0.0424649763573421,-0.04472914969554557,-0.10781829367582409,-2.2011830868195355,-2.067469675098034,0.7782492803391761,0.22541464129080527,0.27446582295517585,-0.049601835465558075,1,1,0,0,0,train
3152c7c4-5415-4dc8-b400-d3482d70136f,6,7,1,0.15588789725007748,0.15254976996387715,-0.07414145424710514,-0.19811360008090628,-0.28940857076786114,0.13201813630672593,0.11049066690450327,-0.13816688899321938,-0.8457389417597687,-0.08514575603236703,-0.0791943418124226,0.28454909268087397,0.17203418743754703,0.16662967570217233,0.04269654260082181,-0.04472914908003918,-0.1072365673364244,-2.000963598822061,-1.7899068836615661,0.6723378227045212,-0.322938219093568,-0.20601299007148383,-0.049601835514798,0,0,1,1,0,train
3152c7c4-5415-4dc8-b400-d3482d70136f,7,8,1,0.15602601522394124,0.15242264433782127,-0.0746439334485809,-1.2978087105980642,-0.5823737395447454,0.132164263941992,0.11056707469855434,-0.13841443802396824,0.8037003008331102,-0.46042145028127235,0.2712350876497703,0.2585747842111954,0.17201392862779197,0.16663311925163968,0.042514807067964316,-0.04472914956309529,-0.1078075209658352,-1.6975343502982831,-1.5656401113130742,0.6288174448072812,-0.014842910159508713,0.06522120275782203,-0.04960183548866088,0,0,1,1,0,train
3152c7c4-5415-4dc8-b400-d3482d70136f,8,9,1,0.156313155222237,0.15277492016906047,-0.07466178803949627,-0.01008711146818565,-0.47604889974598225,0.13224341641109444,0.11068305081452472,-0.13839474662379503,0.0816512656066882,-0.21470525360494366,0.2710714233228839,0.28454909268087203,0.1720173688030334,0.16665110223219137,0.0424034207736323,-0.04472914985916078,-0.10776443012587966,-1.4523678499529655,-1.3531992557774488,0.5764032593446047,0.0554818467753809,0.12540567912386347,-0.049601835466673114,0,0,1,1,0,train
3152c7c4-5415-4dc8-b400-d3482d70136f,9,10,1,0.15631800146693395,0.15279942631384233,-0.07463118016935562,0.6769380253737569,0.2827183983451977,0.13221906180521675,0.11070897488750633,-0.13827378516558822,-1.1195816309552022,-0.8141038653472128,0.36019235853320275,0.24991668138797116,0.1720353341626275,0.16665110223219137,0.04254118803241137,-0.044729149492974275,-0.10790447535573515,-1.2201293398222666,-1.1559891947073466,0.5297097679743732,0.14619740484518448,0.2029182647484302,-0.049601835484198276,0,0,0,0,0,train
3152c7c4-5415-4dc8-b400-d3482d70136f,10,11,1,0.15632405927280515,0.15279942631384233,-0.0746439334485809,0.9761763799996801,1.568738709681068,0.13222312090619637,0.11068305081452472,-0.13833848548044303,-3.156603004309814,-0.09110243700170316,0.36163171650880394,0.32783960679699525,0.1720353341626275,0.16663388448485464,0.04267309285464665,-0.04472914914236923,-0.10745202153620206,-1.004541002775562,-0.9412005472152994,0.46526602682317364,0.04233088554442501,0.11345729222502178,-0.04960183552121849,0,0,1,1,0,train
3152c7c4-5415-4dc8-b400-d3482d70136f,11,12,1,0.1563143667834112,0.15280402121598893,-0.0746158762342853,1.2733458783993798,0.3062022191419848,0.13221703225472695,0.11066122001622442,-0.13836661605211903,-0.1102212699391531,-1.3018134662379444,0.3615619371446276,0.18065185880217322,0.17201813328642038,0.16662087552020022,0.0426408494536558,-0.044729149228072154,-0.10759206676605754,-0.7697359067370745,-0.6052984546773569,0.3419785629677894,-0.6380190757419273,-0.5029134624757018,-0.049601835505672605,0,0,0,0,1,train
3152c7c4-5415-4dc8-b400-d3482d70136f,12,13,1,0.15633980956807034,0.15280248958194007,-0.0746719906628765,1.389478048614732,0.06446362051572524,0.13218252989640025,0.11067622869005588,-0.138240028479577,-0.7340531021557315,-1.9905635573873923,0.3610722128796809,-0.10506553436425811,0.17200513706884163,0.16660442300607844,0.04266723041810286,-0.04472914915795015,-0.10747356695617982,-0.40253063765589175,-0.15001200080717975,0.20090007246805197,-1.2329613791444818,-1.1104845613403127,-0.049601835519114734,0,0,0,0,1,train
28319a94-2376-4e93-b7f0-27470d23351f,0,1,1,0.14468580263302147,0.14613069166507892,-0.06124788895035398,-0.7018772857912212,2.560679033124466,0.11837854223998287,0.10371902615672653,-0.11431779032630038,0.173152345434707,1.235020839361032,0.17792358444173373,0.24125857856474497,0.16886158138156177,0.16464427812594265,0.033577522556956264,-0.04472917332592223,-0.09655003902745246,-1.2686607745544765,-1.2082430989702588,0.5470506650946683,0.19304849179100728,0.24291752049387713,-0.049601835476097964,1,2,0,0,0,test
28319a94-2376-4e93-b7f0-27470d23351f,1,2,1,0.15452125624553073,0.15074703668836165,-0.07426643638351281,-1.3871247859205826,-0.6960454951709609,0.13111904543974176,0.10953829832865233,-0.13763803424571044,0.5876447751473574,0.5767988935139925,-0.18206752098618723,0.24125857856474306,0.1700304764802609,0.1662505026441566,0.03023593372699589,-0.04472918220248299,-0.10564220625806972,-1.061664520019616,-1.143165791221216,0.6274329765628726,0.9585998068975088,0.8753685022453788,-0.049601835529907275,0,0,0,0,0,test
28319a94-2376-4e93-b7f0-27470d23351f,2,3,1,0.15546869708378921,0.1517410671860758,-0.07460567361090507,-1.6075786051420353,-0.4349009334712813,0.13184968361607202,0.1101386452819108,-0.13842569025263865,0.40778325253230374,-0.40010921222198614,-0.8279332630031935,0.1719937559789432,0.17163512710954118,0.16656769181176007,0.04011120808501036,-0.04472915595196494,-0.10695647687671345,-0.990522568736991,-1.1233191326913474,0.741755088913152,1.2440091470951518,1.1055564007422072,-0.0496018354789358,1,3,1,1,0,test
28319a94-2376-4e93-b7f0-27470d23351f,3,4,1,0.1556383156481833,0.15223425334981072,-0.07414145424710514,-0.40895275149145266,-0.3807688603788017,0.13197754529692982,0.1105684391234481,-0.13789402244796212,0.08094289234328489,1.1352452792107728,-0.14996013245508125,0.22394237291829644,0.17195200547344622,0.1665489435979934,0.04268481772773423,-0.0447291491111993,-0.10580379690790297,-0.9688263728878994,-1.1848422179072384,-4.135305368383591,1.7582381147081458,1.5196634418173989,-0.04960183539087601,0,0,1,1,0,test
28319a94-2376-4e93-b7f0-27470d23351f,4,5,1,0.1552627316841678,0.15198919190199212,-0.07375885587034695,-0.5670822499231646,-0.43754471713084997,0.13167108317296908,0.11041425911045218,-0.13736235464328558,0.6723669696108827,0.8515543093475622,0.0016786725522519323,0.007489802337663033,0.1719332756304651,0.1665466478983485,0.04255877534204274,-0.044729149446226316,-0.10690261332676902,-1.0360828787664806,-1.3464694528194954,-4.061865353937033,2.3788913686314497,2.0291136541670003,-0.049601835753606785,1,1,0,0,0,test
28319a94-2376-4e93-b7f0-27470d23351f,5,6,1,0.15537298375102396,0.15186053464188737,-0.0742052206432315,-0.8705275881863284,-0.4824021565259035,0.13178676755088803,0.11044427645811511,-0.13762115590270485,0.7622394706325342,1.0883356620950988,0.3482232945033907,-0.13103984283393283,0.17193098218030414,0.1664766290591791,0.04307760097616817,-0.044729148067145535,-0.10509279804863668,-1.2127723772997439,-1.2303282320732778,0.5957607519664587,0.6395507636710192,0.6154939476068421,-0.04960183548119232,0,0,1,1,0,test
28319a94-2376-4e93-b7f0-27470d23351f,6,7,1,0.1550095153987509,0.1521346971366344,-0.07298345649345034,0.04235290180535346,-0.32653962450606316,0.1311941388078646,0.11030510511895064,-0.13626526234792127,0.49382817659501477,-0.48127001119916096,0.3553972474985754,-0.10506553436426004,0.17186103195039507,0.16641273208572943,0.043030701483817844,-0.044729148191795215,-0.10550216102821423,-1.085807796956397,-1.004276693810159,0.47808449496223127,-0.023818432820746766,0.05613816896792661,-0.0496018354933691,1,2,0,0,0,test
28319a94-2376-4e93-b7f0-27470d23351f,7,8,1,0.15512945995500102,0.15186972444618055,-0.07367723488330519,-0.9771604886159097,-0.3491474896859365,0.1318121369320106,0.11036650423917026,-0.1378518265904481,0.4037576216137055,-0.02036591848347263,0.35961192109482676,0.12870324186281612,0.17179719758758188,0.16632893904869064,0.04318312483395639,-0.04472914778661539,-0.10447875357927035,-0.83869020591386,-0.7720428584705396,0.41374945671971197,-0.05965761546130503,0.02467521195780281,-0.04960183563295457,0,0,1,1,0,test
28319a94-2376-4e93-b7f0-27470d23351f,8,9,1,0.15505070847867516,0.15151132207874587,-0.07410829572111942,-1.166589287124537,0.06396367166579481,0.13180300395480649,0.11025462139788118,-0.13805717976368295,0.5699054500349848,0.0853665001613351,0.35455164847632925,-0.10506553436425811,0.17171348665670708,0.16637982705748589,0.04215133600224933,-0.04472915052924803,-0.10791524806572403,-0.5848141810540047,-0.6488607923865654,0.4347858773965431,0.5962929054967636,0.5796616652956627,-0.04960183548232527,0,0,0,0,0,test
28319a94-2376-4e93-b7f0-27470d23351f,9,10,1,0.15544204273795584,0.15229092380961876,-0.07363387373393926,-0.5373016828081878,-0.3221384983657366,0.13210845130352233,0.1105329640762101,-0.13833004630894022,0.7146891494279766,1.2506572600494485,0.3156781990515422,-0.32151810494488575,0.17176432480194154,0.16634539156281242,0.04280499767688193,-0.04472914879173273,-0.10528670682843658,-0.4501526093425026,-0.34607043488687034,0.2797051660457333,-0.45883157879759834,-0.33440116305889384,-0.04960183549810107,0,0,1,1,0,test
28319a94-2376-4e93-b7f0-27470d23351f,10,11,1,0.1553935802909861,0.15193252144218408,-0.07412870096787987,-1.0595329908551883,-0.41513772242104463,0.13209221489960388,0.1105152265525911,-0.1383216071374374,0.5862569732469577,-0.1811984349580944,0.33420081409322555,-0.3301762077681158,0.17172992304952725,0.16635610482782193,0.04245911392079831,-0.04472914971113802,-0.1078721572257685,-0.11914480328573104,-0.12387117466469137,0.24350979690856406,-0.0008577412299851918,0.07574318905889317,-0.049601835507064235,0,0,1,1,0,test
28319a94-2376-4e93-b7f0-27470d23351f,11,12,1,0.15624409623530508,0.15281321102028214,-0.0744526342602018,-0.04084287012236177,-0.44298011031281126,0.13227284489319663,0.11067622869005588,-0.13849039056749346,0.02356401802515063,0.7234840707799257,0.35732315794984254,-0.12238174001071048,0.17174062581694502,0.1663186084002886,0.04282844742305709,-0.04472914872939696,-0.10663329557704695,0.12376151064355324,0.30553702241320996,0.08216494053591755,-1.1109156800840083,-0.9787848919654568,-0.04960183551853606,0,0,1,1,0,test
28319a94-2376-4e93-b7f0-27470d23351f,12,13,1,0.15637857952564613,0.15283159062886853,-0.0747051491888622,1.5164532093320995,-0.7187687009962876,0.13215919006576748,0.11067349984026834,-0.13818095427905738,-1.529360380648647,-0.5184998885957545,0.35428141202960994,0.1200451390395938,0.1717031661309828,0.16619923201875386,0.04345572813324263,-0.04472914706194812,-0.1045757079691703,0.5931868463486146,0.9663165714973236,-0.11680913783803687,-2.056992795702388,-2.1562803781037156,-0.049601836142349504,0,0,1,1,0,test
ef4be468-2187-49df-b7ac-fa543fb39f13,0,1,1,0.15605872737564583,0.1526370731046625,-0.07435570933808973,0.010999058762841246,-0.6176741289686296,0.13221500270423714,0.11066258444111818,-0.13835817688061622,-0.8116815796146548,-0.5587079289518038,0.2887719105829987,0.3105234011505467,0.1719929053346499,0.16665225008201384,0.042207029149415334,-0.04472915038117118,-0.10782906638581297,-0.35621243641084394,-0.5373872607194266,0.5597937046539293,1.2080396496384513,1.0765742847280575,-0.04960183554210876,1,4,0,0,0,test
ef4be468-2187-49df-b7ac-fa543fb39f13,1,2,1,0.15516944147375106,0.15246553009118952,-0.07276920140246575,0.1685112667767883,-0.3298163625989074,0.13213077635891018,0.11062574496898642,-0.1382006456792306,-0.12849450918808392,-1.5132783922901658,0.15003975051686524,0.3711301209131223,0.17203648088770798,0.16664498036647166,0.04259688117957738,-0.044729149344941294,-0.10759206676605754,-0.328290706423164,-0.512296212436856,0.5549164717566821,1.2108877807435252,1.0788666433119516,-0.04960183552208188,0,0,0,0,0,test
ef4be468-2187-49df-b7ac-fa543fb39f13,2,3,1,0.15430802147886388,0.15171656104129394,-0.07220295580486362,0.48677222246056,-0.006718747218639871,0.13197551574644,0.1105684391234481,-0.1378883963336269,-0.3998569277683423,-1.7508040638710511,0.34481742717372876,0.35381391526666994,0.17202921829553164,0.166535934633339,0.04337658523990146,-0.044729147272441795,-0.1049527528187812,-0.30086138894997927,-0.4974441959742953,0.6053259328101185,1.2756347004057862,1.1309751418185605,-0.04960183544319103,1,2,1,1,0,test
ef4be468-2187-49df-b7ac-fa543fb39f13,3,4,1,0.1555353329483726,0.1521178491620969,-0.07411849834449964,-0.32803818110409494,1.5237489329002414,0.13201509198099123,0.11057116797323564,-0.13799247944882814,-0.060748512650727324,-0.6733755465758279,0.3259338625118968,0.40576253220602126,0.17192027941288637,0.16667138091238798,0.04150353676416052,-0.044729152251051174,-0.1078721572257685,-0.28462529271036835,-0.41559402970361126,0.41054564239568386,0.8535144077409003,0.7900080415504082,-0.049601835548692595,0,0,1,1,0,test
ef4be468-2187-49df-b7ac-fa543fb39f13,4,5,1,0.1561714025648505,0.15271671807520357,-0.07446028622773697,0.2141909734894741,0.1109940210314987,0.13209322967484877,0.11056298142387302,-0.138225963193739,-0.10712501650463593,-0.19162271541703874,0.3186850552896866,0.319181503973771,0.1720555929723826,0.16666564166327574,0.0425851563064898,-0.044729149376106496,-0.10776443012587966,-0.1951473972239892,-0.37184241100055615,0.4605914776618883,1.093044011497795,0.9838992359455653,-0.049601835553402765,0,0,1,1,0,test
ef4be468-2187-49df-b7ac-fa543fb39f13,5,6,1,0.15621744188947173,0.15271671807520357,-0.07455721114984903,-0.35523078970306216,-0.2803128598202577,0.13205365344029754,0.11052068425216618,-0.1382034587363982,-0.3010831629251913,-0.4559538507916642,0.3564325195198099,0.3538139152666719,0.17204985934698022,0.16666755474631315,0.042526531941051895,-0.04472914953193018,-0.10785061180579072,-0.1473185051882008,-0.3281387633584438,0.44899572036035745,1.0933482820817384,0.9841433703521613,-0.049601835526716535,0,0,1,1,0,test
ef4be468-2187-49df-b7ac-fa543fb39f13,6,7,1,0.15628771243757786,0.15279942631384233,-0.07456741377322926,0.15644923290125295,0.5628475174662866,0.132101347876808,0.1106393892179241,-0.13809093644969417,-0.08864032587867182,-0.29288771209745046,0.31983260865145946,0.35381391526666994,0.17205177055544768,0.16667176352899546,0.04250894463142053,-0.04472914957867722,-0.10790447535573515,-0.0995420547022953,-0.20276130948103094,0.31363144015954914,0.5828012921078715,0.5684888939275478,-0.04960183543554967,0,0,0,0,0,test
ef4be468-2187-49df-b7ac-fa543fb39f13,7,8,1,0.1562695390199642,0.15278410997335368,-0.07455466049400399,0.03573081391696245,1.2157805784092632,0.13221094360325752,0.11064757576728672,-0.13837786828078943,-0.029029429456439975,-0.3055456147759867,0.18754362133022745,0.3711301209131185,0.1720559752140761,0.16668821604311723,0.04241514564671989,-0.04472914982799403,-0.1079367934857018,0.03751949600110946,0.015806812171465043,0.2073781544730788,0.020455268719265667,0.0942227857689884,-0.049601835496872075,0,0,0,0,0,test
ef4be468-2187-49df-b7ac-fa543fb39f13,8,9,1,0.1563555598633355,0.1528285273607708,-0.07466178803949627,-0.18021617023026848,0.9189821571951545,0.13228299264564566,0.11068714408920603,-0.13849601668182868,-0.048765222663580514,0.6966788288927009,0.27794215326282956,0.3364977096202195,0.17207241160689626,0.16668821604311723,0.04254118803241137,-0.04472914949297427,-0.10791524806572403,0.2764562805789179,0.2683975787524886,0.12834480089084224,-0.1769419860327463,-0.07892531784217209,-0.04960183551271907,0,0,0,0,0,test
ef4be468-2187-49df-b7ac-fa543fb39f13,9,10,1,0.15634950205746428,0.1528331222629174,-0.07464138279273584,0.45785420028521134,-0.359173160320878,0.1322971994990743,0.11070488161282503,-0.13849882973899627,-0.4008982406392575,2.0577980053820135,-0.035515631627309766,0.3278396067969972,0.17207241160689626,0.16668400726043492,0.04257343143340222,-0.044729149407271476,-0.10781829367582409,0.5525863270129987,0.5705679493722051,0.03409846883075394,-0.4553110790435365,-0.33124592475341885,-0.04960183549840219,0,0,1,1,0,test
ef4be468-2187-49df-b7ac-fa543fb39f13,10,11,1,0.15638463733151733,0.15284843860340605,-0.07468984525379188,0.7457521498267217,-0.6019936650489927,0.13222210613095148,0.11069533063856865,-0.13831035490876703,-1.9962661840905416,1.4167019167535426,-0.17651942717631144,0.28454909268087203,0.17206820694826785,0.16665339793183628,0.042775685494162975,-0.04472914886967831,-0.10707497668659116,0.8829163687624116,1.1770485550316991,-0.16959092110728535,-1.8640318772414266,-1.8799421009999466,-0.0496018354725637,0,0,0,0,0,test
80cc5d27-4d95-4d6c-b4d9-3132e03e693c,0,1,1,-0.5282273891535981,-0.6750824730474128,-0.012168169179812801,-1.5969263396836664,-0.6579885573222776,-0.5383799371603478,-0.6917052118635016,0.06634236709135385,0.0008037771351971425,1.172288755134582,-1.1206703828800944,0.2932071955040963,-0.2741301666990512,-0.04365220298784416,-1.7677469732889899,-0.044734124234293494,-0.0006082838664604338,-0.888184563642203,-0.9451882568878239,0.5293881896983877,0.7128773620292476,0.6754329142687341,-0.04960183557443685,0,0,0,0,1,test
80cc5d27-4d95-4d6c-b4d9-3132e03e693c,1,2,1,-0.43567138480843504,-0.5650008706873013,-0.023702234911149835,-1.6740568030094125,-0.6554432300049338,-0.46710212395835143,-0.6353380906521069,-0.015033750653000132,0.3105348695630205,-0.33923865737040804,0.13895498133852435,0.319181503973771,-0.03806190145689471,-0.007132213036799484,-0.23723773358342878,-0.04472991384041651,0.027486943784546438,-0.7740952365413435,-0.7341844277082241,0.4112401501637315,0.0648006064263624,0.13271899614867994,-0.04960183540988344,1,4,0,0,0,test
80cc5d27-4d95-4d6c-b4d9-3132e03e693c,2,3,1,-0.2030576971595414,-0.14164496650829328,0.1916062769374466,-1.1598452733189855,-0.2521232490569116,-0.28666798198785937,-0.2522662507521367,0.2745704847514952,0.28486976717944557,0.21548431452620362,0.30546313449398105,0.319181503973771,-0.0015776962964508653,0.08434300024703946,-0.6582486139757169,-0.044731036392197006,0.9024787672115906,-0.5434276712230276,-0.6856652162421653,0.5342208520028814,1.0629573416976161,0.9596359945826859,-0.049601835421238284,0,0,0,0,0,test
80cc5d27-4d95-4d6c-b4d9-3132e03e693c,3,4,1,-0.59038532363699,-0.24434256111882072,0.8360090709437383,0.20522974227531396,0.17780767877440865,-0.7411553709226273,-0.36647952975977216,1.2989790090193132,0.9840166983787849,-0.8837235727556474,0.3037059632324494,0.2932071955040963,0.08980788330027818,0.08836812695776143,0.01170477181207529,-0.04472923246833332,0.15060824624749028,-0.49038688791802787,-0.57702875600665,0.42707607085157084,0.6864214287436013,0.6536871878212299,-0.04960183548707907,0,0,1,1,0,test
80cc5d27-4d95-4d6c-b4d9-3132e03e693c,4,5,1,-0.5553821097519192,-0.570911446481876,0.21847743626509714,-1.420281702874765,-0.4176952400607573,-0.5874838964859657,-0.7510631524420386,0.08008415135508343,0.38417707097930337,-1.1992455232627706,0.32736814562464883,0.24991668138797116,0.09382906591581616,0.03368723973253253,0.4614503849237508,-0.04472801247738682,1.612734309488636,-0.3716264470068017,-0.41505343132710676,0.3478419897579266,0.3586321499826888,0.38223494633155214,-0.0496018352935701,0,0,0,0,0,test
80cc5d27-4d95-4d6c-b4d9-3132e03e693c,5,6,1,0.09527106858032333,0.1225190211677576,0.0034622498386819678,-1.3541737673127907,-0.4369121053629959,0.03905051702016995,0.0751288669326859,0.04664252774664592,1.535904165075819,-1.0354346663034808,0.19490724732440057,0.0074898023376688,0.039201758773764875,0.15970469772333612,-0.9228760683441315,-0.04473171835984352,-0.025105426381180383,-0.19455641974358917,-0.18855748732390398,0.25933113621443954,-0.02600050547530877,0.053876498504294296,-0.04960183534095626,1,1,1,1,0,test
80cc5d27-4d95-4d6c-b4d9-3132e03e693c,6,7,1,0.031120115965300708,0.08876486999884434,0.08230557266516562,0.5696753721870904,1.6468002228176906,-0.13162351664484376,0.003938633675382096,0.37299372893150967,0.5500914174718032,-0.9609752665607182,0.25397865088895955,0.0334641108073435,0.16509573621727655,0.15944910982953744,0.04449924183803727,-0.04472914428260684,-0.10067598695319466,0.05304699181925449,-0.02914348211119357,0.24577422819932368,0.3742402210995526,0.39527001780692134,-0.0496018356563993,0,0,0,0,0,test
80cc5d27-4d95-4d6c-b4d9-3132e03e693c,7,8,1,0.03899526359788389,0.10703113766562261,0.09614543128043206,0.4525496675954442,-0.6834599574965108,-0.2253156854562606,-0.05988916285514289,0.5011228568013878,0.35099215267109846,-0.11120645717972784,0.3143270168179456,-0.9275853025706532,0.16484039876602377,0.16078750272251324,0.032287786517322434,-0.044729176771518685,-0.04879461564673411,0.22731700674281483,0.0764981356419639,0.25451376785274976,0.7050878314320932,0.6689285453795182,-0.04960183547895851,0,0,0,0,0,test
80cc5d27-4d95-4d6c-b4d9-3132e03e693c,8,9,1,0.04556798296815524,0.07254180215325357,0.02487245500207053,-0.9932752104990048,-0.7044437352822314,-0.005087132256891996,-0.041275678454342934,-0.07099670994524909,0.5665044801311949,-0.3178316021350153,0.12125512843626571,0.09407083056992101,0.1661774802098595,0.16041024274753493,0.04543136924849991,-0.04472914180337409,0.0061354325865803265,0.3428035116946641,0.13901054726107337,0.28811801551530414,0.9748860630266161,0.8884217760808042,-0.04960183546901903,0,0,1,1,0,test
80cc5d27-4d95-4d6c-b4d9-3132e03e693c,9,10,1,0.1467890728315083,0.14755204806242675,-0.06330881887315812,-0.50386765414007,-0.6629980088187112,0.12115192298430315,0.1021635817778296,-0.12521276073641802,0.39727424707503545,0.32065841637871945,0.3031185478576558,0.14601944750926849,0.16580058990007618,0.1655740364821265,0.0029814662349155765,-0.044729254660686925,-0.10308907399070444,0.4111415406603986,0.2553454103818951,0.19765278927185773,0.6387360608782151,0.6145084624979718,-0.04960183553394811,0,0,1,1,0,test
80cc5d27-4d95-4d6c-b4d9-3132e03e693c,10,11,1,0.14983978386825358,0.14791045042986142,-0.0691345168232629,-1.0622403936103983,0.915534943055127,0.1254687768761211,0.1048910671404743,-0.13155620464935766,1.0737142064969767,-1.017750581055226,0.26070538159555945,-0.08774932871781536,0.17095932379544695,0.16535250146639383,0.044238363411838615,-0.044729144980955614,-0.10202257570180502,0.5383178091767328,0.2909892711501415,0.30374350520837645,1.1442278419106515,1.0251612516971202,-0.04960183560190878,0,0,0,0,0,test
80cc5d27-4d95-4d6c-b4d9-3132e03e693c,11,12,1,0.15633980956807034,0.15279636304574462,-0.07468219328625672,-1.0470660658255428,0.5015729091953338,0.13204756478882812,0.11045382743237149,-0.13832442019460503,0.707036831862959,-1.4449618087017053,0.20657245394111742,-0.13103984283393666,0.17073800585491497,0.1659995061496477,0.037584497934636814,-0.04472916266923502,-0.10753820321611313,0.5772833701996004,0.4152582418473942,0.1487549804322699,0.5896704277827067,0.5741301884516156,-0.04960183557129939,0,0,0,0,0,test
80cc5d27-4d95-4d6c-b4d9-3132e03e693c,12,13,1,0.15638100264799462,0.15283924879911287,-0.07469749722132704,1.0015380497594493,1.6030004545125582,0.1322292095576658,0.11066122001622442,-0.13840037273813025,1.1068357204925299,-0.3290004233338236,-0.9344432157662581,0.07675462492347442,0.1713843765586103,0.16598267101891845,0.04267016163637476,-0.04472914915012581,-0.1074951123761576,0.7131331366554965,0.6065839448772967,0.05984087062607436,0.18188050922236357,0.23286494989798298,-0.049601835816304875,0,0,1,1,0,test
80cc5d27-4d95-4d6c-b4d9-3132e03e693c,13,14,1,0.15638827201504008,0.15284384370125947,-0.0747051491888622,1.8535157888362468,-0.7196047294323791,0.13215919006576748,0.11066531329090572,-0.13819783262206298,0.36407921899078743,-1.7856138731939655,0.2451782043506098,-0.13969794565716476,0.17136755792409664,0.16508313937472574,0.04943248218963667,-0.04472913117138268,-0.08259937959184897,0.9222887442684675,1.1973137569329635,-0.17381933470106795,-1.8047714339126324,-1.799783134858348,-0.04960183606000129,0,0,0,0,1,test
fb6e5e4d-3ca4-46ea-b13e-7efc2f5fcfb2,0,1,1,0.15620169159420658,0.15273969258593656,-0.07448579278618751,-0.17126357093944714,-0.2711206885565094,0.13220992882801264,0.11061619399473002,-0.13843975553847665,0.13445032246089825,0.7999914013703446,-0.18437975537184892,0.28454909268087014,0.17139278587586712,0.16665645886469616,0.037572773061549235,-0.04472916269905119,-0.1078721572257685,1.1140588424533362,1.0966743651067208,-0.10982132254299133,-0.5235844174443814,-0.3948497100684164,-0.049601835431186105,0,0,0,0,1,test
fb6e5e4d-3ca4-46ea-b13e-7efc2f5fcfb2,1,2,1,0.15638221420916887,0.15284537533530831,-0.07468984525379188,1.0432505245056292,-0.6811381465502767,0.1322292095576658,0.11066122001622442,-0.13840037273813025,-0.4366244575645597,0.7441465852754544,-4.306379378060635,-0.0011683004855593047,0.17204068554633642,0.1665849095590968,0.04308932584925575,-0.04472914803600443,-0.10592229671778067,1.4580513626990967,1.6102682616901927,-0.27764241518046895,-1.492786698140447,-1.4072228999801204,-0.04960183571791335,0,0,0,0,1,test
c027d66f-ffaf-452b-9865-ec35878b9f21,0,1,1,-3.646623502459191,-4.390465209961277,0.3655890627844679,-1.089161042674673,-0.579593943412758,-0.5659737056197539,-0.5572452318572245,0.4200533622883023,-0.02602150147247395,1.5599945872148022,-0.14491571878298748,0.27589098985764393,-0.8783109434751655,-0.8978158481814661,0.14282695876875723,-0.04472882994334384,0.44137446155743143,-3.901675992408984,-3.7028266919889945,1.150469215603189,0.48295442781741793,0.6807172762310435,-0.049601835201211544,1,1,0,0,0,test
c027d66f-ffaf-452b-9865-ec35878b9f21,1,2,1,-3.5928834950144433,-4.055933359178166,0.8095536685188317,-1.4395710573385425,-0.6771641914076773,-0.47056047799298134,-0.6358456567125891,-0.006493309092164308,0.629374396102463,0.859248607093672,-1.0855580411844126,0.20662616727184602,-0.8913885785346143,-0.8921160085797907,-0.0011251705640094093,-0.04472928848346932,4.247771490899385,-3.7887217782785148,-3.5796407052130332,1.131789636227229,0.40309114170800175,0.579641712103199,-0.049601835429808463,1,2,0,0,0,test
c027d66f-ffaf-452b-9865-ec35878b9f21,2,3,1,-4.246681886155022,-4.2612718779394125,1.8440180582859478,-1.1097920947476623,0.19061445623657453,-0.614844266639044,-0.6578279061761052,0.3481544341415952,0.0011697412451907865,0.9378446993305476,-0.4102320859700085,0.18930996162539748,-0.8856943240266609,-0.9610489818171567,0.57063533433357,-0.0447274466693517,5.831079768805475,-3.654055920500364,-3.4394670344392666,1.1075877451242087,0.34518078252294476,0.49318796122213765,-0.04960183556019439,1,1,0,0,0,test
c027d66f-ffaf-452b-9865-ec35878b9f21,3,4,1,-1.6783454500065769,-1.6968830277015683,0.7075121307815762,-0.9345571454316461,-0.4194222737849858,-0.382709355491227,-0.2946207283045214,0.4534837336680694,0.5394675549968995,1.6543101819393926,0.2974315296772834,0.03346411080733774,-0.9545597520096033,-0.3778456178610774,-4.425368262903642,-0.04474212593521533,4.177630376161768,-3.5008192731616337,-3.2204051757957584,1.0443601911808968,-0.11468178228584747,0.09171005861752843,-0.04960183549821928,1,1,1,1,0,test
c027d66f-ffaf-452b-9865-ec35878b9f21,4,5,1,0.05953001394013811,0.042414560412055456,-0.05469270342856358,-1.483829625772539,-0.33810441114809686,0.10990313939455187,0.08892320260869291,-0.12132792878796139,1.509284809772515,0.08321560469061695,0.0962665037668595,-0.25225328235908784,-0.371927850704112,0.1540760248106526,-4.0325000091398175,-0.04474000224636348,-0.01946052634700569,-3.261342739565681,-3.070770434702721,1.0382461691289595,0.3771088194132273,0.4450386657351198,-0.0496018355180844,0,0,1,1,0,test
c027d66f-ffaf-452b-9865-ec35878b9f21,5,6,1,0.08744680651705838,0.08817825415812858,-0.03725386941592508,-1.3316744972816839,-0.5041743806756995,0.11953538601917245,0.09709883657215818,-0.13117362887456396,0.8051597339988705,1.193488815972578,0.24628706188315758,-0.6678422178738984,0.15947257866431275,0.15901904876272646,0.004672779177799029,-0.044729250267333376,0.05466649108649826,-3.097763331792997,-2.9104850634652677,0.998934429232946,0.3287622447479108,0.390835460321684,-0.04960183551051012,1,2,1,1,0,test
c027d66f-ffaf-452b-9865-ec35878b9f21,6,7,1,0.04027103751436237,0.07120468562859338,0.033797199803916676,-0.6317133443261539,0.40228628865411176,0.10306659856963944,0.09579990407328987,-0.08819855452512758,1.0594525465279614,0.7897531673337602,0.34367558303266127,-0.676500320697117,0.16441075910253852,0.14969927343765368,0.11393980269923136,-0.04472895921237869,0.1669504473006258,-2.922540747050159,-2.530971532361759,0.8460760495517233,-0.9053537135176012,-0.7248608713043067,-0.04960183547591422,0,0,0,0,0,test
c027d66f-ffaf-452b-9865-ec35878b9f21,7,8,1,0.1525730658773471,0.14805901893260145,-0.07464138279273584,0.29193244885749425,1.8912780202901283,0.1317857527756431,0.10941140681353179,-0.13974782712141098,1.505827503169228,-0.21379525936733212,0.2616226630555503,-1.0487987420957967,0.15510011593245543,0.16134535773622355,-0.04667923372753061,-0.04472938683776719,-0.028520375447656295,-2.507659829649884,-2.1860783644460113,0.7621754395327819,-0.7005641227254837,-0.5486708588910141,-0.04960183556922497,0,0,1,1,0,test
c027d66f-ffaf-452b-9865-ec35878b9f21,8,9,1,0.15138210124306567,0.14726716412933763,-0.07345277716894039,1.2871763775689489,-0.6348329200495894,0.13240578045027895,0.11076491630815087,-0.1386760523405551,-0.12994874760106423,-0.5579633882119398,-0.09327328007178494,-0.8669785828080661,0.16673478859897115,0.16467833100400864,0.01700734566593346,-0.0447292173830023,-0.1079367934857018,-2.130625594549196,-2.0058276685927416,0.7633557475991357,0.24370871554604348,0.2892278956402208,-0.04960183549474324,1,1,1,1,0,test
c027d66f-ffaf-452b-9865-ec35878b9f21,9,10,1,0.15280205093927912,0.14886925334445167,-0.07377415980541727,0.8458080102178361,0.6060196597854473,0.13231850977921727,0.11078401825666365,-0.13839474662379503,0.4997805993703566,-0.8822757658877503,0.35430742070171206,-0.20896276824295693,0.17006449599098172,0.16467067867185897,0.042599812397849275,-0.04472914933710254,-0.10792602077571291,-1.933577089216072,-1.8201843897269132,0.7118453376048836,0.21294063516798345,0.26178395281473316,-0.049601835502715755,0,0,0,0,0,test
c027d66f-ffaf-452b-9865-ec35878b9f21,10,11,1,0.1520678448676875,0.14852157241535904,-0.07280746124014156,1.5127712624319405,-0.4318270361746785,0.13220688450227794,0.1105820833723858,-0.13850164279616387,-0.5782810201187571,-0.5017051158978929,0.32322832625542297,-0.7803975545758177,0.17005685115711186,0.16451954511190317,0.04369901924980992,-0.04472914641442753,-0.10360616407017083,-1.7306334586659307,-1.4441770763783768,0.5592138100361281,-0.849322706369635,-0.7070170218212193,-0.049601835502807716,0,0,1,1,0,test
c027d66f-ffaf-452b-9865-ec35878b9f21,11,12,1,0.15359077726371168,0.14415028883989492,-0.08329320741916114,1.8169490193904,-0.542348730689392,0.131839535863623,0.11157538469504981,-0.13543541048347907,-1.7941713389692229,-1.8552128101525756,0.3195420727533434,-0.7977137602222681,0.16990586568818244,0.16100100278948878,0.06949667126075838,-0.04472907778195976,-0.008795543458011517,-1.3195855082604244,-0.6742185841080355,0.3171894511268639,-2.394691460789745,-2.711914045229785,-0.04960183550584482,0,0,1,1,0,test
c027d66f-ffaf-452b-9865-ec35878b9f21,12,13,1,0.15332786848890081,0.1489351136085529,-0.07477146624083363,1.858061359666451,-0.7192928225492636,0.13212265815695096,0.11063666036813657,-0.13815563676454898,-3.3854588022147625,-2.282941077725778,-5.896637766124616,-2.468727605104741,0.16639077107482814,0.14520735446580235,0.16353601585969585,-0.04472882680978598,0.33680376569534415,-0.47787352844137726,0.13710534815629521,0.09791949135254917,-2.5049715206578904,-2.9224311142303487,-0.049601835506173725,0,0,0,0,0,test
b1845a58-3240-4219-9ed9-306a6abf4547,0,1,1,-0.7810911102687987,-0.5976583718772264,0.6491123145532054,-0.6408556301323451,-0.6992571868001739,-1.2452398999520362,-0.5971696686738062,2.220733451127045,-0.32515325937906603,0.8880396460042917,0.11389594294708563,0.3278396067969972,-6.237244035184378,-6.25746255202553,0.10802627879948565,-0.04495670908120695,-0.007193484205306866,-1.952618108851304,-1.937051015774157,0.8105906937472935,0.8246838565742395,0.7678989467237984,-0.04960183491469731,1,2,0,0,0,test
b1845a58-3240-4219-9ed9-306a6abf4547,1,2,1,-0.4691855900103606,-0.28329201498148815,0.5159884846881141,0.023436581303613768,-0.48132966515650344,-1.1547919675985747,-0.5871206793311957,1.9907210187610034,0.2817659830114732,0.5008502347662898,-0.2669268401188996,0.38844632655957084,-6.245783532987492,-6.264536203459103,0.09673229193535612,-0.04480630596332738,0.22946909122448803,-1.8583910458248754,-1.872404497679069,0.8208278274677229,0.9604277116152132,0.8775608776998512,-0.04960183538403025,1,1,0,0,0,test
b1845a58-3240-4219-9ed9-306a6abf4547,2,3,1,-0.16027989521934952,-0.2970154560593293,-0.15719335921792893,-0.1894425093899711,-0.5089159791788026,-0.46943306269589397,-0.6046371661174053,0.05472444098916283,-0.025071638119618985,-1.155128288972011,-1.764135080411578,0.3018652983273186,-6.252850253172298,-6.220802961565512,-0.29249831422801004,-0.044909200685098925,-1.3550980577975105,-1.7877200300746925,-1.8183767956812007,0.8239864625737205,1.0275328089631597,0.9316021750090914,-0.049601835485480805,0,0,1,1,0,test
b1845a58-3240-4219-9ed9-306a6abf4547,3,4,1,-0.01987449385861103,-0.11867198740934919,-0.15578539719145876,-0.1458372696536789,-0.6866669117762719,0.09780600370006158,0.11007861058658495,-0.044177022909343715,-0.26913030291108886,-0.9272823127289029,-0.3249743901036347,0.024806007984121164,-6.209159864108227,-6.413137383264475,1.5160113933823114,-0.044885707097329225,3.5160211940462403,-1.7286574124527907,-1.7190441441130604,0.7401677327351095,0.7432282042840216,0.7010361470365161,-0.049601835518248455,1,2,1,1,0,test
b1845a58-3240-4219-9ed9-306a6abf4547,4,5,1,-0.05961370037380003,-0.05692875563145501,0.030698152952175303,0.3082923173634109,0.5765117808791488,0.021607545335529926,0.05355048723772539,0.05050766829492933,0.39139208682122195,-1.323406656658303,0.3310144345817911,-0.5899192924648763,-6.40130582335101,-6.223798685196531,-1.4079788377564015,-0.045589875843126106,0.10896860815397631,-1.6200678148946683,-1.5878688982196283,0.6800767157954497,0.5459784183968386,0.5389827607384752,-0.049601835474460565,1,2,1,1,0,test
b1845a58-3240-4219-9ed9-306a6abf4547,5,6,1,-0.014398237351030107,-0.09410457726553537,-0.12640184185642944,-0.7960947290340648,0.015769973194186986,0.0441132307169917,0.05116547252341676,-0.01679753749708579,0.33464461830647824,-1.2429904871835982,0.35451231828924806,-0.1137236371874843,-6.212152652323794,-6.207736876436459,-0.08050801160090207,-0.044775997168610686,0.3146549897964039,-1.4766681679881903,-1.3222300872278663,0.5507621761650673,-0.25257238029955376,-0.1453294481001112,-0.0496018354963886,0,0,1,1,0,test
b1845a58-3240-4219-9ed9-306a6abf4547,6,7,1,-0.04557655260901406,-0.09301252218869377,-0.05894464672226965,-1.0052891214019264,-0.2535683034058092,0.011945870228807158,0.052488964670372916,0.07510222711126253,-0.4856069897948958,-1.6398594162341653,0.354448248145777,-0.4773639557629455,-6.196106582025423,-6.131968950723128,-0.5379153941725989,-0.04481128280367914,-5.249955952669348,-1.1862741119951716,-1.1195512695919896,0.5177178483799397,0.11372851993619132,0.17508665934373102,-0.04960183548065363,0,0,1,1,0,test
b1845a58-3240-4219-9ed9-306a6abf4547,7,8,1,0.11044223760420128,0.08972520454748344,-0.08308915495155678,0.9858918255155666,-0.2084870349574489,0.1379200691310826,0.10680262641664501,-0.16213132300401,-0.278094842396469,-1.291389097016394,0.3596607666497502,0.042122213630569685,-6.120412898921675,-6.173431253198492,0.3601830682688896,-0.04466065097670752,-6.337448738424757,-0.9647073774603719,-1.003786119745182,0.5354889837141824,0.6420523320360647,0.6174078482807324,-0.04960183552606168,0,0,1,1,0,test
b1845a58-3240-4219-9ed9-306a6abf4547,8,9,1,0.11035379363848151,0.09538765562614178,-0.07347318241570082,-0.20982075400817582,4.784567749725995,0.153190407016385,0.11875771733585108,-0.17981420035954823,-0.25872376758056764,-1.7560162484818265,0.35737898144118363,-0.4773639557629455,-6.161834573789696,-6.488843925915035,2.4589114431967256,-0.04490363244443349,4.847517375962191,-0.8381539145791647,-0.9667144523978973,0.6364068264419374,1.1351556572245896,1.017894855977346,-0.04960183550903364,1,1,1,1,0,test
b1845a58-3240-4219-9ed9-306a6abf4547,9,10,1,0.11614263292901726,0.09370745307453555,-0.08845828550539676,1.3262641002258877,0.14348226670760858,0.1407086715040764,0.13065004470994376,-0.12069499092525124,-1.4888514545329363,-1.7545270338581893,0.3472273526692374,-0.3128600021216538,-6.476938183539321,-3.404309886715665,-23.58801315580483,-0.04487070748853132,89.68148598837028,-0.7976274877245592,-0.9008319571926214,0.5614981027318284,0.9536153145562916,0.8712707408458411,-0.04960183550309905,0,0,0,0,0,test
b1845a58-3240-4219-9ed9-306a6abf4547,10,11,1,0.08400354965985816,0.09686568248329766,-0.015537585551129968,1.736100914812751,6.80942158638927,0.17352853247473365,0.1290864137816842,-0.21489864935386457,-3.173885569827693,-1.9339743780778502,0.28186185045597184,-1.1007473590351615,-3.395426582320955,-0.370473743684701,-23.199617574721636,-0.044796568616561706,9.597833225388339,-0.7256053124626997,-0.6737023763775061,0.38914806441992306,-0.029847289079963753,0.0506517929415329,-0.04960183550513899,1,1,0,0,0,test
b1845a58-3240-4219-9ed9-306a6abf4547,11,12,1,0.11303134383355978,0.04157063005113018,-0.16873252626095606,1.0371339436277658,3.7423100245948624,0.1393468431254164,0.17508663465022034,-0.025304222371910403,-4.624093427907246,-2.2109635881085614,-0.7388935255984617,-1.5509687058428652,-0.3645631999955977,-1.3356792328522389,7.436961374318866,-0.044703489733735974,36.393947460705846,-0.47730921460469156,-0.3539725628719276,0.27799721629234425,-0.5511464683539684,-0.420609471959772,-0.04960183550738359,0,0,1,1,0,test
b1845a58-3240-4219-9ed9-306a6abf4547,12,13,1,0.11924544109625504,0.0781720889168857,-0.12086181736097078,1.306942187226267,3.637144361950497,0.1419324904494296,0.14145901871838368,-0.10180249898764472,-6.756300964322849,-2.2854230599709413,-10.255498923188249,-3.8107335427046642,-1.328822914633544,-7.563530613741641,47.753987594909496,-0.045350110929976484,189.7330273169437,-0.1277833414119534,0.1677991486664748,0.10829178758655908,-1.5276479323359218,-1.4488414500400524,-0.049601835507416675,0,0,1,1,0,test
7a30b112-bc24-471d-b998-2bdb5141aa1b,0,1,1,0.14050955126540388,0.1335621026600829,-0.07338646011696896,-1.635045223357488,-0.6798239347092512,0.11788231714522525,0.09336440563791178,-0.13429049621626557,0.42157693517980616,0.9120794001362468,0.13081617004413762,0.16333565315571316,0.1571022979229676,0.1522283692131168,0.038519556563371346,-0.04472916020657823,-0.09573131306829735,-0.41334275217534683,-0.49122435265911985,0.39197327745427946,0.5914913207843491,0.5756796230911844,-0.04960183544777693,1,2,0,0,0,test
7a30b112-bc24-471d-b998-2bdb5141aa1b,1,2,1,0.13614550791577856,0.13681376174582582,-0.05878395540403121,-1.0069821652657873,0.3632009112176176,0.11153895708933573,0.09622560464014587,-0.11080709498113465,0.7216788048267964,0.5653110595089048,0.16941177072793162,0.21528427009506643,0.1576267335264389,0.1523213450487352,0.04182890199234087,-0.044729151390475196,-0.01906193607741702,-0.2778258136689158,-0.3277680329872765,0.32366118226177854,0.34965714022008365,0.3746978640467072,-0.04960183554756524,1,1,0,0,0,test
7a30b112-bc24-471d-b998-2bdb5141aa1b,2,3,1,0.14983978386825358,0.14840363659359634,-0.06831320564115531,-0.9112864512016561,-0.4313925706867917,0.12519377278475236,0.10513120592177769,-0.13029876809544014,0.5103115213343463,0.6089229682832069,0.20346219737242077,0.14601944750927043,0.15771961825795752,0.16265964578292794,-0.03666032967419328,-0.04472936014224341,-0.08786723477641276,-0.09913677545954788,-0.23177895418313413,0.3461257524324227,0.7651761047838619,0.7180522633492945,-0.049601835408829974,0,0,1,1,0,test
7a30b112-bc24-471d-b998-2bdb5141aa1b,3,4,1,0.15326971355253713,0.14977751233542932,-0.07324617404549096,-1.4619871372084718,-0.559338442084761,0.12891698315830197,0.10685993226218332,-0.1370557314120171,1.124025263273322,1.3907473756830626,0.2862338448005481,0.007489802337663033,0.16804778881611684,0.16310386366421578,0.0391380436187412,-0.04472915854356223,-0.09838139972556258,0.005797657204483458,-0.060663172326154216,0.24813192476836007,0.3033049795235052,0.3357173158023296,-0.04960183537154327,1,1,0,0,0,test
7a30b112-bc24-471d-b998-2bdb5141aa1b,4,5,1,0.15402693928643937,0.15154348639377205,-0.07189942775930212,-0.07278627352891304,-0.7163509715736064,0.12938377977095739,0.10887109455559918,-0.13420329144406995,1.548029954264679,0.1600387526334961,0.0406485443711736,0.05943841927702013,0.1684915714222613,0.16286664136757628,0.04435854336098631,-0.04472914465958006,-0.08249165249196014,0.19285995338155076,0.0798895565938725,0.227599955207795,0.4894369688485254,0.4912588578463973,-0.049601835205155834,0,0,1,1,0,test
7a30b112-bc24-471d-b998-2bdb5141aa1b,5,6,1,0.15361258536484806,0.15069342949665132,-0.07244271745429876,-0.5850237025828302,-0.6813664902205114,0.12963037015546885,0.1080756348425317,-0.13652687666450816,1.3236234321364286,-0.2750173141390177,0.018962386700877076,-0.28688569365199257,0.16825458157229614,0.16261143609038506,0.04449631061976538,-0.044729144292970736,-0.09174541037241064,0.34651098381489953,0.16466300993572883,0.25165611731137394,0.8352462463168264,0.7751308439148977,-0.04960183542366037,0,0,0,0,0,test
7a30b112-bc24-471d-b998-2bdb5141aa1b,6,7,1,0.15283960933568067,0.1494482110149231,-0.07288908222718331,-1.0126632116616883,-0.4087814844519565,0.12777536100778591,0.10735658292351531,-0.1328670892894596,0.7181562188585341,-1.1951236541238741,0.13067153645293575,-0.5119963670558522,0.16799962636273683,0.1618236284955774,0.04857656645424331,-0.04472913343881636,-0.08574501090860281,0.43918459150259553,0.3082198760748816,0.16450881572833964,0.47103083080257185,0.4759701974976178,-0.04960183552010581,0,0,1,1,0,test
7a30b112-bc24-471d-b998-2bdb5141aa1b,7,8,1,0.15638463733151733,0.15284690696935718,-0.07469239590963693,1.2062438959406634,0.4264486555185015,0.13215817529052257,0.11065849116643688,-0.13820908485073338,1.0327540699337132,-1.7152762538274933,0.26642538638445146,-0.08774932871780575,0.16721259071583638,0.16121488547307183,0.04720475630299642,-0.04472913708666598,-0.06886417435602314,0.5961197188213525,0.7239125662514238,-0.028066264662887277,-1.0446369099968016,-0.9089839104419751,-0.04960183576280305,0,0,0,0,0,test
7a30b112-bc24-471d-b998-2bdb5141aa1b,8,9,1,0.15638948357621432,0.15284997023745492,-0.07469749722132704,1.8421557461262381,-0.7190723000164936,0.13214802753807353,0.11062983824366772,-0.138240028479577,0.5549432887492382,-1.9812029192371974,-0.7509824832630858,-2.027164361120253,0.16660444418149029,0.15933662054693742,0.056930538529144245,-0.044729111202332576,-0.055053560150275134,1.050551380732228,1.3147250631233112,-0.2053063086016923,-1.8050850356805956,-1.800203934568544,-0.04960183549570861,0,0,0,0,0,test
187f110c-06d9-4454-8871-31ae1eb016aa,0,1,1,0.15593999438056996,0.15236903714611094,-0.07455210983815894,-0.4747184043182836,1.0617018940405316,0.13214193888660414,0.11058071894749202,-0.13832442019460503,0.20422689239812042,-0.032279635472569256,-1.0873900666729697,0.17199375597894512,0.17199787447666529,0.1666503369989764,0.04225979107830945,-0.044729150240929785,-0.1076782484459686,0.1849934037919315,0.13735621329141676,0.179880544211822,0.09922618605191783,0.16217781161879882,-0.0496018355659952,1,3,0,0,0,test
187f110c-06d9-4454-8871-31ae1eb016aa,1,2,1,0.1558297423137138,0.15235065753752455,-0.07435060802639962,-0.10782076868308338,0.20325243671212234,0.13192883608517447,0.11056025257408549,-0.13777587404692287,-0.6637275773623974,-0.23927687327257652,0.35586286616498847,0.2585747842111935,0.17203456967924052,0.16664306728343423,0.04259688117957738,-0.044729149344941245,-0.1071072948165578,0.40933303703992985,0.4360895275061933,0.07097081987823686,-0.4363993108607032,-0.31375405133293227,-0.04960183549104291,1,1,0,0,0,test
187f110c-06d9-4454-8871-31ae1eb016aa,2,3,1,0.15543113868738767,0.1522939870777165,-0.07360581651964367,-1.0982016875835499,0.6109123737394203,0.13207293416995072,0.11058754107196088,-0.13811906702137017,-1.4919420014640632,-0.6681634063463557,0.36027863120163894,0.30186529832732056,0.17202730708706418,0.16664000635057438,0.04256463777858653,-0.044729149430644544,-0.10721502191644663,0.7359057183856393,0.5484746161181903,0.12224231676009528,0.6632220595903514,0.6346096617824892,-0.04960183552283159,0,0,0,0,0,test
187f110c-06d9-4454-8871-31ae1eb016aa,3,4,1,0.15435648392583362,0.15211019099185255,-0.07164946348648676,-1.0356293608463818,0.6951356964849865,0.1315543840198052,0.11055615929940418,-0.13674629512358102,-0.7750399748278369,0.2744933400029096,0.358063453567968,0.30186529832732056,0.17202424915351625,0.16665378054844376,0.04243566417462315,-0.04472914977345743,-0.10715038565651333,0.8587641274913205,0.4542150925149328,-3.646341093176754,1.9632149743204494,1.686265780867274,-0.049601835460057295,0,0,1,1,0,test
187f110c-06d9-4454-8871-31ae1eb016aa,4,5,1,0.15478779970386433,0.15206577360443543,-0.07263146598683279,-0.3746203554018508,-0.629282776784612,0.13175936861927565,0.11041698796023972,-0.13760146450253163,-1.1818296437634745,-0.23480927378296834,0.34779764038191496,0.26723288703441966,0.17203800985448198,0.16666487643006078,0.042456182702526414,-0.04472914971891865,-0.10789370264574626,0.7557204296486567,0.3366487271289808,-3.6510390008444102,2.108087475392894,1.8048790005130866,-0.049601835468901796,0,0,1,1,0,test
187f110c-06d9-4454-8871-31ae1eb016aa,5,6,1,0.15200120900310413,0.15159403031738464,-0.06755055954348398,-0.26540343477128325,0.6306949967857833,0.1309658143777614,0.11029691856958802,-0.13564920282821671,-0.6664311277383288,0.3794815729582777,0.3595903529277177,0.18930996162539557,0.17204909486359324,0.16662278860323765,0.04286362204231983,-0.044729148635938236,-0.10645015950723594,0.6271978934826496,0.398931241144853,0.21880097766312337,0.9763348183505198,0.8895917713621502,-0.04960183526938097,1,2,1,1,0,test
187f110c-06d9-4454-8871-31ae1eb016aa,6,7,1,0.1495477976252609,0.15015735757954815,-0.06477799663990959,0.42631358400145614,-0.2640392334894139,0.12723753012798728,0.1095000944316268,-0.12695685618033045,-0.26233477429508384,-0.1290768551381606,0.3615809678803121,0.3364977096202195,0.1720070482773091,0.166535934633339,0.04320657458013155,-0.044729147724339634,-0.10559911541811419,0.6952846003722993,0.5165469423018123,0.12661918724133725,0.6308093510609886,0.6079900193417692,-0.049601835567662345,0,0,0,0,0,test
187f110c-06d9-4454-8871-31ae1eb016aa,7,8,1,0.15559712256825903,0.15206883687253317,-0.07433020277963918,-1.2055697581339913,-0.09819931239251772,0.13191970310797033,0.1102136886510681,-0.13846507305298505,-0.14087864992058294,0.31470155788417115,0.3616425005923585,0.3711301209131223,0.17192027941288637,0.16656042209621788,0.04235359006301009,-0.04472914999161828,-0.10534057037838099,0.8238610699774559,0.7346052894570619,0.014847970623611222,0.023478774523977494,0.09681713102500747,-0.04960183547555994,0,0,1,1,0,test
187f110c-06d9-4454-8871-31ae1eb016aa,8,9,1,0.15570131682924399,0.15224497478815277,-0.0742562337601326,-1.3561556299366155,-0.053045056209383476,0.1319156440069907,0.11041971681002725,-0.13802904919200695,-0.5807287180172929,-0.09557021401652353,0.36162917907737935,0.36247201808989615,0.17194474288126987,0.16657993554319953,0.04239169590054472,-0.044729149890330014,-0.10753820321611313,1.0622405734736915,0.903957695253072,-0.0096053699217709,0.313995517880544,0.3446914923118764,-0.04960183543835337,0,0,0,0,0,test
187f110c-06d9-4454-8871-31ae1eb016aa,9,10,1,0.15633738644572184,0.1528101477521844,-0.07465413607196111,-1.137450827206924,-0.4606199779456137,0.13224950506256386,0.11067622869005588,-0.13842569025263865,-0.3512550062900659,0.7830515905741358,0.36158921453244197,0.3624720180898942,0.17196423720763798,0.16657993554319953,0.04254118803241137,-0.04472914949297429,-0.10667638641700249,1.2473751621569849,1.0819670865194562,-0.061572922034468645,0.26175415934313273,0.3006343468332249,-0.04960183554590492,1,1,1,1,0,test
187f110c-06d9-4454-8871-31ae1eb016aa,10,11,1,0.1563216361504567,0.1528101477521844,-0.07462097754597541,0.11912911234601394,0.39314753892957116,0.1322637119159925,0.11069123736388733,-0.13843412942414146,-0.8271542177464375,0.45245171369610016,0.36123778028013565,0.3884463265595689,0.17196423720763798,0.1665558306969281,0.04272585478354076,-0.044729149002121264,-0.1067302499669469,1.4419734926558239,1.3270736610252096,-0.15319710347473714,-0.13391699818033034,-0.04083675454508036,-0.049601835507500976,0,0,0,0,0,test
187f110c-06d9-4454-8871-31ae1eb016aa,11,12,1,0.15638584889269158,0.15284690696935718,-0.07469494656548199,-0.3224788987767919,2.6225844199032684,0.132300243824809,0.11069396621367487,-0.13852977336783986,-0.35289332273292484,-0.6979471662434608,0.36057424196260424,0.40576253220602126,0.17194015598094797,0.16658376170927436,0.04232720909856303,-0.04472915006173803,-0.107548975926102,1.7099218848939148,1.5607187027402025,-0.21211895616087795,-0.06758986557893144,0.017493298023328337,-0.04960183550456377,0,0,1,1,0,test
187f110c-06d9-4454-8871-31ae1eb016aa,12,13,1,0.15638584889269158,0.1528515018715038,-0.07468729459794683,1.8528539361142453,-0.5887571166152142,0.13216933781821652,0.11069669506346241,-0.13816126287888417,-2.6626640948912397,0.3951179936466942,0.34214170573649394,0.3711301209131223,0.1719680596245729,0.16578332776641977,0.04867329665721585,-0.0447291331915755,-0.08540028418895855,1.9653406283861035,2.3236914431377462,-0.486268245108769,-2.37431594701238,-2.6763621446760806,-0.04960183553519575,0,0,1,1,0,test
7edb0bf4-64dc-44be-a6b1-1d2cf29fefeb,0,1,1,0.15322003954439314,0.15008383914520257,-0.07263146598683279,-0.7233919231169771,-0.022047884848275176,0.13100539061231262,0.10989441322592611,-0.13658876392219538,0.27128926322671787,-1.4821915085730866,-0.23047917513602487,0.31918150397377293,0.16924955670045633,0.16604197659307832,0.02584496875569708,-0.04472919387587437,-0.10683797706683573,0.2423107095801323,0.08454862141924159,0.2575053221345641,0.7403396931079232,0.6977591159212332,-0.04960183561237378,1,2,0,0,0,test
7edb0bf4-64dc-44be-a6b1-1d2cf29fefeb,1,2,1,0.15514642181144042,0.1515281700532834,-0.07428174031858314,-0.6849477103449447,-0.5315682195307568,0.1314945122803559,0.10996263447061456,-0.13780400461859887,-0.3296683854854983,-2.077867283472127,0.35107282999321027,0.34515581244344573,0.17142680538658794,0.16649729035598318,0.03905303828885624,-0.04472915876472723,-0.10633165969735822,0.35160423327917034,0.17996707156798697,0.2363144110411041,0.7687515226585716,0.7209563076925763,-0.049601835893081696,0,0,0,0,0,test
7edb0bf4-64dc-44be-a6b1-1d2cf29fefeb,2,3,1,0.1558685122712896,0.15255895976817035,-0.07408533981851394,-0.1286485207091554,0.9503294640839248,0.13175125041731642,0.11036377538938272,-0.13768866927472725,0.48363524760681115,-0.287116900025262,0.36049938773557866,0.3538139152666719,0.17188167300184365,0.1666235538364526,0.041573886002686,-0.04472915206408208,-0.10651479576716924,0.455914859621046,0.35376132042539626,0.13570247438293875,0.287151070790346,0.32208605689569014,-0.049601835297497794,0,0,0,0,0,test
7edb0bf4-64dc-44be-a6b1-1d2cf29fefeb,3,4,1,0.15579339547848647,0.15268149049207963,-0.07372314668851618,-0.19188124353126146,1.0675403645577728,0.13191767355748052,0.11050158230365341,-0.1378658918762861,0.3785417499451915,-0.4081138240389786,0.15659774203372961,0.3797882237363466,0.17200781276069607,0.16660595347250837,0.042676024072918546,-0.04472914913457646,-0.10610543278759169,0.6459052328106334,0.578145934699032,0.054517666929107075,-0.013607693299073449,0.06462148142788463,-0.049601835424771624,0,0,0,0,0,test
7edb0bf4-64dc-44be-a6b1-1d2cf29fefeb,4,5,1,0.15621501876712324,0.1527427558540343,-0.07450874868879301,-0.6579291429002958,0.007999760629928928,0.1320627864175017,0.11055752372429795,-0.13815282370738138,0.8728702364966335,-0.8725547515568391,0.21317231307648762,0.3797882237363447,0.17199022964279545,0.16659294450785395,0.0426408494536558,-0.044729149228071,-0.10593306942776956,0.8912005569316663,0.7990096918245811,-0.0034414615999701745,0.007015036568283488,0.08253983373581503,-0.049601835580289376,1,1,1,1,0,test
7edb0bf4-64dc-44be-a6b1-1d2cf29fefeb,5,6,1,0.15637009859742643,0.15284690696935718,-0.07466178803949627,0.3193312525252167,-0.14444824753109253,0.13225153461305367,0.11067759311494965,-0.13842850330980624,0.6489713192672162,0.6240806034743861,0.35197044635966057,0.34515581244344573,0.1719772334252167,0.166637328034322,0.042201166712871545,-0.044729150396755686,-0.1076782484459686,1.1326469103997001,1.1584724825219292,-0.13541581615476111,-0.7616022504000908,-0.6228186084343991,-0.04960183558720361,0,0,0,0,0,test
7edb0bf4-64dc-44be-a6b1-1d2cf29fefeb,6,7,1,0.15639190669856282,0.15284997023745492,-0.07470259853301715,1.843612814785825,-0.7151006159692872,0.13215716051527768,0.11066122001622442,-0.1382006456792306,-0.33998266782885767,0.01630528707040459,-0.6110805673102143,0.3105234011505467,0.1720215734616618,0.16652560398493693,0.04339710376780473,-0.04472914721789874,-0.10479116216894796,1.5256085314047334,1.6234132883640253,-0.2757721378826715,-1.2773081907955637,-1.1596175061493974,-0.04960183541088494,0,0,1,1,0,test
36d3bd37-24d7-453f-b5ee-69a50ddd3e41,0,1,1,0.15449460189969738,0.15199838170628532,-0.07212643612951197,-0.642672434197076,0.04609764485481957,0.13105714414980268,0.10982892083102518,-0.13686725658178783,0.25070013333777585,1.3283433580487127,0.005999283910480144,0.319181503973771,0.15124559069528007,0.16622486733145522,-0.11361946540279821,-0.044729564596840965,-0.09926476194465098,-0.5009902985056299,-0.5356280927266511,0.3813605714223244,0.372208183308292,0.3936281440647653,-0.04960183522718673,1,3,0,0,0,test
36d3bd37-24d7-453f-b5ee-69a50ddd3e41,1,2,1,0.15524819295007689,0.1523705687801598,-0.07309313469478769,-0.052880087218298115,-0.3268049846084526,0.1314234780132127,0.11023551944936841,-0.1370444791833467,0.7650713637325228,0.9080609394334426,0.29086782893971375,0.24991668138797116,0.1716095169160772,0.16607755993757425,0.043669707067090974,-0.04472914649309346,-0.09330745332079868,-0.32636759915322894,-0.3528049492504272,0.32084329231793457,0.23274155817317546,0.27613619073340606,-0.049601835282895974,1,1,0,0,0,test
36d3bd37-24d7-453f-b5ee-69a50ddd3e41,2,3,1,0.1558079342125774,0.1525620230362681,-0.07395270571457109,-0.5230386163803039,0.5580817267844275,0.13181924035872492,0.11043472548385871,-0.13773086513224128,0.6624766533555433,0.19655923928223631,0.04098919453992541,0.24991668138797116,0.1714623538640827,0.1663771487412335,0.040246044125517536,-0.04472915559374611,-0.10137621310247205,-0.12650691627620503,-0.14013453973478757,0.2513815019902248,0.055142032464731885,0.12423743261042056,-0.049601835499932544,0,0,1,1,0,test
36d3bd37-24d7-453f-b5ee-69a50ddd3e41,3,4,1,0.15587820476068354,0.1525620230362681,-0.07410064375358426,-0.5229245670931901,-0.2012928429666885,0.1321023626520529,0.11055343044961664,-0.1382709721084206,0.32970474264575156,1.3895654128203982,0.2704345280353107,0.18930996162539557,0.1717616491100871,0.16656042209621788,0.041137134480173636,-0.044729153225012926,-0.10611620549758057,0.10598254028463654,0.08137074070977403,0.18873488956004603,0.003229132159149501,0.07927499214743539,-0.049601835503762105,0,0,1,1,0,test
36d3bd37-24d7-453f-b5ee-69a50ddd3e41,4,5,1,0.15594605218644117,0.15254976996387715,-0.07426388572766776,0.09844227646844761,-0.22168983084721217,0.13214193888660414,0.11059026992174842,-0.1383047287944318,0.7353813509825062,2.1813175626607437,0.29812551717191005,0.28454909268087203,0.17194474288126987,0.16626045067595116,0.0448392631575771,-0.04472914338429998,-0.09901698961490667,0.3481302015093441,0.27164409735101763,0.15010046638214872,0.18816097337779622,0.23822055296532585,-0.04960183551492535,0,0,0,0,0,test
36d3bd37-24d7-453f-b5ee-69a50ddd3e41,5,6,1,0.15636040610803248,0.15283159062886853,-0.07466688935118639,1.2717804791018912,-0.3620610759599758,0.13222718000717598,0.11065576231664934,-0.13840599885246543,0.7710716521257587,0.9858297641815805,0.05464438175138048,0.2152842700950722,0.17164506539357197,0.16585640753844905,0.04563655452753256,-0.04472914126444609,-0.08730705385699085,0.5561353931308742,0.6256278381213797,0.008462093645730789,-0.7330795728243412,-0.5949346180379607,-0.04960183551957386,1,1,1,1,0,test
36d3bd37-24d7-453f-b5ee-69a50ddd3e41,6,7,1,0.15638584889269158,0.15284997023745492,-0.07468984525379188,1.7642191892907613,-0.7175332473221921,0.13219064809835948,0.11066394886601195,-0.13828785045142622,0.08262454665299938,-0.689508327757487,0.2720521405684897,-2.4081208853421687,0.1712414181652442,0.16465920017363447,0.05171297000517103,-0.04472912510673547,-0.07422898393048688,0.9431073640341568,1.1112691073675494,-0.14086516193828108,-1.3707555468142822,-1.2649663404277756,-0.04960183654820803,0,0,1,1,0,test
f7167bf4-11bb-49af-9ea5-6d18208a12bf,0,1,1,0.15638463733151733,0.15284843860340605,-0.07468984525379188,1.2261931339689305,-0.580899344469134,0.13224037208535974,0.11068168638963095,-0.13838912050945984,-0.9045220579239561,1.5417939923617232,-0.4436208773705346,0.21528427009507412,0.17207317609028325,0.166660285030771,0.042761029402803505,-0.044729148908634934,-0.10712884023653557,1.5800547379024545,1.6802259517650764,-0.29184092713148047,-1.3092332378032743,-1.1952818021878708,-0.04960183550004555,0,0,0,0,1,test
d8d7a113-a53b-417c-a043-ef2cefd544a4,0,1,1,0.15635434830216124,0.15283618553101513,-0.07464648410442595,-0.050177971516133055,1.338724819649044,0.132164263941992,0.11061619399473002,-0.13831316796593462,0.26410868521915165,1.268421142880576,-1.4777510544640056,0.29320719550409435,0.1628875259539721,0.1666885986597247,-0.027895987041227036,-0.044729336714472455,-0.10792602077571291,1.1651193400132904,0.7902932769703577,-3.659623683031983,1.6125028254680016,1.4020905632307326,-0.04960183418288315,1,2,0,0,0,test
d8d7a113-a53b-417c-a043-ef2cefd544a4,1,2,1,0.15638827201504008,0.15284997023745492,-0.07469494656548199,0.26524038391313487,0.4584919158782853,0.13228096309515586,0.11068577966431226,-0.13849320362466105,0.6595089604594965,0.1919499746733121,-0.35037154123240066,0.06809652210024632,0.17207279384858976,0.16668898127633222,0.042538256814139475,-0.044729149500765425,-0.1079367934857018,1.1231182008945433,0.8049911986456165,0.2576228721928591,1.2766162130316703,1.1317593612775037,-0.049601835475415954,0,0,0,0,0,test
d8d7a113-a53b-417c-a043-ef2cefd544a4,2,3,1,0.15638948357621432,0.15285303350555265,-0.07469239590963693,1.2782017668736136,-0.14287369991941992,0.13228400742089055,0.11068987293899357,-0.13849320362466105,-0.3360006785813544,-0.17821991694821415,-0.11209594637942662,0.07675462492347057,0.17207317609028325,0.1666885986597247,0.042544119250683264,-0.04472914948518311,-0.10792602077571291,1.1391858420423515,0.9592488792547277,-0.01636177230505337,0.40565357765569904,0.42151159392754123,-0.049601835470134116,0,0,1,1,0,test
d8d7a113-a53b-417c-a043-ef2cefd544a4,3,4,1,0.15637979108682037,0.15284997023745492,-0.07467709197456661,1.4643006391057418,-0.7159265550169117,0.13227588921893133,0.11068577966431226,-0.13847913833882305,-1.225339596954819,-1.8046276222814144,0.21152615443978195,-6.589984548959952,0.17207279384858976,0.16668821604311723,0.042544119250683264,-0.04472914948518311,-0.10792602077571291,1.3078190074029081,1.345812615811277,-0.19032307127276582,-0.9002665597620634,-0.7607407891304341,-0.04960183543533525,0,0,1,1,0,test
17c14987-3120-409d-b6b2-fbbe959e33e0,0,1,1,0.15636888703625218,0.15283465389696627,-0.07467964263041166,-0.5466593351016816,-0.3763188016162886,0.13222007658046167,0.11062847381877396,-0.13844256859564424,0.6993426736579055,1.208215242423383,-0.9259345738417367,0.24991668138797116,0.17204489020496483,0.16668400726043492,0.042362383717825774,-0.04472914996823517,-0.10781829367582409,-0.16055331937162695,-0.25209877484560483,0.32231085565347495,0.5428937718003919,0.5355476757990772,-0.049601835298258797,1,1,0,0,0,test
17c14987-3120-409d-b6b2-fbbe959e33e0,1,2,1,0.15638827201504008,0.1528515018715038,-0.07469239590963693,-0.1301580283030255,-0.6127466773075546,0.132300243824809,0.11069942391324995,-0.13851852113916946,-0.18212369381289026,0.4464952102519762,0.11863523049037193,0.3105234011505467,0.17206820694826785,0.16668783342650975,0.04251187584969242,-0.04472914957088584,-0.10791524806572403,-0.01641579540507743,-0.16630730541440916,0.33923526092126116,0.828867570813723,0.7699499546664267,-0.049601835488115184,1,1,0,0,0,test
17c14987-3120-409d-b6b2-fbbe959e33e0,2,3,1,0.15639069513738857,0.15285303350555265,-0.07469494656548199,0.7566708854560349,-0.611299995297905,0.13231242112774785,0.1107062460377188,-0.13853821253934268,0.26893793630022994,1.7212410924842172,0.3560125746190395,0.016147905160887294,0.17207202936520277,0.16668745080990227,0.042544119250683264,-0.04472914948518311,-0.10791524806572403,0.07737069868707762,-0.25526964178335676,-3.843445456805702,1.9301567488199884,1.6593073264019973,-0.04960183554100846,0,0,0,0,0,test
17c14987-3120-409d-b6b2-fbbe959e33e0,3,4,1,0.15638948357621432,0.1528515018715038,-0.07469494656548199,0.36921449010580754,0.7202170234766849,0.13230531770103354,0.1107062460377188,-0.13851852113916946,-0.7362969320633869,1.1702408242869256,0.361038591913305,0.12870324186281612,0.17207164712350928,0.1666870681932948,0.042544119250683264,-0.04472914948518311,-0.10792602077571291,-0.019882159780185663,-0.20567224053568167,0.40347920624895844,1.056188500416776,0.9541488692750578,-0.049601835496963724,1,1,0,0,0,test
17c14987-3120-409d-b6b2-fbbe959e33e0,4,5,1,0.15638100264799462,0.1528515018715038,-0.07467709197456661,1.3858841473326287,1.6277159519002913,0.13227994831991094,0.11070488161282503,-0.13845100776714706,-1.2039055623610986,1.8433542950320934,0.36158604274316125,0.20662616727184602,0.1720712648818158,0.16668630296007983,0.04254705046895516,-0.04472914947739195,-0.10791524806572403,0.03433729129043456,-0.05092774454291044,0.25419910516586175,0.40266100272745137,0.4190340922322276,-0.0496018355309992,1,2,1,1,0,test
17c14987-3120-409d-b6b2-fbbe959e33e0,5,6,1,0.15639069513738857,0.1528515018715038,-0.07469749722132704,-0.9808802541301966,-0.613595116891124,0.13230836202676824,0.11070215276303749,-0.13853539948217508,-0.5012497915251702,-0.00994181554974048,0.3614299907105487,0.34515581244344573,0.1720705003984288,0.1666866855766873,0.042538256814139475,-0.044729149500765425,-0.10792602077571291,0.20350263902770416,0.05895386458243198,0.2555642235110757,0.6787463708051101,0.6473503739303628,-0.04960183547312453,0,0,1,1,0,test
17c14987-3120-409d-b6b2-fbbe959e33e0,6,7,1,0.15638948357621432,0.1528515018715038,-0.07469494656548199,-0.13335680329429592,-0.6969004304059261,0.1322971994990743,0.1107062460377188,-0.13849601668182868,-0.4591811805698455,1.4189355389731344,0.36163932880307775,0.3018652983273244,0.1720708826401223,0.1666866855766873,0.04254118803241137,-0.04472914949297427,-0.10792602077571291,0.32362426596096594,0.3208961913645456,0.1115123934351866,-0.23032541044835134,-0.12651729424570757,-0.04960183551006654,0,0,0,0,0,test
17c14987-3120-409d-b6b2-fbbe959e33e0,7,8,1,0.15639190669856282,0.15285303350555265,-0.07469749722132704,0.13027724133805538,-0.0635041643359473,0.13231242112774785,0.1107062460377188,-0.13853821253934268,-0.5348864591794981,-0.24746735398671676,0.36120415931375977,0.3018652983273186,0.1720708826401223,0.1666870681932948,0.042538256814139475,-0.044729149500765425,-0.1079367934857018,0.6099773573127626,0.6230606309979495,0.020025673409422295,-0.4552769214444061,-0.33121574076758425,-0.04960183554791579,0,0,1,1,0,test
17c14987-3120-409d-b6b2-fbbe959e33e0,8,9,1,0.15639190669856282,0.15285303350555265,-0.07469749722132704,1.8594877849981855,-0.7198782714267246,0.13215208663905315,0.11069805948835619,-0.13811062784986736,-1.2891231849414535,-0.647314667903255,0.36102717347189434,-2.9968718773214897,0.1720712648818158,0.16668630296007983,0.04254705046895516,-0.04472914947739195,-0.10791524806572403,0.9403009153591168,1.5763711610588995,-0.2926566520392924,-2.823597354197655,-3.6450295541320985,-0.04960183544061009,0,0,1,1,0,test
6e1d60ea-5b50-415f-a9a1-fb7aa198c557,0,1,1,0.15636646391390369,0.152837717165064,-0.07466944000703145,-0.4514932434839057,0.2754238739190297,0.1322971994990743,0.11069942391324995,-0.13851008196766668,-0.26250975220517847,0.8651431542387467,-0.008323882123499417,0.24125857856474306,0.17207317609028325,0.16668898127633222,0.04254118803241137,-0.04472914949297427,-0.1079367934857018,0.18503945637941402,-0.02727080482454928,0.3759565959958147,1.1132778409689035,1.0002123093714597,-0.049601835501982744,1,1,0,0,0,test
6e1d60ea-5b50-415f-a9a1-fb7aa198c557,1,2,1,0.15637736796447188,0.15284384370125947,-0.07468219328625672,0.13622571550889592,0.5014750439509609,0.13229922904956412,0.11070078833814372,-0.13851289502483427,-0.31350693554789305,0.9163339693712445,0.2208512149251666,0.24991668138797116,0.17207317609028325,0.16668898127633222,0.04254118803241137,-0.04472914949297427,-0.1079367934857018,0.22936420139334163,0.05267624389716279,0.28730196050171763,0.865456062104771,0.7996933906831948,-0.049601835479007324,1,2,0,0,0,test
6e1d60ea-5b50-415f-a9a1-fb7aa198c557,2,3,1,0.15638463733151733,0.15284997023745492,-0.07468729459794683,-0.23896104820949826,-0.47074928773728,0.13230227337529882,0.11070761046261257,-0.13850726891049908,-1.2366083761479043,0.504945563885966,0.35122126973154905,0.21528427009506834,0.17207317609028325,0.16668898127633222,0.04254118803241137,-0.04472914949297427,-0.1079367934857018,0.31676162519708473,0.2755600436384179,0.13617795596780358,-0.004834594980478398,0.07225942935050132,-0.049601835517258094,0,0,1,1,0,test
6e1d60ea-5b50-415f-a9a1-fb7aa198c557,3,4,1,0.15638100264799462,0.15284997023745492,-0.07467964263041166,0.23842704044586555,-0.2704470083378917,0.13230633247627843,0.11070897488750633,-0.13851570808200186,-1.1637336719209928,0.8027835179074406,0.3601282883897317,0.32783960679699525,0.17207317609028325,0.1666885986597247,0.042544119250683264,-0.04472914948518311,-0.10792602077571291,0.560416271821768,0.4504132147321247,0.10927300799275726,0.28076539743509704,0.31669698801313373,-0.049601835514786544,0,0,1,1,0,test
6e1d60ea-5b50-415f-a9a1-fb7aa198c557,4,5,1,0.15638827201504008,0.15284843860340605,-0.07469749722132704,0.7889139245014837,-0.5991496362837501,0.13228806652187017,0.11070351718793126,-0.13847632528165546,-2.0781728221158957,-0.020924412800976698,0.3616463067394954,-1.6202335284286729,0.17207279384858976,0.1666866855766873,0.04255584412377085,-0.04472914945401847,-0.10788292993575738,0.7515642496626921,0.937094022605633,-0.09428155792777543,-1.3753824233780882,-1.2702567622139818,-0.04960183550703934,0,0,1,1,0,test
aeb8c811-2f9b-4da1-a9de-cf9b4ee32ece,0,1,1,0.15544810054382707,0.15185593973974076,-0.07437101327316005,-0.6842302896164499,-0.1931852077619051,0.13204655001358323,0.11050976885301603,-0.1382062717935658,-0.4299527474625981,-1.0426945598553972,-0.050284751234161804,0.29320719550409435,0.17180331345467775,0.1664180887182342,0.04254705046895516,-0.04472914947739135,-0.1078721572257685,-0.5630114217831563,-0.7253579307185667,0.6053079680184725,1.2004503564668834,1.0704707747950495,-0.049601835532137414,1,2,0,0,0,test
aeb8c811-2f9b-4da1-a9de-cf9b4ee32ece,1,2,1,0.15531119413113753,0.15186206627593624,-0.07407258653928867,-0.8676781902921953,-0.6107794608227796,0.13202321018295046,0.11046064955684033,-0.1382428415367446,-0.27189868317155386,-0.3539443133713885,0.3461292792202441,0.22394237291829644,0.17180254897129077,0.16642114965109406,0.042517738286236215,-0.04472914955530617,-0.10755974863609088,-0.5337786208773072,-0.6975312148737711,0.5937906651196148,1.1935883633442346,1.0649442792069599,-0.04960183520946898,1,1,0,0,0,test
aeb8c811-2f9b-4da1-a9de-cf9b4ee32ece,2,3,1,0.15544446586030433,0.15187891425047376,-0.07432510146794907,-1.1488986997369046,-0.5477808856831204,0.13205365344029754,0.11050567557833472,-0.1382344023652418,-0.8530173802757901,-0.6190199894858779,0.35828230702833924,0.24125857856474306,0.1718056069048387,0.1664379847818233,0.04241221442844799,-0.0447291498357986,-0.10783983909580185,-0.5033586952310282,-0.7119589936170325,-4.169373944693972,1.4608877740035724,1.2799859263904654,-0.04960183545298504,1,1,1,1,0,test
aeb8c811-2f9b-4da1-a9de-cf9b4ee32ece,3,4,1,0.15523365421598595,0.15181611725447025,-0.07398586424055681,-0.47154250392386093,-0.6542595351396299,0.13196333844350117,0.11047565823067179,-0.13804592753501255,0.03454457455712463,-0.3613902533456647,0.35901879649932783,0.319181503973771,0.17182242553935237,0.1664310976828886,0.042593949961305486,-0.04472914935272787,-0.10766747573597972,-0.5191310184566259,-0.7441803284253599,-4.090313131587652,1.5733831320530605,1.3705409227946905,-0.0496018356628639,1,1,0,0,0,test
aeb8c811-2f9b-4da1-a9de-cf9b4ee32ece,4,5,1,0.15508947843625098,0.15169358653056095,-0.07388638866259967,-0.29978740660283437,0.6307114447260141,0.13188520074964363,0.1104401831834338,-0.1379024616194649,-0.383845570459204,-0.07323221656848258,0.3599386153907433,0.32783960679699525,0.1718155451888695,0.16640393190375732,0.04274930452971592,-0.044729148939777655,-0.10703188584663562,-0.5543551036329046,-0.5976336013331687,0.4055070406095593,0.45263547986436325,0.4607541919469858,-0.04960183547706597,0,0,1,1,0,test
aeb8c811-2f9b-4da1-a9de-cf9b4ee32ece,5,6,1,0.15489926333189474,0.15156492927045617,-0.07370019078591068,0.0182732884594775,3.2542297342025996,0.1317208071599693,0.11040607256108957,-0.1375170727875036,-0.3971857415369908,0.395862356861346,0.35662346123451066,0.32783960679699525,0.17178840602863155,0.16640125358750493,0.04256170656031464,-0.044729149438433785,-0.10772133928592413,-0.3941514861196372,-0.45013569670831854,0.365410224440702,0.44685007124384524,0.4559134575971601,-0.04960183537712234,0,0,0,0,0,test
aeb8c811-2f9b-4da1-a9de-cf9b4ee32ece,6,7,1,0.15591334003473659,0.15234453100132908,-0.0745368059030886,-1.2411755787141474,-0.4103745702629309,0.13212570248268568,0.11053159965131634,-0.13838068133795703,-0.25783958044902516,-0.111951175444804,0.3600350377848779,0.3538139152666719,0.1717857303367771,0.16656042209621788,0.041321801231303024,-0.04472915273416024,-0.10786138451577962,-0.2329080495353273,-0.38535821734952896,0.42515518510209305,0.9606276940646169,0.8768943894093587,-0.049601835469456915,0,0,1,1,0,test
aeb8c811-2f9b-4da1-a9de-cf9b4ee32ece,7,8,1,0.15604782332507763,0.1527550089264252,-0.07413635293541503,0.1983859218561579,-0.14981527896146976,0.1321632491667471,0.1106489401921805,-0.1382428415367446,-0.2691440377657074,1.6184870143240777,0.35982569969234884,0.3797882237363447,0.17194474288126987,0.16665913718094852,0.041784933718262446,-0.04472915150310196,-0.10761361218603531,-0.16209386806172355,-0.15162214713781944,0.24695204248982303,-0.06817589757984001,0.017030035639872477,-0.049601835424456744,1,1,1,1,0,test
aeb8c811-2f9b-4da1-a9de-cf9b4ee32ece,8,9,1,0.15551715953075895,0.1526156302279784,-0.07325127535718107,0.48967535407747703,-0.2126142686263914,0.1321673082677267,0.11062574496898642,-0.13830191573726422,-0.04964972220199299,1.621465532333958,0.3591196593984554,0.35381391526666994,0.17204336123819086,0.16664765868272405,0.04262912458056822,-0.04472914925923808,-0.10731197630634658,0.09342438699759556,0.15159273450550195,0.14618563352956593,-0.46107187152979756,-0.3365616520673315,-0.04960183552323526,0,0,0,0,0,test
aeb8c811-2f9b-4da1-a9de-cf9b4ee32ece,9,10,1,0.15638948357621432,0.15285303350555265,-0.07469239590963693,0.1540471844341524,-0.12792450970911487,0.13230430292578862,0.11070761046261257,-0.13851289502483427,-0.1424674155249421,0.9759021992663032,0.32632653002485285,0.30186529832732056,0.17203189398738608,0.1666847724936499,0.04225685986003755,-0.04472915024871693,-0.1079367934857018,0.42489627918498324,0.4010234474005263,0.09374934770278619,-0.15880765392914556,-0.06284316713961347,-0.04960183546255393,0,0,1,1,0,test
aeb8c811-2f9b-4da1-a9de-cf9b4ee32ece,10,11,1,0.1563834257703431,0.15285303350555265,-0.07467964263041166,1.5815092101614403,-0.5143141931625339,0.1322637119159925,0.11069805948835619,-0.13842006413830343,-1.9199949899213027,1.2849086194361619,0.330565943577494,0.3711301209131185,0.17206897143165484,0.16668132894418256,0.04256756899685843,-0.044729149422853776,-0.10783983909580185,0.6975717821974649,0.9353314882649729,-0.09870957499971898,-1.5801440710225196,-1.5126413590009655,-0.04960183554830215,0,0,0,0,0,test
a39edc0a-39de-4f2e-83e7-68c32e175681,0,1,1,0.155552294804812,0.1526876170282751,-0.07320536355197009,0.7497243451491472,-0.22078704452779702,0.13185272794180672,0.11053978620067895,-0.13760709061686682,-0.38381438142783236,-1.3353202848847936,-0.1403565888708474,0.28454909268087203,0.1720269248453707,0.1666304409353873,0.04263498701711201,-0.044729149243655,-0.10759206676605754,-0.09542625159468034,-0.31303292929862114,0.584252397687853,1.2978475159508889,1.1488439668805912,-0.049601834542025665,1,2,0,0,0,test
a39edc0a-39de-4f2e-83e7-68c32e175681,1,2,1,0.154940456411819,0.15228632890747215,-0.07258555418162181,0.3573984660454276,-0.3835210119779115,0.13167006839772416,0.11033239361682602,-0.137528325016174,-0.9850761821530023,-0.48127001119916096,-0.014988445760196758,0.2932071955040963,0.17201469311117895,0.16663388448485464,0.042514807067964316,-0.04472914956309528,-0.10761361218603531,-0.08302848725553606,-0.3839614482059887,-3.9045793338207715,1.8172077499726331,1.5675295912816976,-0.04960183513012628,1,2,0,0,0,test
a39edc0a-39de-4f2e-83e7-68c32e175681,2,3,1,0.1550906899974252,0.15217298798785606,-0.07309058403894263,-0.23185481732084312,-0.5502173396294263,0.13185881659327614,0.11038969946236434,-0.13793340524830852,-0.5860655866503856,0.03771216478058514,0.32970131381956347,0.3364977096202195,0.17201813328642038,0.16656042209621788,0.043103981940615224,-0.044729147997042314,-0.10655788660712477,-0.16056693208665204,-0.3711936891688145,0.5873892375820498,1.2888206515077842,1.141582348324735,-0.04960183557307928,0,0,1,1,0,test
a39edc0a-39de-4f2e-83e7-68c32e175681,3,4,1,0.15342600494401457,0.15167214365387682,-0.07042004736917043,0.48989784190153424,0.1961752992293374,0.13055584517882052,0.11027372334639395,-0.13456054970435524,-1.5500881964097317,0.6549813520064992,0.36023042000457167,0.36247201808989615,0.17194474288126987,0.16649461203973082,0.04304535757517732,-0.044729148152854836,-0.10631011427738046,-0.14660932807952703,-0.37548318364249345,-4.209529005400267,1.3967418701707517,1.2283901524923238,-0.04960183523483368,1,1,1,1,0,test
a39edc0a-39de-4f2e-83e7-68c32e175681,4,5,1,0.15020204065935241,0.15164916914314383,-0.06367101200315588,-0.4573143967854991,1.7626362125544164,0.13059948051435136,0.10980845445761864,-0.13564076365671393,-0.6051546938444083,0.08313270041653101,0.36146234296121227,0.3797882237363466,0.1718789973099892,0.16645022851326277,0.0428812093519512,-0.04472914858916656,-0.10633165969735822,-0.15129856642433312,-0.36657055709320335,0.6238157459329726,1.3132091732512088,1.161201895272045,-0.04960183526064994,1,1,0,0,0,test
a39edc0a-39de-4f2e-83e7-68c32e175681,5,6,1,0.15605993893682008,0.15266770578563985,-0.07430724687703369,-0.16185035063945985,2.7661752122500323,0.13212164338170607,0.1105998208960048,-0.1382287762509066,-0.6956483890466767,0.139721879726073,0.36149596392758815,0.3711301209131223,0.1718346572735441,0.1665986837569662,0.041403875342916084,-0.044729152515985464,-0.10778597554585743,-0.14155535998722982,-0.23492286087331155,0.3178451273732175,0.5441423425670089,0.5365783657171939,-0.049601835476001985,0,0,0,0,0,test
a39edc0a-39de-4f2e-83e7-68c32e175681,6,7,1,0.15585397353719865,0.15260797205773408,-0.07397311096133154,0.2508039237251831,0.5755383369498257,0.13202321018295046,0.11056161699897926,-0.13803467530634214,-0.7191319398843343,1.1151409039823237,0.35967155073330476,0.3711301209131223,0.17198296705061908,0.16659562282410634,0.04256463777858653,-0.04472914943064412,-0.10772133928592413,0.002360765539385184,-0.22850775556484354,0.6215379913136999,1.3290112008186794,1.1739122847048884,-0.049601835307629356,0,0,1,1,0,test
a39edc0a-39de-4f2e-83e7-68c32e175681,7,8,1,0.15501193852109937,0.1525160740148021,-0.07235344449972184,0.07755971172917431,1.2991650562030614,0.13194101338811332,0.11050021787875965,-0.13793340524830852,-0.47553969441467686,0.08685558164106305,0.3579492691538612,0.3971044293827951,0.17197990911707114,0.1665807007764145,0.04265550554501528,-0.04472914918911406,-0.1074951123761576,0.009373703306999789,-0.13906846003283357,0.32796629195245436,0.8060657785906893,0.7513854317439396,-0.0496018354502683,0,0,0,0,0,test
a39edc0a-39de-4f2e-83e7-68c32e175681,8,9,1,0.15602359210159275,0.1525696812065124,-0.07439396917576555,-1.352498715614139,-0.6508001820770466,0.13218151512115534,0.11056980354834188,-0.13845663388148224,-0.8612008940614244,0.3504419987506123,0.358818973774641,0.41442063502924553,0.17196500169102497,0.16665378054844376,0.04198132534247941,-0.04472915098109329,-0.10721502191644663,0.10714796941566757,-0.018222541472694167,0.2675116410174496,0.6108093897395714,0.5915507913279759,-0.04960183516868968,0,0,1,1,0,test
a39edc0a-39de-4f2e-83e7-68c32e175681,9,10,1,0.15635071361863853,0.15283618553101513,-0.07463883213689079,0.02448018083527293,-0.4047322414329415,0.1322667562417272,0.11068032196473718,-0.13846507305298505,-0.19784458078831,1.3117138613233865,0.361332933958558,0.40576253220602126,0.17203800985448198,0.16668553772686487,0.04229789691584408,-0.04472915013964059,-0.10788292993575738,0.23925568481260628,0.14900908131743237,0.19388470034422667,0.3268149769272361,0.3554845848657011,-0.049601835511797226,1,1,0,0,0,test
a39edc0a-39de-4f2e-83e7-68c32e175681,10,11,1,0.15636161766920673,0.15284537533530831,-0.07464648410442595,0.7223177727504199,-0.4554927095106418,0.13225254938829856,0.1106885085140998,-0.13840881190963306,0.12968746512529025,0.8671910850864031,0.35861471054496113,0.3797882237363447,0.17206973591504182,0.16667941586114512,0.042588087524761696,-0.044729149368315575,-0.10771056657593525,0.42207185181399154,0.34934668108418027,0.12501104025240212,0.12817632083541067,0.18700158938611355,-0.04960183554248764,0,0,1,1,0,test
a39edc0a-39de-4f2e-83e7-68c32e175681,11,12,1,0.15638584889269158,0.15284997023745492,-0.07468984525379188,0.992168312773281,0.4374212820456861,0.1322961847238294,0.11070488161282503,-0.13849601668182868,-0.026560196674710396,0.6259421328492581,0.3610379575554488,0.38844632655957084,0.17206362004794595,0.1666752070784628,0.04257343143340222,-0.044729149407271365,-0.10777520283586856,0.6410791871765041,0.7815445860600309,-0.04584370963857003,-1.1242298503397254,-0.9929822782407954,-0.04960183551881032,0,0,0,0,0,test
a39edc0a-39de-4f2e-83e7-68c32e175681,12,13,1,0.15638827201504008,0.15284997023745492,-0.07469494656548199,1.545095441556774,0.5614320351432622,0.13224849028731894,0.11069669506346241,-0.13838068133795703,-1.0503201020136368,0.4904259543073454,0.36031098345230256,0.3624720180898942,0.17205941538931752,0.16666105026398595,0.04264964310847149,-0.04472914920470023,-0.10751665779613535,1.1135542074833626,1.247064444064729,-0.1749347854647943,-1.2799597257492208,-1.162564419420164,-0.0496018354689293,0,0,1,1,0,test
5f5c28f1-3835-400a-bb39-c843e4a535ce,0,1,1,0.15560439193530448,0.152310835052254,-0.07394250309119088,0.27363579255243764,-0.5900731317330203,0.13090898696404682,0.10992443057358903,-0.13625963623358608,0.11060440265609973,1.1717302608170779,-0.18599927097859634,0.28454909268087014,0.17200551931053512,0.16663809326753695,0.04241221442844799,-0.04472914983578787,-0.10769979386594637,-2.6485550421312807,-2.5555006961576447,0.949820067420402,0.7031566167562378,0.6754756729334283,-0.04960183582103218,1,4,0,0,0,test
5f5c28f1-3835-400a-bb39-c843e4a535ce,1,2,1,0.1553548103334103,0.1522434431541039,-0.07352929684429202,0.35035244282206046,1.1170951300834748,0.1308044651138218,0.10980026790825602,-0.13622587954757487,-0.008791525829959205,-0.42468083188961897,0.13578446077349357,0.32783960679699525,0.1720223379450488,0.16664038896718186,0.042523600722780004,-0.04472914953972157,-0.10709652210656892,-2.534474899850696,-2.499687784874873,0.9896292799802503,1.0126656505943148,0.922516884818413,-0.04960183552440005,0,0,0,0,0,test
5f5c28f1-3835-400a-bb39-c843e4a535ce,2,3,1,0.154940456411819,0.15217758289000266,-0.07276665074662068,-0.05911978090278093,-0.5866750900809743,0.1297693943640206,0.10933909229416203,-0.13430737455927116,0.1681664350378447,-0.2616145156701931,0.18984443727447847,0.30186529832732056,0.17202463139520974,0.16660021422339613,0.042848965950960355,-0.044729148674891556,-0.10659020473709142,-2.4734607068430137,-2.3398980956641076,0.8603133187812808,0.36272363327765295,0.39335808615208095,-0.04960183536325969,0,0,1,1,0,test
5f5c28f1-3835-400a-bb39-c843e4a535ce,3,4,1,0.15515611430083437,0.1521178491620969,-0.07332014306499754,0.2833728178766711,1.6147684074829838,0.13049191433839163,0.11003904226466564,-0.13486717293562372,0.1637746610815928,-0.30182273355145467,0.3433514261681693,0.14601944750926657,0.17198449601739305,0.16656922227819002,0.04277861671243487,-0.04472914886187885,-0.10608388736761391,-2.2987799974145373,-2.130804851462276,0.7841706622758856,0.06888822421198676,0.14244234853305512,-0.049601835391527266,1,2,1,1,0,test
5f5c28f1-3835-400a-bb39-c843e4a535ce,4,5,1,0.15480476156030373,0.15176251006275993,-0.07317220502598437,-0.3410322469021357,-0.1597331127882734,0.13028388541318647,0.10951646753035202,-0.13536789711145666,0.09616653489934038,-0.8036797624134807,0.34555581971828575,0.05943841927702013,0.17195353444022018,0.16649652512276822,0.043098119504071435,-0.044729148012610215,-0.10569606980801413,-2.0702010671075812,-2.027513100696717,0.8175453389843393,0.7171373249923256,0.6808874925306251,-0.04960183561688288,0,0,1,1,0,test
5f5c28f1-3835-400a-bb39-c843e4a535ce,5,6,1,0.15593030189117602,0.15252066891694868,-0.07427918966273808,-0.3961761022625076,-0.511761250106198,0.13181112215676571,0.11028736759533164,-0.13801217084900133,0.10074983152426208,0.1940772592908109,0.35054123810975774,0.1546775503324966,0.17188090851845667,0.16651565595314238,0.04239462711881662,-0.04472914988254264,-0.10436025376939263,-1.9572834164696973,-1.761475908121558,0.6679001354953331,-0.25741428220897083,-0.14735689234566382,-0.04960183549411347,0,0,0,0,0,test
5f5c28f1-3835-400a-bb39-c843e4a535ce,6,7,1,0.15608053547678222,0.15253139035529076,-0.07457761639660948,-0.9842953667001454,-0.14856938175553278,0.13211555473023665,0.11054524390025403,-0.13832442019460503,0.061976596861523625,0.054838199524366096,0.3006166404730056,0.19796806444861983,0.17190002060313128,0.1664881075574036,0.04275223574798782,-0.0447291489319935,-0.10511434346861445,-1.6664538531673225,-1.576186509402825,0.647122988529946,0.2164221804827865,0.2635849202734331,-0.049601835496607835,0,0,1,1,0,test
5f5c28f1-3835-400a-bb39-c843e4a535ce,7,8,1,0.15599209151106244,0.1525344536233885,-0.07438631720823038,-0.3641395819829392,0.002102077527857191,0.13205872731652207,0.11054251505046649,-0.13817251510755457,0.7270165743632188,0.6698735870054762,-0.1425400486117109,0.18065185880217322,0.17187249920119985,0.1664808378418614,0.04259688117957738,-0.04472914934493754,-0.10643938679724706,-1.4638970813403727,-1.3321611133221134,0.5598610828267504,-0.1288670346266543,-0.03533441942814298,-0.04960183548455068,0,0,1,1,0,test
5f5c28f1-3835-400a-bb39-c843e4a535ce,8,9,1,0.15614232509666864,0.15269068029637284,-0.07444243163682158,0.0771348053028226,-0.48254979392274555,0.1321683230429716,0.11062028726941134,-0.13831598102310222,0.10612049706049334,0.9878152061545511,-2.5371527798307247,-0.2176208710661908,0.17186523660902348,0.16633582614762532,0.0436521197574596,-0.04472914653996362,-0.09998653351390614,-1.1971306240271067,-1.1221287390194947,0.5155134312763481,0.07017118111772776,0.13766292599441807,-0.04960183550824615,0,0,0,0,0,test
5f5c28f1-3835-400a-bb39-c843e4a535ce,9,10,1,0.15624894248000207,0.15266157924944437,-0.07471535181224243,-0.8766653172763719,-0.3802466725430176,0.13221094360325752,0.11059572762132348,-0.13848476445315827,0.2421819636029654,-0.3561781131161926,0.3308710697063015,-0.13103984283393857,0.17172036700718996,0.16636413977657907,0.04232427788029114,-0.04472915006954908,-0.10759206676605754,-0.967525044797674,-0.9799785022884793,0.5106046833272241,0.47939690413159625,0.4831288183224919,-0.04960183550137216,1,2,0,0,0,test
5f5c28f1-3835-400a-bb39-c843e4a535ce,10,11,1,0.15632405927280515,0.15278870487550028,-0.07466178803949627,1.198295405132226,2.1777644053765695,0.13214904231331845,0.11063256709345526,-0.1382372154224094,-0.6952822990092771,-0.06578627659420633,0.3612764761093607,0.28454909268087014,0.17174865289250837,0.1664513763630852,0.041872870266419296,-0.04472915126942372,-0.10748433966616872,-0.8121276326101622,-0.8531412547352463,0.4868491589253029,0.5736574324701847,0.5610597094193239,-0.0496018355134578,0,0,0,0,0,test
5f5c28f1-3835-400a-bb39-c843e4a535ce,11,12,1,0.15635192517981278,0.15280708448408667,-0.07468984525379188,1.3877965499483365,0.6205355153037563,0.13225356416354347,0.11065439789175557,-0.13848195139599068,0.07860313187287489,-0.3844727915335696,0.36157335558603826,0.35381391526666994,0.17183580399862458,0.16642994983306617,0.042705336255637494,-0.04472914905665196,-0.107365839856291,-0.6734702480568329,-0.6805048610003901,0.4135145036247461,0.29399727945811244,0.32797861519466137,-0.04960183551145941,0,0,1,1,0,test
5f5c28f1-3835-400a-bb39-c843e4a535ce,12,13,1,0.15633254020102488,0.15280861611813554,-0.07464648410442595,1.3156919363186268,0.766461366898612,0.1322302243329107,0.1106885085140998,-0.13834692465194584,0.44668133485819417,-1.0069539414637438,0.36146805218191763,0.38844632655957084,0.17181439846378901,0.16641464516876683,0.04265843676328718,-0.044729149181314744,-0.10750588508614647,-0.48474563209615035,-0.3104156544764839,0.2565126645813862,-0.816608329592317,-0.676898582299376,-0.049601835577417076,0,0,1,1,0,test
5f5c28f1-3835-400a-bb39-c843e4a535ce,13,14,1,0.15635677142450974,0.1528193375564776,-0.07467964263041166,1.313202921223888,-0.6727391086710719,0.13218050034591045,0.11066394886601195,-0.1382597198797502,-1.2686021631951951,-2.0627892461479567,0.3599024569929428,0.27589098985764393,0.17179910879604934,0.16630751251867157,0.04336192914854199,-0.04472914731132092,-0.10492043468881455,-0.0801673050043009,0.2659924013981075,0.07703632656765945,-1.7496370247324267,-1.7268968284484851,-0.04960183550693575,0,0,0,0,0,test
5cef0615-ee15-431d-8cfc-1b73950aec9a,0,1,1,0.15624288467413086,0.1528101477521844,-0.07445518491604686,0.6495217420612734,-0.13257043602654242,0.13218963332311456,0.11065439789175557,-0.1383047287944318,-0.08147381281345718,-1.831220277727059,0.2262521377124159,0.3451558124434476,0.17205673969746307,0.16667138091238798,0.042549981687227054,-0.044729149469600736,-0.1078075209658352,0.6395509253805524,0.45189127818650715,0.155383507109479,0.7156615177873917,0.6775752961245882,-0.04960183551048181,1,4,0,0,0,test
5cef0615-ee15-431d-8cfc-1b73950aec9a,1,2,1,0.15600905336750184,0.15272284461139904,-0.07410829572111942,0.08932200206677034,0.10029353938204867,0.13202929883441988,0.11062028726941134,-0.13793059219114093,-0.10854827542128649,-0.3636240530904688,0.24315333407378342,0.3711301209131185,0.1720555929723826,0.16666717212970567,0.04257343143340222,-0.044729149407271254,-0.10776443012587966,0.7531800558768921,0.5681074991300001,0.11389319722387335,0.6394760350852189,0.615112256472718,-0.049601835323946686,1,1,0,0,0,test
5cef0615-ee15-431d-8cfc-1b73950aec9a,2,3,1,0.15630103961049455,0.15281167938623327,-0.07457506574076442,-0.07074374466887293,-0.35136676228811226,0.13224443118633933,0.11066940656558703,-0.13842569025263865,0.28507334372163423,-2.1849027815556057,0.07158554265768537,0.3624720180898942,0.1720513883137542,0.1666732939954254,0.04249428854006105,-0.04472914961763307,-0.10783983909580185,0.8802266257887275,0.6551440345972103,0.11764171479642056,0.8210991433258439,0.7636135624353276,-0.049601835480343,0,0,1,1,0,test
5cef0615-ee15-431d-8cfc-1b73950aec9a,3,4,1,0.15637009859742643,0.1528423120672106,-0.07466944000703145,-0.34148671766592276,-0.5812760794001379,0.13227893354466605,0.11068577966431226,-0.13848757751032587,0.24384078616008548,-0.17970917595315428,0.3342743996045388,0.3797882237363447,0.17205750418085006,0.1666847724936499,0.04245325148425452,-0.044729149726709105,-0.10791524806572403,0.9753742153278449,0.8255391249252726,0.010895431289731231,0.30768972214405876,0.3393850603819425,-0.04960183544368836,0,0,1,1,0,test
5cef0615-ee15-431d-8cfc-1b73950aec9a,4,5,1,0.15638827201504008,0.15284997023745492,-0.07469494656548199,-0.29581359279478275,-0.5095092700895425,0.1322971994990743,0.11069805948835619,-0.13851289502483427,0.0640932947805832,0.6415785535376747,0.3517141657857765,0.3797882237363466,0.17206897143165484,0.1666847724936499,0.04254118803241137,-0.04472914949297427,-0.10791524806572403,1.1616486577443084,1.0300074456954529,-0.05915449141711099,0.10367403167616535,0.16597951688723503,-0.04960183559271339,0,0,1,1,0,test
5cef0615-ee15-431d-8cfc-1b73950aec9a,5,6,1,0.15638584889269158,0.15284997023745492,-0.07468984525379188,1.666095584939034,-0.09163658424044943,0.13221500270423714,0.11068987293899357,-0.13830191573726422,-1.3962362219633058,1.3817060166269652,-0.04767563737182255,0.3797882237363447,0.17206897143165484,0.16667826801132268,0.04259101874303359,-0.04472914936052439,-0.10773211199591302,1.3851716616640013,1.4948401256386095,-0.24128581292962692,-1.2768138324873863,-1.1590672316368793,-0.04960183536620718,0,0,1,1,0,test
a04f9a94-8a08-4f23-914b-fb5dfc668a66,0,1,1,0.15625015404117631,0.1527657303647673,-0.07454445787062376,0.34464630989895634,-0.5814124945044268,0.13214904231331845,0.11058754107196088,-0.13833004630894022,0.842184735089051,1.6229546138136859,-0.07243272142373451,0.15467755033249275,0.17194168494772194,0.16654703051495598,0.042620330925752535,-0.04472914928260842,-0.10468343506905912,1.3722342530916574,1.325040219812444,-0.169285119880055,-0.48105522575328985,-0.35514957847772893,-0.04960183530110303,0,0,0,0,1,test
a04f9a94-8a08-4f23-914b-fb5dfc668a66,1,2,1,0.15638463733151733,0.15284843860340605,-0.07468984525379188,1.5723505237009054,-0.7148815274779207,0.1321703525934614,0.11063802479303034,-0.13828503739425863,-0.47914513607727743,0.3266150973480556,-0.14801709434169805,-0.9795339195100083,0.17193136442199763,0.16588701686704768,0.04759753955143036,-0.044729136051550475,-0.08935386875487862,1.7076989445065758,1.816786879665986,-0.3307069882374714,-1.3978131382143266,-1.2960379049017512,-0.04960183552451426,0,0,0,0,1,test
043ab0db-4bbe-4332-ba1c-1506227a516b,0,1,1,0.15638827201504008,0.15284843860340605,-0.07469749722132704,0.9539757205665743,-0.7134990277725425,0.13225559371403328,0.11069942391324995,-0.13839474662379503,-1.1155067719531029,1.3060050055502475,-0.37009118954863646,-0.03580071177846788,0.17207241160689626,0.16647127242667434,0.04420318879257587,-0.044729145075238834,-0.10182866692200514,1.628286753989527,1.6417244517942995,-0.27011177401329084,-0.9141690829160798,-0.7748023994442627,-0.04960183544804976,0,0,0,0,1,test
c4a9cbc5-a7f8-4d91-8513-867ab86609e7,0,1,1,0.14694051797828875,0.15226948093293463,-0.05577163085102169,1.2172170126870108,3.665337502167684,0.12069324457360693,0.11006633076254102,-0.10764803178191903,0.257790495638698,0.032500202076325146,-0.5013671073735991,0.30186529832732056,0.17188052627676317,0.16572555265868982,0.04844466163200803,-0.04472913379923019,-0.08627287369805807,0.06024697350403313,-0.2308108774340303,-3.9063393377208104,1.6782356583810778,1.4551145982869056,-0.04960183552151971,1,2,0,0,0,test
c4a9cbc5-a7f8-4d91-8513-867ab86609e7,1,2,1,0.12050909940099108,0.14370458333167485,-0.014389790420855385,0.6432523761403135,3.1087737454336692,0.09851837592198358,0.09771282777435433,-0.07164652615096487,0.03537021999941733,-0.7463458648388626,0.047633458725225994,0.319181503973771,0.1711106915060699,0.16016613335196073,0.08513178952304666,-0.044729036172324224,0.048504500972857176,0.006855950353120967,-0.1872834872706029,0.41166656864617884,1.0944644117869673,0.9850403802185516,-0.04960183566656691,1,1,0,0,0,test
c4a9cbc5-a7f8-4d91-8513-867ab86609e7,2,3,1,0.1389611760847206,0.13976215728989327,-0.05980166708620801,-0.6449575201029359,-0.1484157305805439,0.11418447615279821,0.09470563530848694,-0.12127448070177699,0.12084758427341986,-2.193093312198712,-0.102378218381086,0.27589098985764776,0.16555671969962815,0.16349336737063355,0.017051313940011886,-0.044729217278615424,-0.09472945103933124,0.05443971768424449,-0.01912408666953057,0.23848587532166846,0.32118832275255893,0.3507629364202247,-0.04960183574578558,0,0,1,1,0,test
c4a9cbc5-a7f8-4d91-8513-867ab86609e7,3,4,1,0.128576885260279,0.1346357781283381,-0.04647704095164262,-0.017733808656890497,-0.06962896607937194,0.10312545553384382,0.09121543643022523,-0.09781358392398688,0.13791674576787197,-1.123110729330102,-0.44379342270740707,0.20662616727184407,0.16888069346623635,0.16207118144061897,0.053436526349045325,-0.044729120512399356,-0.029166738046989275,0.23827012338281028,-0.13637971077949496,-3.7781812315792305,2.106176778356256,1.8032975754720881,-0.04960183539353439,0,0,1,1,0,test
c4a9cbc5-a7f8-4d91-8513-867ab86609e7,4,5,1,0.1450904640652188,0.1496473234412757,-0.0562435021823568,-0.19134487739479766,0.358538468426875,0.12633640971051327,0.10834715539639178,-0.12683589472212364,0.09251764068445682,-1.0642877502757557,0.214979598608655,0.28454909268087014,0.16745990109152584,0.16535671024907614,0.01737081673164845,-0.044729216409522175,-0.0827717429516711,0.11008728689834302,0.02969830592113005,0.22646554068738295,0.3337963847417806,0.3613555189782926,-0.049601835366077957,0,0,0,0,0,test
c4a9cbc5-a7f8-4d91-8513-867ab86609e7,5,6,1,0.15344902460632517,0.15103957879169508,-0.07152193069423403,-1.177996751463388,0.21418462871957303,0.1305801997846982,0.10927087104947356,-0.1366956600945642,0.7949831777778342,-0.9391958521927873,0.346696395143641,0.22394237291829644,0.1707422105135434,0.16614834400995862,0.03647649742786048,-0.044729165614234616,-0.10498507094874786,0.2916423416770908,0.14973597699360028,0.22309716099721982,0.615814575336261,0.5956641258448071,-0.049601835520662184,1,1,0,0,0,test
c4a9cbc5-a7f8-4d91-8513-867ab86609e7,6,7,1,0.1562913471211006,0.15276266709666955,-0.07463628148104573,-0.9874090632970078,-0.0770629553320798,0.13220789927752283,0.11061619399473002,-0.13843412942414146,0.6911282346786536,-0.45520931005180015,0.3496956390875116,0.09407083056991716,0.17153306857737877,0.16614834400995862,0.04254118803241137,-0.04472914949297438,-0.10319680109059327,0.42286648789483416,0.2410233069251316,0.224132800660936,0.7945342854899206,0.7419804118709252,-0.04960183544299977,1,1,0,0,0,test
c4a9cbc5-a7f8-4d91-8513-867ab86609e7,7,8,1,0.15586124290424413,0.15274122421998543,-0.0737665078378821,1.2921155641034021,5.54882348560638,0.13184663929033733,0.11062438054409264,-0.13741580272947,0.3723436270276011,-0.44552957033271984,0.3603078116630218,-0.21762087106618502,0.17153306857737877,0.16546690383203125,0.04776168777465648,-0.04472913561428287,-0.08814732523612372,0.5226610092624681,0.477272760372311,0.0775068370453621,-0.0827214019232804,0.0042389213163417355,-0.04960183541067481,0,0,1,1,0,test
c4a9cbc5-a7f8-4d91-8513-867ab86609e7,8,9,1,0.15637615640329763,0.15284537533530831,-0.07467709197456661,-0.5651204295463421,1.5805695760228762,0.1322626971407476,0.11066394886601195,-0.13848757751032587,0.6835761837809325,-1.0508850405695374,0.32274748300046235,-0.15701415130361138,0.17085229612126915,0.16578371038302725,0.04011413930328226,-0.044729155944961796,-0.09558049512845299,0.7809268731869525,0.8143950016998156,-0.03888282952242755,-0.6442396197459949,-0.5091230458129155,-0.04960183575662419,0,0,1,1,0,test
c4a9cbc5-a7f8-4d91-8513-867ab86609e7,9,10,1,0.15639069513738857,0.15284843860340605,-0.07470259853301715,1.855709592152799,-0.7191143594529791,0.13214396843709392,0.11066940656558703,-0.13814719759304617,0.1914057446489043,-0.3450094694425964,0.3509903634719109,-1.9059509215951098,0.1711687922434807,0.1644985011984916,0.052387150207706894,-0.04472912331354716,-0.07177280605302155,1.1494659983962856,1.414334697963621,-0.2327194106402753,-1.8396013804167552,-1.8466540935526992,-0.04960183534277456,0,0,0,0,0,test
76a076c3-94dd-44d5-b7bb-ffd9ab279b39,0,1,1,0.15388155194553013,0.1503503434697053,-0.07358030996119312,-1.0360557778593178,-0.5399943793780713,0.12945379926285572,0.10818205998424571,-0.13581798625827277,1.5209503782817493,1.3035232030840342,-0.013218587341542123,-0.009826403308781642,0.15995420319811293,0.16644601973058046,-0.048531763675368295,-0.04472939157336452,-0.10385393639991514,0.12354721267152315,-0.1448004246924073,-3.978405256291831,1.5007555186375205,1.31207559066502,-0.0496018356674278,1,2,0,0,0,test
76a076c3-94dd-44d5-b7bb-ffd9ab279b39,1,2,1,0.1531885389538628,0.1503411536654121,-0.0721366387528922,-0.79610314515932,-0.5649546084098208,0.1289332195622204,0.10859411630216402,-0.13352534466667818,0.8990838609180138,-0.5951930880833212,0.35841108167313745,0.28454909268087203,0.1718304526149157,0.1662845555222226,0.04377816214315109,-0.04472914620489921,-0.10238884784142704,0.10088183511063983,-0.10938490216801898,0.41170295573703347,1.1456655143947523,1.0263233110840075,-0.049601835432266254,1,2,0,0,0,test
76a076c3-94dd-44d5-b7bb-ffd9ab279b39,2,3,1,0.15148993018757334,0.14989544815719202,-0.06930286010903651,-0.10996040668068482,-0.009545394280378143,0.12739583506619215,0.1079651164261364,-0.130560382412027,1.1163520443042367,-1.0766975614702767,0.3179631560493895,0.17199375597894512,0.17166914662026198,0.1641480243860371,0.05890911086267341,-0.044729105969929815,-0.04374221466194798,0.1395977787356404,-0.02067248166323291,0.29700615899933563,0.8106125898192066,0.7550846453938637,-0.049601835533709414,1,1,1,1,0,test
76a076c3-94dd-44d5-b7bb-ffd9ab279b39,3,4,1,0.15352656452147678,0.1501604208476459,-0.07314924912337889,-1.1349082941874846,-0.5997952779042557,0.12818330065623698,0.10756806878204955,-0.13356191440985699,0.8017042234748625,-0.7954063774252546,0.2320355782869228,-0.1656722541268337,0.16953470900380152,0.1655047828761721,0.03214708804027147,-0.04472917712551246,-0.10397243620979285,0.23657743133671297,0.06674754072927956,0.2749694523236935,0.8186931980789298,0.7616619201095981,-0.049601835432284934,0,0,1,1,0,test
76a076c3-94dd-44d5-b7bb-ffd9ab279b39,4,5,1,0.15296440013662777,0.1504759374617123,-0.07144030970719228,-0.4599683895150504,0.06917328260154694,0.1277347699979898,0.10787233553336009,-0.1316912313934025,1.3812763512281998,0.04102176731117265,-0.8559439684992917,-0.6158936009345433,0.1708901380489249,0.16458879871785762,0.04955852457532816,-0.044729130834842014,-0.07283930434192097,0.33214424547348265,0.09639913403448182,0.3747280567222619,1.1820765304572354,1.055657109668673,-0.049601835489187604,1,1,1,1,0,test
76a076c3-94dd-44d5-b7bb-ffd9ab279b39,5,6,1,0.15564316189288027,0.15237822695040415,-0.07391189522105023,-0.608447505553042,-0.5304239568888289,0.13186389046950067,0.1102709944966064,-0.1381922065077278,0.945740513274384,-0.46943919848415033,-1.680036356348388,-0.36480861906101475,0.16997505143470454,0.16543093787092786,0.036089576615970335,-0.04472916664467103,-0.09279036324133229,0.36455911141270775,0.28359151258115634,0.1482575037303338,0.20659770314504108,0.2539002720307551,-0.0496018354596654,0,0,1,1,0,test
76a076c3-94dd-44d5-b7bb-ffd9ab279b39,6,7,1,0.1552712126123875,0.1522036206688334,-0.07341961864295468,-0.46206022823716336,0.6886574010927694,0.13130779363529374,0.11031056281852572,-0.13656907252202216,0.5971890465840954,-0.965008461856133,-1.3320936096822977,-0.37346672188424096,0.1708163654020809,0.1654045373250115,0.04274344209317213,-0.04472914895527715,-0.10475884403898131,0.5691962043668511,0.4999147144685241,0.0784126608190511,0.03367313212590162,0.1056476353333807,-0.049601835505224165,0,0,0,0,0,test
76a076c3-94dd-44d5-b7bb-ffd9ab279b39,7,8,1,0.15637615640329763,0.15285303350555265,-0.07466433869534134,1.5498455889701075,0.5014076073960148,0.13221398792899225,0.11068987293899357,-0.13829910268009662,0.40810308872984347,-0.7681044199943627,-0.017796747989366674,-0.5552868811719754,0.1707899907252299,0.16471429696511206,0.04782910579491007,-0.044729135433403615,-0.08856746092569015,0.8056788620287147,0.9386249537109752,-0.0888380448891198,-1.1551864596867534,-1.026124861091501,-0.0496018356316267,0,0,0,0,0,test
76a076c3-94dd-44d5-b7bb-ffd9ab279b39,8,9,1,0.15638584889269158,0.15284997023745492,-0.07468984525379188,1.624346424518664,-0.701713299033378,0.1321987663003187,0.11065166904196803,-0.13833567242327544,-0.06780235599039412,-1.1983148473379406,0.34421922771538066,-1.7933955848931695,0.17010042671016998,0.16438218574981675,0.04508548549241629,-0.04472914272781992,-0.09857530850536246,1.285273109961235,1.4664683185451566,-0.2404998657353037,-1.5531581308132227,-1.4797413185293204,-0.049601835707107696,0,0,1,1,0,test
179482b7-19f9-49e5-b643-f9339f34250c,0,1,1,0.13576750082941458,0.13645995428053775,-0.058577352280581786,-0.12604556422634464,-0.3674267367286671,0.12872214631128057,0.10856273452960732,-0.13300492909067205,-0.2610659878391896,0.8327739171515179,-1.5467095595744969,0.18930996162539748,0.15242289511123605,0.15283328606954755,-0.0019986736090341385,-0.04472926813568368,-0.07274234995202103,0.3396161146992803,0.04159796814021542,-3.880748884419918,1.5718636015062755,1.3693355554462265,-0.04960183658935015,1,3,0,0,0,test
179482b7-19f9-49e5-b643-f9339f34250c,1,2,1,0.15352898764382525,0.1514730312275242,-0.07096843837585717,-0.22204668652810639,-0.4500741926006881,0.1309658143777614,0.10968838506696695,-0.13690382632496664,-0.012762081441822224,-0.3949799762665999,0.27394379569552485,0.34515581244344573,0.1582310576438501,0.16615255279264093,-0.05949745123052773,-0.0447294207335844,-0.10466188964908137,0.30465094973344237,0.10918098250587215,0.28846059570584326,0.9430165996848463,0.86261645578385,-0.04960183514833136,1,1,0,0,0,test
179482b7-19f9-49e5-b643-f9339f34250c,2,3,1,0.14815329071370656,0.15117129931989756,-0.060153657592825545,0.18636575280881565,-0.2318611685528222,0.1299287140774704,0.10997627871955226,-0.13343532683731496,-0.44237157445194764,0.16594821189639353,0.24982297257332994,0.319181503973771,0.17153727323600718,0.16576802310212044,0.04548706239566591,-0.04472914166173879,-0.09332899874077644,0.3785321178677408,0.0862074971362001,-3.9052836558731276,1.5149176329665885,1.3234767513833112,-0.04960183580873741,1,1,1,1,0,test
179482b7-19f9-49e5-b643-f9339f34250c,3,4,1,0.15278387752166547,0.15076388466289917,-0.07058073868740887,0.08514048260337918,0.5689545006077946,0.13018240788869617,0.10986166702847563,-0.1343748879312936,-0.05157658795048855,-0.35940463384748195,0.3506141892632148,0.3538139152666719,0.1711531203340475,0.16592374806136606,0.04134818219575008,-0.044729152664353115,-0.10350920968027089,0.35341770189859906,0.23647665034631574,0.17971543627100323,0.4299756724922375,0.44181001448796514,-0.04960183585372165,0,0,1,1,0,test
179482b7-19f9-49e5-b643-f9339f34250c,4,5,1,0.1459688459165454,0.1509354276763722,-0.05594762610433046,0.5701125791041999,-0.20737464019971816,0.13021488069653306,0.10954375602822741,-0.13512034808070778,-0.23800810444326193,0.2337891166788298,0.29279500810669323,0.38844632655957084,0.17130869270329885,0.16549713054402243,0.04580949640557437,-0.04472914080422195,-0.08994636780426718,0.5176906435233645,0.424308398302523,0.1102453966038594,0.20277353716205493,0.2506463921222372,-0.049601835317632376,1,1,1,1,0,test
179482b7-19f9-49e5-b643-f9339f34250c,5,6,1,0.15432861801882602,0.1515725874407005,-0.07248607860366468,-0.7324694694981274,0.27207671808207257,0.1317522651925613,0.11045928513194657,-0.1374945683301628,0.30411223855333536,1.0809726263949087,0.3266532243207694,0.28454909268087203,0.17088249321505503,0.16506018237827674,0.04588863929891553,-0.04472914059321585,-0.07714838833747417,0.7230266895989244,0.8305095286742674,-0.055241104778258894,-0.9981358579538795,-0.860679447812304,-0.049601835350448806,0,0,0,0,0,test
179482b7-19f9-49e5-b643-f9339f34250c,6,7,1,0.15390820629136348,0.15140410769532522,-0.07188157316838674,-0.20729818231145752,-0.3172613071553563,0.13191665878223563,0.11048111593024687,-0.13790527467663252,0.4010087553115989,1.266293680737865,0.3083577093915872,0.18065185880216938,0.17044597320108693,0.16497868504088287,0.04316553752432502,-0.04472914783301604,-0.09527885924876427,1.1670822602333597,1.0641957062624134,-0.0790044915990328,-0.06783084572800081,0.017283949266292804,-0.049601835284112876,0,0,1,1,0,test
179482b7-19f9-49e5-b643-f9339f34250c,7,8,1,0.15636282923038097,0.152837717165064,-0.07466178803949627,-0.42772092660889044,-0.3360366309287547,0.13227487444368644,0.11068714408920603,-0.13847351222448787,0.8863742881384534,1.2704303732319782,0.33318901331266854,0.36247201808989615,0.1703645557203731,0.16637982705748589,0.03180706672073164,-0.04472917802556302,-0.10588997858781403,1.42254597310712,1.273116445600158,-0.12608865362043334,0.07732423014608758,0.14332026058672068,-0.04960183567781651,0,0,1,1,0,test
179482b7-19f9-49e5-b643-f9339f34250c,8,9,1,0.15638948357621432,0.15284997023745492,-0.07469749722132704,1.825069285473279,-0.7195603420796133,0.13215107186380826,0.11067486426516211,-0.13815563676454898,-0.7389290784670238,1.3531631579629668,0.34246459388527356,0.2585747842111954,0.17176432480194154,0.16542787693806799,0.049834059092886296,-0.04472913010476858,-0.08113429103336088,1.6509363225851914,1.824371176026565,-0.3386393003800745,-1.649644988880985,-1.5988864809279832,-0.04960183544953851,0,0,1,1,0,test
b54c9b71-f224-4983-ad55-6dac1f2775b5,0,1,1,0.049328668853007275,0.030882887658141848,-0.05242006907061991,-1.5285341409460254,-0.7181627860772547,0.054302588951064094,0.01728134471155148,-0.11490290621716133,0.42004363003387135,1.1665177655371812,0.30073653410781775,0.28454909268087014,0.13609658789879706,0.13545407452445127,0.005944927907801487,-0.044729247241193364,-0.09136836552279974,-1.5236613256876805,-1.2965008229629236,0.5274467376341307,-0.6310640173266898,-0.49504103227429647,-0.04960183534885825,1,1,0,0,0,test
b54c9b71-f224-4983-ad55-6dac1f2775b5,1,2,1,0.13643385947524853,0.14415794701013926,-0.04716061671811726,-0.9158719986268232,-0.24040738123055008,0.11472839568406629,0.10035708321847912,-0.11113059655540874,0.06199501069606194,0.5641409908354562,0.29210926726419656,0.3364977096202195,0.1408688754420472,0.16482066438199233,-0.18243567677207864,-0.04472974765390105,-0.09467558748938681,-1.1581471023171896,-1.1469071565861884,0.550774934445066,0.4336900846683911,0.4452477032526047,-0.049601835488695914,1,1,0,0,0,test
b54c9b71-f224-4983-ad55-6dac1f2775b5,2,3,1,0.15385974384439374,0.15173800391797806,-0.07122350396036264,-0.4206060637968965,-0.2139120111105974,0.1309049278630672,0.10980026790825602,-0.13650437220716735,1.0461097389073393,1.8396315913327734,0.31574797841571856,0.28454909268087203,0.17020668990096083,0.1660901862856212,0.03281540580626355,-0.044729175346442794,-0.09258568175154351,-0.9946125970699358,-1.025786307755646,0.5372438344668852,0.608882203179913,0.590151615718743,-0.049601835510443906,0,0,1,1,0,test
b54c9b71-f224-4983-ad55-6dac1f2775b5,3,4,1,0.155557141049509,0.15243336577616332,-0.07363897504562937,-0.6026457740789608,2.516592522394645,0.1313595471727838,0.11042926778428365,-0.13646780246398854,0.4848064591963844,1.519455994913682,-0.23225664584895328,0.07675462492346673,0.17147496783996793,0.16642076703448658,0.040008615445494035,-0.04472915622481468,-0.10151625833232752,-0.8622043302737511,-0.9527444011097079,0.5653378650015021,0.9086358834912525,0.8348350517180014,-0.04960183555367412,1,1,1,1,0,test
b54c9b71-f224-4983-ad55-6dac1f2775b5,4,5,1,0.1544534088197731,0.1523307462948893,-0.07148622151240326,0.5421848543338934,-0.16967003307905312,0.13053047579769794,0.11005950863807218,-0.13493187325047853,0.6435919414286251,1.9744034066600344,-0.21186330948948762,0.042122213630569685,0.1718052246631452,0.16619617108589402,0.04426181315801377,-0.04472914491921445,-0.0962699485677415,-0.7823555482031403,-0.8373614233778561,0.49124717230193593,0.6444965211029393,0.6193527992713639,-0.04960183547388519,1,2,0,0,0,test
b54c9b71-f224-4983-ad55-6dac1f2775b5,5,6,1,0.1525488346538622,0.1513918546229343,-0.06904014255699588,0.24080945128737033,2.0045848650840394,0.12730856439513047,0.10921356520393526,-0.12774451218725866,0.6639023354928197,0.4412827149720797,-0.14694947006979994,0.24991668138797116,0.1715808487890653,0.16572937882476466,0.04611727432412335,-0.044729139986342585,-0.09045268517374468,-0.6562198725802597,-0.698093559631778,0.43693478037789096,0.4972114761780677,0.497797795919336,-0.04960183549654711,0,0,1,1,0,test
b54c9b71-f224-4983-ad55-6dac1f2775b5,6,7,1,0.15441827354572005,0.15164457424099723,-0.07255494631148116,0.031182545610714648,-0.4582254662468962,0.13111498633876215,0.11016184050510487,-0.13634121489144652,1.2201636597196328,1.0190884025818086,-0.2051378474986,-0.20896276824296847,0.1711145139230048,0.1662462938614743,0.03858111214708114,-0.04472916001955252,-0.0990600804548622,-0.5039734456680384,-0.5155654747318391,0.3646034335771518,0.234476928496692,0.2776378033518628,-0.04960183549054378,0,0,1,1,0,test
b54c9b71-f224-4983-ad55-6dac1f2775b5,7,8,1,0.15602843834628974,0.15277645180310934,-0.07405983326006339,-0.2750934161133204,0.30384235091737827,0.13146914289923334,0.11045109858258395,-0.1367266037234078,1.630535296532731,0.5157421147148423,0.24900782272817898,0.22394237291829644,0.17163092245091277,0.16648428139132876,0.04071797026729264,-0.0447291543392281,-0.104327935639426,-0.3044353182805644,-0.31333292030611515,0.3018985046849654,0.1168631739076428,0.17735778284725953,-0.04960183547074298,0,0,0,0,0,test
b54c9b71-f224-4983-ad55-6dac1f2775b5,8,9,1,0.15623924999060812,0.1528009579478912,-0.07446283688358202,0.5334981182819066,1.1028365477636084,0.13205060911456284,0.1105684391234481,-0.13809656256402936,0.9799388828079307,0.8009219885325686,0.29756347611136236,0.1200451390395938,0.17186867678426493,0.16652522136832945,0.0422275476773186,-0.0447291503266493,-0.10566375167804748,-0.08335643483632206,-0.04927786650271186,0.21015342447527122,-0.2423630436150957,-0.13726938826875715,-0.04960183556657588,1,1,1,1,0,test
b54c9b71-f224-4983-ad55-6dac1f2775b5,9,10,1,0.15638584889269158,0.15284690696935718,-0.07469494656548199,0.6284151789113587,-0.3806799044353871,0.13227791876942113,0.11068305081452472,-0.13849039056749346,0.6986712541646245,0.22832861867752413,0.35141728630909896,0.1200451390395938,0.17190957664546858,0.16654817836477845,0.042365314936097666,-0.04472914996045393,-0.10789370264574626,0.20530627146453936,0.16845175474431734,0.16676164803816704,0.02539197168770476,0.09849008348757422,-0.04960183569415711,0,0,0,0,0,test
b54c9b71-f224-4983-ad55-6dac1f2775b5,10,11,1,0.15639190669856282,0.1528515018715038,-0.0747000478771721,1.8529726250601537,-0.7197911858688879,0.13212874680842038,0.11067622869005588,-0.13809093644969417,0.15990023476767606,-0.4760578709696888,0.3267096821699666,-0.2435951795358655,0.1719325111470781,0.16632473026600833,0.04425301950319809,-0.044729144942680835,-0.10164553085219412,0.443326414634467,0.880361016562271,-0.09673563850297753,-2.2230317999966687,-2.4164898008762714,-0.049601836742779966,0,0,0,0,0,test
0c666b7a-9634-4633-9255-ccce67cc28d7,0,1,1,-0.22576598824838856,-0.23381717193501222,0.08591730134176298,-1.4517747626558757,-0.6733718232385524,0.11315143495348681,0.09040087476864499,-0.12728598386893974,0.4804080612456547,1.2057952187310068,-0.44669243811000625,0.2932071955040963,-0.014578883017201186,-0.004966985655052754,-0.07374610325020964,-0.04472946707620909,0.06662419917415839,-0.2576243543126776,-0.26317174721756603,0.2855502787301296,0.07340258461916054,0.13999944374353807,-0.04960183549583346,0,0,0,0,1,test
0c666b7a-9634-4633-9255-ccce67cc28d7,1,2,1,0.06904682696382133,0.04696810843933466,-0.06714500526412029,-1.2248817444217726,-0.1403666911628325,0.12608778977551202,0.1046290975608706,-0.13381227649777344,0.49995045030885243,0.28156718713246603,-1.4347809220042107,0.28454909268087203,0.0005854094470215147,0.15120831333756693,-1.1539146925349004,-0.044732337351654314,0.13795031201055274,-0.02852067325401563,-0.12781453564270912,0.28664082503837773,0.5213288128538506,0.5176998937354307,-0.04960183548543725,0,0,0,0,1,test
0c666b7a-9634-4633-9255-ccce67cc28d7,2,3,1,0.08049729162159729,0.12352836800596043,0.03624582941516912,0.15226404487044282,1.0613201647610098,0.12704269328096587,0.10870190586877179,-0.12806238764719755,0.26521961017131895,0.7432159981132306,-0.39849075641055376,0.32783960679699525,0.1566076771715887,0.13263112919444112,0.18486062878773246,-0.04472876919124268,0.5226330130035759,0.11945066244943645,0.017263242152256237,0.24158115440537195,0.461706363600085,0.4682299712595557,-0.049601835442088876,1,1,0,0,0,test
0c666b7a-9634-4633-9255-ccce67cc28d7,3,4,1,0.15499618822583422,0.15203667255750697,-0.07311864125323823,0.3877718304956955,-0.5262247806146481,0.13167209794821397,0.11017412032914879,-0.1378602657619509,0.7002705871481213,-0.423936291149755,0.14957286313473986,0.28454909268087014,0.13804869622746174,0.12930848657505808,0.06799588750554811,-0.04472908143828443,0.20879165289744742,0.278048437266462,0.19189307587982019,0.17869270238755064,0.2821040798856374,0.3178335969244744,-0.04960183550228004,0,0,0,0,0,test
0c666b7a-9634-4633-9255-ccce67cc28d7,4,5,1,0.15607568923208523,0.15271671807520357,-0.07425878441597765,1.5260305440745654,-0.6626472265100661,0.13194507248909293,0.11050158230365341,-0.13794184441981133,0.01945809789423978,-0.6603451960021475,-0.36872605144220466,0.20662616727184602,0.13472930936117544,0.04691429585322248,0.6737614555753823,-0.04472743981384052,2.2119124390703084,0.468952264625885,0.5611085489970188,0.023005201526721454,-0.811991084774654,-0.6724519767297342,-0.04960183567338886,0,0,1,1,0,test
0c666b7a-9634-4633-9255-ccce67cc28d7,5,6,1,0.1563470789351158,0.15279176814359802,-0.0747051491888622,1.7950599723898244,-0.7193797493712758,0.13215817529052257,0.11062847381877396,-0.1382709721084206,-1.2933775898696753,-1.9215024108684162,-0.8506933885239496,-6.564010240490277,0.05241585411779035,-0.04716003204524901,0.7632427557615229,-0.0447271678579189,2.540738638770973,0.8725754338969208,1.1553446707736559,-0.1628401416676141,-1.8180934115237861,-1.8176274523749532,-0.04960183564264376,0,0,0,0,1,test
181f8a67-7210-4a03-91ac-3b4555dbea27,0,1,1,0.15576795269382737,0.15225722786054371,-0.07437611458485016,-1.0136557749466069,-0.16266619172992147,0.13198667827413393,0.11033921574129488,-0.13839193356662743,0.47119593084903383,0.054838199524366096,-0.17788837142988015,0.16333565315572085,0.17152504150181544,0.1665963880573213,0.03904717585231245,-0.04472915878016661,-0.1080660660055684,-0.27058039686365254,-0.25410444125242887,0.2755226656636748,-0.04932032942232049,0.03353902433985919,-0.04960183473534894,1,2,0,0,0,test
181f8a67-7210-4a03-91ac-3b4555dbea27,1,2,1,0.1560550926921231,0.15260797205773408,-0.0743965198316106,-1.0768584478855898,-0.6391777890943454,0.13212874680842038,0.11057389682302318,-0.13830191573726422,0.41002827751971055,1.4360610411412789,0.1540165399170609,0.26723288703441966,0.17198067360045813,0.16663924111735942,0.042212891585959124,-0.044729150365590546,-0.10772133928592413,-0.01860837261422873,0.01812509284683496,0.18980565366841323,-0.2886173738368071,-0.17887096757596327,-0.049601835241556425,1,1,0,0,0,test
181f8a67-7210-4a03-91ac-3b4555dbea27,2,3,1,0.15635313674098703,0.15283618553101513,-0.0746439334485809,-0.012789982463642852,0.35889107114557167,0.1322626971407476,0.1106844152394185,-0.13844538165281187,0.7541250238955662,1.3385194582610358,0.10355273810258249,0.32783960679699525,0.17202348467012926,0.16668171156079004,0.04221582280423102,-0.0447291503577936,-0.10778597554585743,0.27899060500891165,0.20737183618966076,0.16778235729845398,0.1942976832384854,0.243445195145158,-0.04960183540748868,0,0,1,1,0,test
181f8a67-7210-4a03-91ac-3b4555dbea27,3,4,1,0.15638463733151733,0.15284843860340605,-0.07468984525379188,0.23684696687870085,-0.48153154648956475,0.1322911108476049,0.11069942391324995,-0.13849320362466105,0.7056533014091619,1.3556453154796044,-0.22243742059362887,0.28454909268087014,0.1720659134981069,0.16668056371096757,0.042549981687227054,-0.044729149469600764,-0.10778597554585743,0.48587351183120303,0.4936068647667965,0.058634807208167446,-0.36711700298045286,-0.2501477543770606,-0.049601835477659506,0,0,1,1,0,test
181f8a67-7210-4a03-91ac-3b4555dbea27,4,5,1,0.15638827201504008,0.15284843860340605,-0.07469749722132704,1.7598054710895568,-0.6587133889216857,0.13214599798758372,0.11068987293899357,-0.13811062784986736,-1.2595931110343463,1.2536354230089044,-0.10291171333810699,0.18930996162539748,0.17206476677302643,0.16665607624808867,0.04272878600181266,-0.044729148994337706,-0.10724734004641329,0.7987831751648858,1.0943179228803417,-0.1469747472691157,-1.8424994777983774,-1.8505797096169707,-0.04960183597495118,0,0,1,1,0,test
5149324c-805b-4ee2-b8f4-bf1d84441a60,0,1,1,0.15638706045386583,0.15284384370125947,-0.07470259853301715,1.4352919817353358,-0.6101074682313626,0.1321662934924818,0.11067213541537457,-0.1382034587363982,-2.2690753291774506,1.6336270745192514,-1.9472640437559847,0.09407083056991525,0.17207317609028325,0.16659332712446143,0.043273992600385135,-0.044729147545156174,-0.10524361598848105,1.862868533328042,2.0829510120255623,-0.41318009814177403,-1.8990058099945129,-1.9282302380170202,-0.04960183555986245,0,0,0,0,1,test
fde00e4d-805c-4530-bd45-f4eef372baa1,0,1,1,0.15089989989571673,0.15048819053410326,-0.06707358690045875,-1.021779170101696,-0.4497193796900229,0.11908381103519056,0.10349253162436084,-0.1167398325476046,0.6031302711744008,1.2000249392344549,0.25113482461984526,0.26723288703441966,0.16468367967169198,0.165789067015532,-0.007230898224366829,-0.044729281805358116,-0.08517405727919201,-0.0047549402431935756,-0.09481869843541116,0.27069892619045327,0.4523031176436824,0.4604155157699434,-0.049601835149537636,0,0,0,0,1,test
fde00e4d-805c-4530-bd45-f4eef372baa1,1,2,1,0.15557531446712264,0.15235525243967113,-0.07380731833140299,-0.531646262434699,-0.5696210946525369,0.1311007794853335,0.10985211605421925,-0.13694039606814545,0.383475929856453,0.3876718761472058,-1.3954107703780592,0.13736134468604425,0.17117414362718958,0.1664701245768519,0.037323619508438155,-0.044729163361705446,-0.10200103028182726,0.15552142696512977,-0.04151965193614153,0.35230116125094174,1.032869087660993,0.9353104498370254,-0.04960183546457248,1,3,0,0,0,test
fde00e4d-805c-4530-bd45-f4eef372baa1,2,3,1,0.15581520357962286,0.15272743951354564,-0.07369253881837552,0.06356283223725019,0.6933199809496805,0.1313291039154367,0.1103910638872581,-0.13646217634965332,0.49204716699442913,0.9550532832979902,0.23499295461228764,-0.018484506132015514,0.1718545338416057,0.1665623351792553,0.04183476442888466,-0.044729151370680016,-0.10487734384885902,0.21378748468349307,-0.0032432498790811487,0.37535829950828636,1.1276044450815892,1.0117637180017307,-0.049601835641687346,1,2,0,0,0,test
fde00e4d-805c-4530-bd45-f4eef372baa1,3,4,1,0.15568193185045606,0.15269833846661718,-0.07346042913647555,0.7365565618939135,1.1072140299898532,0.131776619798439,0.11039925043662072,-0.13768585621755966,0.3813413736842049,0.7778394503446636,-0.09166962341144125,0.09407083056991332,0.17194665408973733,0.1663660528596165,0.04404490300589354,-0.04472914549591005,-0.09983571557406178,0.25563091712723335,0.08786703804699914,0.26537582500568707,0.7956363586260318,0.7428814143522949,-0.04960183532365208,0,0,1,1,0,test
fde00e4d-805c-4530-bd45-f4eef372baa1,4,5,1,0.15632284771163094,0.15280402121598893,-0.07463373082520068,-0.6081913532279635,-0.5169123337879623,0.13225457893878836,0.11065849116643688,-0.13847632528165546,0.31740099403081123,0.3020436552056349,-0.34994208096378804,0.19796806444861983,0.17175056410097583,0.16642765413342125,0.04206926189063627,-0.04472915074740155,-0.10471575319902578,0.35523189770219427,0.2818630182785226,0.14575371287686276,0.16593029434466916,0.21927537052965132,-0.04960183546479712,0,0,1,1,0,test
fde00e4d-805c-4530-bd45-f4eef372baa1,5,6,1,0.15634586737394154,0.15284078043316174,-0.07462097754597541,1.5072153249749312,-0.4211736710206811,0.13225254938829856,0.11067895753984341,-0.13842850330980624,0.3945914578929842,0.928992227100205,-0.8502962805060006,0.18065185880216747,0.17181210501362806,0.16631975625011103,0.04336779158508578,-0.04472914729574187,-0.104694207779048,0.5673066293102974,0.5310224358835587,0.058978195381182257,-0.1572449557399097,-0.06146249067901514,-0.04960183550822945,0,0,1,1,0,test
fde00e4d-805c-4530-bd45-f4eef372baa1,6,7,1,0.15638948357621432,0.15284997023745492,-0.07469749722132704,1.7827577552473874,-0.7198516804122438,0.13215614574003276,0.11065849116643688,-0.1382034587363982,-2.010199424893378,-0.7738958249911635,-1.9507555493962268,-5.3518758452387445,0.17170431285606327,0.1660063932485824,0.04494185579709343,-0.044729143111338764,-0.09911394400480661,0.8396855546527565,1.2450340957298491,-0.19462478836087113,-2.2295341928280528,-2.427189328570462,-0.049601835518070854,0,0,1,1,0,test
656476db-a968-4c86-8c70-2043db1bd4dc,0,1,1,0.15619078754363838,0.1527550089264252,-0.07443733032513147,-0.5271889530206336,-0.5977053015322376,0.13192782130992955,0.11045655628215903,-0.13798685333449293,0.5517244180980267,1.0684443171212603,-1.3608839409836024,0.22394237291829838,0.16806346072555003,0.16662317121984513,0.012296877902998092,-0.04472922988294963,-0.10711806752654669,0.5581656144359397,0.7238182990365178,-0.03275657505777104,-1.209743350414242,-1.08519426669439,-0.049601834938204095,0,0,0,0,1,test
656476db-a968-4c86-8c70-2043db1bd4dc,1,2,1,0.15637252171977492,0.15284078043316174,-0.07467709197456661,0.33335834374882656,-0.7090116945079792,0.13218658899737987,0.11064211806771164,-0.1383216071374374,1.513924952606642,1.8087844554147372,-0.2323219847081366,0.20662616727184602,0.17200743051900258,0.1666618154972009,0.04224513498694997,-0.044729150279884396,-0.10779674825584631,1.0504483286263195,1.1169463067273058,-0.13001622267458024,-0.9332288550879904,-0.7941476891780515,-0.049601833449752095,1,1,0,0,0,test
656476db-a968-4c86-8c70-2043db1bd4dc,2,3,1,0.15639190669856282,0.15284537533530831,-0.07471025050055231,1.8595641775197336,-0.7198897849995264,0.13215919006576748,0.11061073629515496,-0.13831035490876703,-0.47996131553650784,-0.26544408954724263,-6.325718054381396,-3.273931167664687,0.1720460369300453,0.1666488065325465,0.0426408494536558,-0.0447291492280733,-0.10757052134607978,1.4802124743532137,1.980876658158113,-0.39838919710102416,-2.6336909521642764,-3.190155793942468,-0.04960183551642478,0,0,0,0,0,test
f5e1f6ad-b2a9-4778-b90f-b1d0ac90908b,0,1,1,0.15030138867564038,0.1468520913020949,-0.07186881988916147,-1.092462915200321,-0.5390813130960119,0.12961717807728512,0.1089188494268811,-0.1347518375917521,-0.06983539874529034,0.8336011846402557,0.0700148726058614,0.30186529832732056,0.17043871060891058,0.16560081964465034,0.03834368346705764,-0.04472916065180197,-0.1044464354493037,-0.5899250787916173,-0.6110074859158101,0.3983934600524255,0.3359239052252643,0.3632254724181674,-0.04960183580301518,1,3,0,0,0,test
f5e1f6ad-b2a9-4778-b90f-b1d0ac90908b,1,2,1,0.14629233275006842,0.1463267408233338,-0.06430357465272943,-0.1460467016936862,1.312800124522014,0.12428554894056404,0.10772634206972678,-0.12243064719766089,-0.34217121353099494,-0.26178014669315286,0.25075040375901925,0.32783960679699525,0.1709860807139914,0.1652579951643455,0.04516755960402935,-0.044729142510541935,-0.09662544799737464,-0.4087717013428418,-0.44643083565686453,0.3548783265761777,0.34284036827389336,0.36899627567867027,-0.04960183540360829,0,0,0,0,0,test
f5e1f6ad-b2a9-4778-b90f-b1d0ac90908b,2,3,1,0.12912693403338557,0.14184364796230242,-0.03563165229847034,0.17600615001377226,0.22453374124584372,0.11665951297511697,0.10356757499351814,-0.10986472082998841,0.02770398530669944,0.06087760724257601,0.1805606100497435,0.2585747842111954,0.1706435921566224,0.16505826929523934,0.044071283970340595,-0.04472914542495757,-0.099631034084273,-0.22885792740292674,-0.5298946494757213,-3.9246060512436602,1.8957907980057194,1.6313242358982623,-0.04960183552357913,1,1,1,1,0,test
f5e1f6ad-b2a9-4778-b90f-b1d0ac90908b,3,4,1,0.1233962496792135,0.1399245104990731,-0.026763021925215392,0.02913807456792331,-0.3984150673219014,0.11856018700882054,0.10323601974433222,-0.11581714979663156,-0.28748696429914194,-0.0772861823137219,0.29272332566894843,0.3018652983273186,0.17044406199261947,0.1652553168480931,0.04103161062238541,-0.044729153506316406,-0.10316448296062662,-0.3200998484648894,-0.505299504100229,0.5551028742686153,1.2140228103698631,1.0813903932472153,-0.04960183533785395,1,1,1,1,0,test
f5e1f6ad-b2a9-4778-b90f-b1d0ac90908b,4,5,1,0.14739485341863007,0.14476447409349028,-0.06922634043368486,-1.3249804407324557,-0.3284981287224973,0.12836291587458484,0.10799922704848063,-0.13317089946356048,0.6535625318212044,0.31817661391250623,0.3544070148851274,0.2672328870344216,0.17064091646476795,0.165065921627389,0.043992141076999426,-0.04472914563537683,-0.08464619448973675,-0.29321264777060285,-0.45879329672191727,0.47773700267707214,1.0756663366910373,0.9698805784792982,-0.04960183535045428,0,0,1,1,0,test
f5e1f6ad-b2a9-4778-b90f-b1d0ac90908b,5,6,1,0.15410447920159095,0.15102732571930416,-0.07292224075316903,-0.8144625987066664,-0.6626779207651947,0.13101553836476165,0.10987531127741333,-0.13665627729421778,-0.12738891800028468,2.1134770129287315,0.3512701152864725,0.27589098985764393,0.17045170682648933,0.16622831088092258,0.03363614692239417,-0.04472917316420609,-0.09795049132600725,-0.24237246316422323,-0.34465047710404156,0.3602396468244933,0.6522859223914714,0.6256642140971082,-0.04960183534801108,0,0,0,0,0,test
f5e1f6ad-b2a9-4778-b90f-b1d0ac90908b,6,7,1,0.15408024797810607,0.15089254192300391,-0.07309568535063274,-0.9836436564880671,0.4607362373227708,0.13129155723137528,0.10998992296848994,-0.13718513204172672,0.07708022690567067,0.9527365792791002,0.30328030911097364,0.1287032418628142,0.17161295709131863,0.16622257163181034,0.0425851563064898,-0.04472914937609852,-0.1049527528187812,-0.11759251769028281,-0.1654995722609929,0.2723421620818306,0.2548416514785736,0.2948249539579486,-0.04960183583742641,1,2,1,1,0,test
f5e1f6ad-b2a9-4778-b90f-b1d0ac90908b,7,8,1,0.15609870889439587,0.15267689558993305,-0.07437356392900511,-0.7664727735104381,0.22126807124611308,0.1321683230429716,0.11062438054409264,-0.1383075418515994,0.16820326355295456,1.5393118348450856,0.35249632902240774,0.11138703621636761,0.17160722346591625,0.1665898835749941,0.03972721849139211,-0.04472915697259985,-0.10659020473709142,0.07825370560050582,0.1072730273427572,0.1657569450300921,-0.291670728733037,-0.18163473748379874,-0.04960183549870831,0,0,1,1,0,test
f5e1f6ad-b2a9-4778-b90f-b1d0ac90908b,8,9,1,0.15597028340992605,0.15277951507120707,-0.07393230046781066,-0.550249567816366,2.236589641214827,0.1321023626520529,0.11066394886601195,-0.13804311447784495,0.35538014664423584,1.554203714793638,0.35295433539454707,-0.21762087106619465,0.17197417549166877,0.16653708248316143,0.04294569615393289,-0.044729148417769274,-0.1050820253386478,0.3764463577470672,0.395562578304427,0.08440184035828859,-0.3785620758111596,-0.26060363326172864,-0.0496018355226713,0,0,1,1,0,test
f5e1f6ad-b2a9-4778-b90f-b1d0ac90908b,9,10,1,0.15638706045386583,0.15284997023745492,-0.07469239590963693,-0.3917868771437769,-0.5687302673563311,0.13228908129711509,0.1107062460377188,-0.13847351222448787,0.6045280613704825,0.8509752221054457,0.35246587984531264,0.12870324186281612,0.17192142613796685,0.1665963880573213,0.04208684920026764,-0.04472915070062094,-0.10739815798625764,0.6916020072231581,0.6564849979419756,0.021830181245792047,-0.22451068702372506,-0.12132678103570016,-0.04960183542218993,0,0,0,0,0,test
f5e1f6ad-b2a9-4778-b90f-b1d0ac90908b,10,11,1,0.15639190669856282,0.15284997023745492,-0.07470259853301715,1.8595980578188385,-0.7198455809133635,0.13215817529052257,0.11068987293899357,-0.13814438453587857,0.07233300692981157,1.979450093391759,0.12046662162107298,-0.08774932871780575,0.17198067360045813,0.16648007260864645,0.04343227838706747,-0.04472914712438569,-0.10466188964908137,0.9768401448852408,1.3302047020666146,-0.21517229792550194,-2.1004194902712205,-2.2221354375915423,-0.04960183570286564,0,0,1,1,0,test
4157d7da-6eb4-4cd7-a85d-4ffda47ad3ab,0,1,1,0.15637009859742643,0.15283924879911287,-0.07467454131872156,-0.2438168287846903,-0.13991869039079752,0.1322971994990743,0.11069942391324995,-0.13851008196766668,0.4848321314999582,1.1732193422968058,0.22411562045290737,0.27589098985764393,0.172062091081172,0.16668821604311723,0.042462045139070204,-0.04472914970333551,-0.10791524806572403,0.48154561318627676,0.36834032107577547,0.13627296708387415,0.3407841461056572,0.36721102159967606,-0.04960183550501547,1,2,0,0,0,test
4157d7da-6eb4-4cd7-a85d-4ffda47ad3ab,1,2,1,0.15637252171977492,0.15284384370125947,-0.0746719906628765,-0.2809591317191503,-0.7047878174110572,0.13230734725152332,0.1107062460377188,-0.13852414725350468,0.5188049741248195,1.233531757881304,-0.5219126896185404,0.28454909268087203,0.17207241160689626,0.1666885986597247,0.042538256814139475,-0.044729149500765425,-0.10792602077571291,0.6618428705202065,0.6580642636871981,0.01366090022101117,-0.3865285821789647,-0.2679035417348097,-0.0496018354974302,0,0,0,0,0,test
4157d7da-6eb4-4cd7-a85d-4ffda47ad3ab,2,3,1,0.15639190669856282,0.15284843860340605,-0.0747051491888622,1.8592911929441445,-0.7198900591318635,0.13215411618954295,0.1107062460377188,-0.13809937562119695,-2.9103870668826337,1.7584709698808108,-0.07431612989863975,0.2326004757415207,0.17207279384858976,0.16668018109436009,0.042605674834393065,-0.044729149321568594,-0.10771056657593525,0.9785665845705179,1.444631364760976,-0.251624903569259,-2.4395272872722105,-2.7964386059738393,-0.04960183552646598,0,0,1,1,0,test
19cd03cd-24b4-43ae-a574-28ab09ce5659,0,1,1,0.15638948357621432,0.15285303350555265,-0.07469239590963693,0.07215634351717808,-0.37189074197383415,0.1322961847238294,0.11070351718793126,-0.13849882973899627,0.3438021598698655,1.1047166235233794,0.24324468160506882,0.25857478421119734,0.17207164712350928,0.1666885986597247,0.042532394377595685,-0.04472914951634774,-0.10792602077571291,1.1556301076532103,1.0182683073285126,-0.053470934732919397,0.1406914703105659,0.197703829922595,-0.04960183553770866,1,1,0,0,0,test
19cd03cd-24b4-43ae-a574-28ab09ce5659,1,2,1,0.15638584889269158,0.15285303350555265,-0.07468474394210177,1.8382103097661626,-0.6768056605771892,0.1321612196162573,0.1106885085140998,-0.13815563676454898,-1.3754021619940149,0.46883267512438065,0.21018702500545225,0.319181503973771,0.17207279384858976,0.16668094632757507,0.042599812397849275,-0.04472914933715094,-0.10772133928592413,1.372338536897663,1.6020922160814055,-0.2818010682019115,-1.7783133694063114,-1.7646375997857735,-0.049601835553822256,0,0,0,0,0,test
